자동차 부품과 장비,자동차 제조업체,오토바이 제조업체,레저용 제품,자동차 소매,의류,다각화된 소비자 서비스,의류소매,가정 용품과 소비자 용품,문구류,인터넷과 카탈로그 소매,카탈로그 소매,인터넷 소매,컴퓨터와 전자제품 소매,가정 개량용품 소매,가정용 가구 소매,신발,섬유,가정용 기기,교육서비스,화장품,레저 시설,호텔,백화점,일반상점,카지노와 게임,리조트,타이어와 고무,레스토랑,액세서리,크루즈,판매업체
SNT다이내믹스,SNT다이내믹스,SNT다이내믹스,SNT다이내믹스,SNT다이내믹스,메타랩스,메타랩스,메타랩스,삼성출판사,삼성출판사,삼성출판사,삼성출판사,삼성출판사,삼성출판사,삼성출판사,삼성출판사,신세계인터내셔날,신세계인터내셔날,윌비스,윌비스,코스맥스,KB오토시스,베뉴지,베뉴지,아이비김영,강원랜드,강원랜드,경동나비엔,신세계푸드,더네이쳐홀딩스,롯데관광개발,제닉
삼성공조,메타랩스,메타랩스,삼성공조,삼성공조,호전실업,삼성출판사,삼성출판사,윌비스,모나미,신세계인터내셔날,신세계인터내셔날,신세계인터내셔날,신세계인터내셔날,신세계인터내셔날,신세계인터내셔날,호전실업,윌비스,DH오토웨어,아이비김영,토니모리,그리티,강원랜드,패션플랫폼,정상제이엘에스,롯데관광개발,남화산업,대원강업,디딤이앤에프,공구우먼,,
영화금속,삼성공조,삼성공조,삼성출판사,삼성출판사,감성코퍼레이션,인지컨트롤스,신세계인터내셔날,브랜드엑스코퍼레이션,,베뉴지,베뉴지,베뉴지,윌비스,베뉴지,베뉴지,감성코퍼레이션,대한방직,감성코퍼레이션,유비온,글로본,브랜드엑스코퍼레이션,호텔신라,대구백화점,한독크린텍,파라다이스,롯데관광개발,한국타이어앤테크놀로지,,한섬,,
인지컨트롤스,삼성출판사,삼성출판사,신세계인터내셔날,신세계인터내셔날,브랜드엑스코퍼레이션,골프존,호전실업,아이에스이커머스,,아이비김영,아이에스이커머스,아이비김영,베뉴지,아이에스이커머스,아이에스이커머스,까스텔바작,까스텔바작,위니아,정상제이엘에스,브이티,강원랜드,모두투어,세이브존I&C,하나투어,손오공,용평리조트,DN오토모티브,,,,
핸즈코퍼레이션,영화금속,영화금속,윌비스,영화금속,세이브존I&C,베뉴지,감성코퍼레이션,아이윈,,아이에스이커머스,GS리테일,아이에스이커머스,아이비김영,위니아,위니아,젬백스링크,젬백스링크,자이글,멀티캠퍼스,청담글로벌,세이브존I&C,롯데관광개발,토박스코리아,메가엠디,아이톡시,파라다이스,금호타이어,,,,
DH오토웨어,윌비스,윌비스,코스맥스,인지컨트롤스,인디에프,브랜드엑스코퍼레이션,베뉴지,위니아,,GS리테일,대구백화점,GS리테일,아이에스이커머스,자이글,자이글,토박스코리아,케이엠,코스나인,메가엠디,코스나인,인디에프,파라다이스,진도,모두투어,GKL,아난티,다이나믹디자인,,,,
KB오토시스,인지컨트롤스,인지컨트롤스,토니모리,핸즈코퍼레이션,까스텔바작,아이비김영,브랜드엑스코퍼레이션,자이글,,대구백화점,세이브존I&C,대구백화점,캐스텍코리아,GS리테일,GS리테일,백산,토박스코리아,경동나비엔,BGF리테일,클리오,호텔신라,경방,배럴,이원컴포텍,,,한국앤컴퍼니,,,,
네오티스,코스맥스,코스맥스,핸즈코퍼레이션,KB오토시스,아가방컴퍼니,아이에스이커머스,아이에스이커머스,청담글로벌,,세이브존I&C,호텔신라,세이브존I&C,GS리테일,경동나비엔,경동나비엔,영원무역,국동,신일전자,디지털대성,현대바이오,까스텔바작,신세계,에스제이그룹,디지털대성,,,화승알앤에이,,,,
대유에이피,토니모리,토니모리,DH오토웨어,네오티스,엠에프엠코리아,아이윈,GS리테일,경동나비엔,,호텔신라,까스텔바작,호텔신라,대구백화점,대구백화점,대구백화점,영원무역홀딩스,영원무역홀딩스,피코그램,세우글로벌,현대바이오랜드,이녹스,서부T&D,형지I&C,삼천리자전거,,,넥센타이어,,,,
모트렉스,핸즈코퍼레이션,핸즈코퍼레이션,KB오토시스,대유에이피,젬백스링크,유비온,대구백화점,세이브존I&C,,까스텔바작,젬백스링크,까스텔바작,세이브존I&C,세이브존I&C,세이브존I&C,조광피혁,폴라리스우노,아이스크림에듀,메가스터디교육,네오팜,유니켐,아난티,현대퓨처넷,위닉스,,,평화산업,,,,
브이씨,호전실업,호전실업,감성코퍼레이션,모트렉스,토박스코리아,정상제이엘에스,세이브존I&C,신일전자,,젬백스링크,토박스코리아,젬백스링크,하나투어,신일전자,신일전자,화승엔터프라이즈,성안,에브리봇,크레버스,씨앤씨인터내셔널,ES큐브,,크리스에프앤씨,용평리조트,,,화승코퍼레이션,,,,
삼기,DH오토웨어,DH오토웨어,그리티,베뉴지,국동,청담글로벌,인디에프,까스텔바작,,토박스코리아,BGF리테일,토박스코리아,호텔신라,호텔신라,호텔신라,휠라홀딩스,신원,오텍,모나미,아우딘퓨쳐스,남화산업,,신영와코루,평화산업,,,티에이치엔,,,,
아이윈,KB오토시스,KB오토시스,글로본,삼기,제이에스코퍼레이션,강원랜드,호텔신라,네오팜,,BGF리테일,이마트,BGF리테일,까스텔바작,까스텔바작,까스텔바작,한섬,휠라홀딩스,위닉스,비상교육,애경산업,롯데관광개발,,현대백화점,메가스터디교육,,,동아화성,,,,
엔바이오니아,감성코퍼레이션,감성코퍼레이션,네오티스,아이에스이커머스,진도,하나투어,까스텔바작,아가방컴퍼니,,이마트,태평양물산,이마트,젬백스링크,젬백스링크,젬백스링크,디케이앤디,경방,이노진,로보로보,씨티케이,영원무역홀딩스,,경방,알톤스포츠,,,동아타이어,,,,
영화테크,그리티,그리티,대유에이피,아이윈,태평양물산,한국콜마홀딩스,아가방컴퍼니,제로투세븐,,태평양물산,ES큐브,태평양물산,토박스코리아,토박스코리아,토박스코리아,코웰패션,효성티앤씨,인팩,이퓨쳐,코스메카코리아,용평리조트,,광주신세계,크레버스,,,현대모비스,,,,
유니테크노,글로본,글로본,모트렉스,엔바이오니아,더네이쳐홀딩스,호텔신라,엠에프엠코리아,젬백스링크,,ES큐브,형지I&C,ES큐브,BGF리테일,피코그램,피코그램,LS네트웍스,GH신소재,코웨이,케이티알파,한국콜마,평화산업,,신세계,한온시스템,,,효성티앤씨,,,,
캐스텍코리아,네오티스,네오티스,브랜드엑스코퍼레이션,영화테크,배럴,멀티캠퍼스,젬백스링크,피코그램,,형지I&C,세우글로벌,형지I&C,백산,BGF리테일,BGF리테일,한세엠케이,코웰패션,쿠쿠홀딩스,골드앤에스,현대퓨처넷,바른손,,LS네트웍스,손오공,,,넥센,,,,
트루윈,대유에이피,대유에이피,브이씨,유니테크노,에스제이그룹,모두투어,토박스코리아,국동,,세우글로벌,영원무역홀딩스,세우글로벌,이마트,이마트,이마트,모다이노칩,한세엠케이,쿠쿠홈시스,대교,내츄럴엔도텍,부방,,모다이노칩,크린앤사이언스,,,BGF에코머티리얼즈,,,,
한독크린텍,모트렉스,모트렉스,브이티,캐스텍코리아,위닉스,성우하이텍,BGF리테일,애경산업,,영원무역홀딩스,바른손,영원무역홀딩스,태평양물산,태평양물산,태평양물산,윙스풋,휴비스,휠라홀딩스,NE능률,바른손,알톤스포츠,,대현,삼익악기,,,DRB동일,,,,
SNT모티브,브랜드엑스코퍼레이션,브랜드엑스코퍼레이션,삼기,트루윈,형지I&C,젬백스링크,국동,이마트,,바른손,이노진,바른손,ES큐브,ES큐브,ES큐브,,모다이노칩,YW,YBM넷,이노진,파라다이스,,롯데쇼핑,서부T&D,,,동일고무벨트,,,,
경동나비엔,브이씨,브이씨,아이에스이커머스,한독크린텍,F&F,BGF리테일,이마트,태평양물산,,이노진,모나미,이노진,형지I&C,아이스크림에듀,에브리봇,,두올,신성델타테크,메가스터디,에이블씨엔씨,이월드,,,계양전기,,,에코플라스틱,,,,
대원강업,브이티,브이티,아이윈,GS리테일,신성통상,신세계푸드,제이에스코퍼레이션,ES큐브,,모나미,에이블씨엔씨,모나미,세우글로벌,에브리봇,오텍,,일신방직,에스맥,웅진씽크빅,휠라홀딩스,케이비아이동국실업,,,삼기이브이,,,,,,,
동원금속,삼기,삼기,엔바이오니아,SNT모티브,영원무역,이마트,진도,PN풍년,,에이블씨엔씨,이월드,에이블씨엔씨,영원무역홀딩스,오텍,위닉스,,씨앤투스,삼익악기,한세예스24홀딩스,본느,본느,,,아난티,,,,,,,
세원정공,아이윈,아이윈,위니아,대구백화점,영원무역홀딩스,남화산업,태평양물산,노랑풍선,,이월드,현대백화점,이월드,바른손,위닉스,형지I&C,,윙스풋,라파스,,스킨앤스킨,서부T&D,,,,,,,,,,
세종공업,엔바이오니아,엔바이오니아,자이글,대원강업,지엔코,노랑풍선,ES큐브,배럴,,현대백화점,휠라홀딩스,현대백화점,이노진,형지I&C,세우글로벌,,,와이엠,,올리패스,KG모빌리티,,,,,,,,,,
신일전자,영화테크,영화테크,청담글로벌,동원금속,크리스에프앤씨,디지털대성,더네이쳐홀딩스,삼천리자전거,,휠라홀딩스,YW,휠라홀딩스,모나미,세우글로벌,영원무역홀딩스,,,큐렉소,,신세계,씨티알모빌리티,,,,,,,,,,
유니온머티리얼,위니아,위니아,캐스텍코리아,세원정공,비비안,아이스크림에듀,배럴,아이스크림에듀,,YW,경방,YW,에이블씨엔씨,영원무역홀딩스,바른손,,,파세코,,한국화장품,BGF에코머티리얼즈,,,,,,,,,,
CBI,유니테크노,유니테크노,코스나인,세이브존I&C,신영와코루,롯데관광개발,에스제이그룹,에브리봇,,이퓨쳐,광주신세계,이퓨쳐,이월드,바른손,이노진,,,제이준코스메틱,,한국화장품제조,세기상사,,,,,,,,,,
대성파인텍,자이글,자이글,클리오,세종공업,신원,서연,위닉스,오텍,,경방,롯데하이마트,경방,현대백화점,이노진,모나미,,,모다이노칩,,라파스,THE MIDONG,,,,,,,,,,
성우하이텍,캐스텍코리아,캐스텍코리아,트루윈,호텔신라,형지엘리트,내츄럴엔도텍,형지I&C,위닉스,,광주신세계,신세계,광주신세계,휠라홀딩스,모나미,에이블씨엔씨,,,DRB동일,,엔에프씨,아난티,,,,,,,,,,
우수AMS,코스나인,코스나인,현대바이오,CBI,휠라홀딩스,오토앤,F&F,영원무역,,롯데하이마트,예스24,롯데하이마트,YW,에이블씨엔씨,이월드,,,THE MIDONG,,예스24,,,,,,,,,,,
이녹스,클리오,클리오,현대바이오랜드,까스텔바작,공구우먼,참좋은여행,세우글로벌,바른손,,신세계,코웰패션,신세계,경방,이월드,코웨이,,,원익,,제이에스티나,,,,,,,,,,,
이원컴포텍,트루윈,트루윈,SNT모티브,대성파인텍,스킨앤스킨,크레버스,신성통상,모나미,,예스24,큐렉소,예스24,광주신세계,코웨이,쿠쿠홈시스,,,하츠,,코웰패션,,,,,,,,,,,
풍강,패션플랫폼,패션플랫폼,강원랜드,성우하이텍,한섬,파라다이스,영원무역,이월드,,코웰패션,HDC현대EP,코웰패션,롯데하이마트,쿠쿠홈시스,현대백화점,,,,,LG생활건강,,,,,,,,,,,
DN오토모티브,한독크린텍,한독크린텍,경동나비엔,우수AMS,코웰패션,HL홀딩스,영원무역홀딩스,코웨이,,큐렉소,KG모빌리티,큐렉소,신세계,현대백화점,휠라홀딩스,,,,,아모레퍼시픽,,,,,,,,,,,
SG글로벌,현대바이오,현대바이오,대원강업,이원컴포텍,LF,모나미,바른손,쿠쿠홈시스,,HDC현대EP,방림,HDC현대EP,골드앤에스,휠라홀딩스,YW,,,,,제이준코스메틱,,,,,,,,,,,
모토닉,현대바이오랜드,현대바이오랜드,대한방직,젬백스링크,LS네트웍스,비상교육,이노진,휠라홀딩스,,KG모빌리티,한세엠케이,KG모빌리티,예스24,YW,본느,,,,,제닉,,,,,,,,,,,
서연이화,SNT모티브,SNT모티브,세원정공,토박스코리아,SG세계물산,코웨이,지엔코,블리츠웨이,,방림,현대홈쇼핑,방림,코웰패션,신성델타테크,신성델타테크,,,,,코디,,,,,,,,,,,
에스엠벡셀,경동나비엔,경동나비엔,세종공업,풍강,방림,로보로보,크리스에프앤씨,신성델타테크,,한세엠케이,휴비스,한세엠케이,큐렉소,경방,경방,,,,,일신방직,,,,,,,,,,,
우신시스템,대원강업,대원강업,유니온머티리얼,BGF리테일,한세엠케이,손오공,모나미,덕성,,현대홈쇼핑,그래디언트,현대홈쇼핑,HDC현대EP,광주신세계,광주신세계,,,,,잇츠한불,,,,,,,,,,,
유니켐,대한방직,대한방직,한국타이어앤테크놀로지,DN오토모티브,현대홈쇼핑,신성델타테크,비비안,한국화장품,,휴비스,모다이노칩,휴비스,KG모빌리티,롯데하이마트,덕성,,,,,실리콘투,,,,,,,,,,,
화승알앤에이,동원금속,동원금속,호텔신라,SG글로벌,모다이노칩,엑서지21,신영와코루,한섬,,그래디언트,위니아에이드,그래디언트,방림,신세계,롯데하이마트,,,,,아이패밀리에스씨,,,,,,,,,,,
대원산업,세원정공,세원정공,CBI,모토닉,코데즈컴바인,이상네트웍스,신원,제이에스티나,,모다이노칩,BYC,모다이노칩,한세엠케이,예스24,신세계,,,,,원익,,,,,,,,,,,
도이치모터스,세종공업,세종공업,까스텔바작,서연이화,대현,이퓨쳐,에이블씨엔씨,코드네이처,,위니아에이드,롯데쇼핑,위니아에이드,현대홈쇼핑,코웰패션,예스24,,,,,코리아나,,,,,,,,,,,
디와이씨,신일전자,신일전자,네오팜,에스엠벡셀,롯데쇼핑,크린앤사이언스,이월드,파세코,,커넥트웨이브,세기상사,커넥트웨이브,휴비스,큐렉소,코웰패션,,,,,,,,,,,,,,,,
오텍,유니온머티리얼,유니온머티리얼,씨앤씨인터내셔널,우신시스템,한세실업,광주신세계,현대백화점,LG생활건강,,BYC,웅진씽크빅,BYC,그래디언트,파세코,큐렉소,,,,,,,,,,,,,,,,
한일단조,인디에프,인디에프,아우딘퓨쳐스,유니켐,한세예스24홀딩스,한섬,형지엘리트,LS네트웍스,,롯데쇼핑,일신방직,롯데쇼핑,모다이노칩,HDC현대EP,파세코,,,,,,,,,,,,,,,,
넥센타이어,한국타이어앤테크놀로지,한국타이어앤테크놀로지,엠에프엠코리아,이마트,메디앙스,골드앤에스,휠라홀딩스,삼양통상,,세기상사,한세예스24홀딩스,세기상사,위니아에이드,KG모빌리티,HDC현대EP,,,,,,,,,,,,,,,,
디아이씨,CBI,CBI,우수AMS,태평양물산,,아이톡시,YW,아모레퍼시픽,,웅진씽크빅,위즈코프,웅진씽크빅,커넥트웨이브,방림,KG모빌리티,,,,,,,,,,,,,,,,
부산주공,까스텔바작,까스텔바작,이녹스,화승알앤에이,,예스24,공구우먼,골프존뉴딘홀딩스,,일신방직,윙스풋,일신방직,BYC,한세엠케이,방림,,,,,,,,,,,,,,,,
서연,네오팜,네오팜,이원컴포텍,ES큐브,,코드네이처,스킨앤스킨,메디앙스,,한세예스24홀딩스,,한세예스24홀딩스,롯데쇼핑,현대홈쇼핑,한세엠케이,,,,,,,,,,,,,,,,
지엠비코리아,대성파인텍,대성파인텍,제로투세븐,대원산업,,코웰패션,경방,아이패밀리에스씨,,위즈코프,,위즈코프,세기상사,휴비스,현대홈쇼핑,,,,,,,,,,,,,,,,
평화산업,성우하이텍,성우하이텍,젬백스링크,도이치모터스,,LS네트웍스,광주신세계,하츠,,윙스풋,,윙스풋,웅진씽크빅,그래디언트,휴비스,,,,,,,,,,,,,,,,
화승코퍼레이션,씨앤씨인터내셔널,씨앤씨인터내셔널,케이엠,디와이씨,,대교,롯데하이마트,,,,,,일신방직,모다이노칩,BGF에코머티리얼즈,,,,,,,,,,,,,,,,
다산솔루에타,아우딘퓨쳐스,아우딘퓨쳐스,토박스코리아,오텍,,동양피스톤,신세계,,,,,,한세예스24홀딩스,위니아에이드,그래디언트,,,,,,,,,,,,,,,,
모베이스전자,엠에프엠코리아,엠에프엠코리아,풍강,한일단조,,NE능률,한섬,,,,,,위즈코프,BYC,모다이노칩,,,,,,,,,,,,,,,,
새로닉스,우수AMS,우수AMS,피코그램,형지I&C,,YBM넷,예스24,,,,,,윙스풋,롯데쇼핑,위니아에이드,,,,,,,,,,,,,,,,
성창오토텍,이녹스,이녹스,국동,넥센타이어,,메가스터디,코웰패션,,,,,,,세기상사,BYC,,,,,,,,,,,,,,,,
알톤스포츠,이원컴포텍,이원컴포텍,금호타이어,디아이씨,,모다이노칩,큐렉소,,,,,,,웅진씽크빅,롯데쇼핑,,,,,,,,,,,,,,,,
오토앤,제로투세븐,제로투세븐,백산,부산주공,,위니아에이드,HDC현대EP,,,,,,,일신방직,세기상사,,,,,,,,,,,,,,,,
우리산업홀딩스,케이엠,케이엠,애경산업,서연,,커넥트웨이브,KG모빌리티,,,,,,,한세예스24홀딩스,웅진씽크빅,,,,,,,,,,,,,,,,
HL홀딩스,풍강,풍강,에스엠벡셀,세우글로벌,,코데즈컴바인,LF,,,,,,,위즈코프,일신방직,,,,,,,,,,,,,,,,
기아,피코그램,피코그램,유니켐,영원무역홀딩스,,GKL,LS네트웍스,,,,,,,윙스풋,한세예스24홀딩스,,,,,,,,,,,,,,,,
명신산업,BGF리테일,BGF리테일,제이에스코퍼레이션,지엠비코리아,,동일고무벨트,SG세계물산,,,,,,,하츠,위즈코프,,,,,,,,,,,,,,,,
에스엘,DN오토모티브,DN오토모티브,진도,평화산업,,세기상사,방림,,,,,,,,윙스풋,,,,,,,,,,,,,,,,
인팩,SG글로벌,SG글로벌,한국앤컴퍼니,화승코퍼레이션,,웅진씽크빅,한세엠케이,,,,,,,,하츠,,,,,,,,,,,,,,,,
일진하이솔루스,국동,국동,화승알앤에이,다산솔루에타,,실리콘투,현대홈쇼핑,,,,,,,,,,,,,,,,,,,,,,,,
케이비아이동국실업,금호타이어,금호타이어,ES큐브,모베이스전자,,씨앤투스,휴비스,,,,,,,,,,,,,,,,,,,,,,,,
코웨이,다이나믹디자인,다이나믹디자인,배럴,바른손,,아난티,그래디언트,,,,,,,,,,,,,,,,,,,,,,,,
태원물산,모토닉,모토닉,씨티케이,성창오토텍,,아이패밀리에스씨,모다이노칩,,,,,,,,,,,,,,,,,,,,,,,,
티에이치엔,백산,백산,에스제이그룹,오토앤,,위즈코프,위니아에이드,,,,,,,,,,,,,,,,,,,,,,,,
한국무브넥스,서연이화,서연이화,오로라,우리산업홀딩스,,,코데즈컴바인,,,,,,,,,,,,,,,,,,,,,,,,
한온시스템,신세계푸드,신세계푸드,위닉스,이노진,,,BYC,,,,,,,,,,,,,,,,,,,,,,,,
휠라홀딩스,애경산업,애경산업,코스메카코리아,HL홀딩스,,,대현,,,,,,,,,,,,,,,,,,,,,,,,
YW,에스엠벡셀,에스엠벡셀,F&F,기아,,,롯데쇼핑,,,,,,,,,,,,,,,,,,,,,,,,
네오오토,우신시스템,우신시스템,넥센타이어,명신산업,,,세기상사,,,,,,,,,,,,,,,,,,,,,,,,
동아화성,유니켐,유니켐,롯데관광개발,모나미,,,웅진씽크빅,,,,,,,,,,,,,,,,,,,,,,,,
로보로보,이마트,이마트,세우글로벌,에스엘,,,일신방직,,,,,,,,,,,,,,,,,,,,,,,,
삼보모터스,제이에스코퍼레이션,제이에스코퍼레이션,영원무역,에이블씨엔씨,,,한세실업,,,,,,,,,,,,,,,,,,,,,,,,
스킨앤스킨,진도,진도,지엠비코리아,이월드,,,한세예스24홀딩스,,,,,,,,,,,,,,,,,,,,,,,,
신성델타테크,태평양물산,태평양물산,한국콜마,인팩,,,메디앙스,,,,,,,,,,,,,,,,,,,,,,,,
에스맥,한국앤컴퍼니,한국앤컴퍼니,화승코퍼레이션,일진하이솔루스,,,위즈코프,,,,,,,,,,,,,,,,,,,,,,,,
에코캡,화승알앤에이,화승알앤에이,내츄럴엔도텍,케이비아이동국실업,,,윙스풋,,,,,,,,,,,,,,,,,,,,,,,,
엔브이에이치코리아,ES큐브,ES큐브,디딤이앤에프,태원물산,,,,,,,,,,,,,,,,,,,,,,,,,,,
엠에스오토텍,대원산업,대원산업,모베이스전자,티에이치엔,,,,,,,,,,,,,,,,,,,,,,,,,,,
오스템,더네이쳐홀딩스,더네이쳐홀딩스,바른손,한국무브넥스,,,,,,,,,,,,,,,,,,,,,,,,,,,
유니크,도이치모터스,디와이씨,새로닉스,한온시스템,,,,,,,,,,,,,,,,,,,,,,,,,,,
크린앤사이언스,디와이씨,배럴,성창오토텍,현대백화점,,,,,,,,,,,,,,,,,,,,,,,,,,,
폴라리스세원,배럴,삼천리자전거,알톤스포츠,휠라홀딩스,,,,,,,,,,,,,,,,,,,,,,,,,,,
피에이치에이,삼천리자전거,씨티케이,오토앤,YW,,,,,,,,,,,,,,,,,,,,,,,,,,,
한국큐빅,씨티케이,에브리봇,이노진,네오오토,,,,,,,,,,,,,,,,,,,,,,,,,,,
SNT홀딩스,에브리봇,에스제이그룹,HL홀딩스,동아화성,,,,,,,,,,,,,,,,,,,,,,,,,,,
대유에이텍,에스제이그룹,오텍,명신산업,삼보모터스,,,,,,,,,,,,,,,,,,,,,,,,,,,
덕성,오텍,위닉스,비비안,신성델타테크,,,,,,,,,,,,,,,,,,,,,,,,,,,
동아타이어,위닉스,코스메카코리아,성안,에스맥,,,,,,,,,,,,,,,,,,,,,,,,,,,
롯데하이마트,코스메카코리아,한일단조,신영와코루,에코캡,,,,,,,,,,,,,,,,,,,,,,,,,,,
삼원강재,한일단조,형지I&C,에스엘,엔브이에이치코리아,,,,,,,,,,,,,,,,,,,,,,,,,,,
삼익악기,형지I&C,F&F,에이블씨엔씨,엠에스오토텍,,,,,,,,,,,,,,,,,,,,,,,,,,,
케이카,F&F,넥센타이어,인팩,오스템,,,,,,,,,,,,,,,,,,,,,,,,,,,
현대모비스,넥센타이어,디아이씨,조광피혁,유니크,,,,,,,,,,,,,,,,,,,,,,,,,,,
GH신소재,디아이씨,부산주공,코웨이,크린앤사이언스,,,,,,,,,,,,,,,,,,,,,,,,,,,
경창산업,부산주공,서연,쿠쿠홈시스,폴라리스세원,,,,,,,,,,,,,,,,,,,,,,,,,,,
모베이스,서연,세우글로벌,티에이치엔,피에이치에이,,,,,,,,,,,,,,,,,,,,,,,,,,,
와이엠,세우글로벌,신성통상,형지엘리트,한국큐빅,,,,,,,,,,,,,,,,,,,,,,,,,,,
유라테크,신성통상,영원무역,화승엔터프라이즈,경방,,,,,,,,,,,,,,,,,,,,,,,,,,,
일지테크,영원무역,영원무역홀딩스,휠라홀딩스,광주신세계,,,,,,,,,,,,,,,,,,,,,,,,,,,
코웰패션,영원무역홀딩스,지엠비코리아,YW,대유에이텍,,,,,,,,,,,,,,,,,,,,,,,,,,,
화신정공,지엠비코리아,평화산업,동아화성,덕성,,,,,,,,,,,,,,,,,,,,,,,,,,,
HDC현대EP,평화산업,플레이그램,로보로보,동아타이어,,,,,,,,,,,,,,,,,,,,,,,,,,,
KG모빌리티,플레이그램,한국콜마,본느,롯데하이마트,,,,,,,,,,,,,,,,,,,,,,,,,,,
KR모터스,한국콜마,화승코퍼레이션,삼보모터스,삼원강재,,,,,,,,,,,,,,,,,,,,,,,,,,,
넥센,화승코퍼레이션,내츄럴엔도텍,스킨앤스킨,신세계,,,,,,,,,,,,,,,,,,,,,,,,,,,
대우부품,내츄럴엔도텍,다산솔루에타,에스맥,케이카,,,,,,,,,,,,,,,,,,,,,,,,,,,
동양피스톤,다산솔루에타,모베이스전자,에코캡,현대모비스,,,,,,,,,,,,,,,,,,,,,,,,,,,
새론오토모티브,모베이스전자,바른손,엑서지21,GH신소재,,,,,,,,,,,,,,,,,,,,,,,,,,,
씨티알모빌리티,바른손,부방,엠에스오토텍,경창산업,,,,,,,,,,,,,,,,,,,,,,,,,,,
BGF에코머티리얼즈,부방,새로닉스,올리패스,모베이스,,,,,,,,,,,,,,,,,,,,,,,,,,,
구영테크,새로닉스,성창오토텍,이퓨쳐,예스24,,,,,,,,,,,,,,,,,,,,,,,,,,,
대동금속,성창오토텍,알톤스포츠,크린앤사이언스,와이엠,,,,,,,,,,,,,,,,,,,,,,,,,,,
디젠스,알톤스포츠,우리산업홀딩스,피에이치에이,유라테크,,,,,,,,,,,,,,,,,,,,,,,,,,,
모다이노칩,오토앤,이노진,한국큐빅,일지테크,,,,,,,,,,,,,,,,,,,,,,,,,,,
아이에이,우리산업홀딩스,지엔코,대원화성,코웰패션,,,,,,,,,,,,,,,,,,,,,,,,,,,
커넥트웨이브,이노진,크리스에프앤씨,덕성,큐렉소,,,,,,,,,,,,,,,,,,,,,,,,,,,
코리아에프티,지엔코,폴라리스우노,동아타이어,화신정공,,,,,,,,,,,,,,,,,,,,,,,,,,,
티피씨글로벌,크리스에프앤씨,기아,롯데하이마트,HDC현대EP,,,,,,,,,,,,,,,,,,,,,,,,,,,
현대공업,폴라리스우노,명신산업,삼원강재,KG모빌리티,,,,,,,,,,,,,,,,,,,,,,,,,,,
DRB동일,HL홀딩스,비비안,삼익악기,넥센,,,,,,,,,,,,,,,,,,,,,,,,,,,
HL만도,기아,성안,한국화장품제조,대우부품,,,,,,,,,,,,,,,,,,,,,,,,,,,
계양전기,명신산업,신영와코루,현대모비스,동양피스톤,,,,,,,,,,,,,,,,,,,,,,,,,,,
금호에이치티,비비안,신원,효성티앤씨,방림,,,,,,,,,,,,,,,,,,,,,,,,,,,
대유플러스,성안,에스엘,GH신소재,새론오토모티브,,,,,,,,,,,,,,,,,,,,,,,,,,,
동일고무벨트,신영와코루,에이블씨엔씨,디케이앤디,씨티알모빌리티,,,,,,,,,,,,,,,,,,,,,,,,,,,
두올,신원,이월드,라파스,한세엠케이,,,,,,,,,,,,,,,,,,,,,,,,,,,
상신브레이크,에스엘,인팩,모베이스,현대홈쇼핑,,,,,,,,,,,,,,,,,,,,,,,,,,,
세방전지,에이블씨엔씨,일진하이솔루스,세화피앤씨,휴비스,,,,,,,,,,,,,,,,,,,,,,,,,,,
체시스,이월드,조광피혁,엔에프씨,BGF에코머티리얼즈,,,,,,,,,,,,,,,,,,,,,,,,,,,
평화홀딩스,인팩,케이비아이동국실업,와이엠,구영테크,,,,,,,,,,,,,,,,,,,,,,,,,,,
현대위아,일진하이솔루스,코웨이,유라테크,그래디언트,,,,,,,,,,,,,,,,,,,,,,,,,,,
화신,조광피혁,쿠쿠홀딩스,일지테크,대동금속,,,,,,,,,,,,,,,,,,,,,,,,,,,
삼기이브이,케이비아이동국실업,태원물산,제이에스티나,디젠스,,,,,,,,,,,,,,,,,,,,,,,,,,,
서연탑메탈,코웨이,티에이치엔,코웰패션,모다이노칩,,,,,,,,,,,,,,,,,,,,,,,,,,,
서진오토모티브,쿠쿠홀딩스,한국무브넥스,화신정공,아이에이,,,,,,,,,,,,,,,,,,,,,,,,,,,
세동,태원물산,한온시스템,HDC현대EP,위니아에이드,,,,,,,,,,,,,,,,,,,,,,,,,,,
에코플라스틱,티에이치엔,현대백화점,KG모빌리티,코리아에프티,,,,,,,,,,,,,,,,,,,,,,,,,,,
오리엔트정공,한국무브넥스,형지엘리트,LG생활건강,티피씨글로벌,,,,,,,,,,,,,,,,,,,,,,,,,,,
우리산업,한온시스템,화승엔터프라이즈,SG세계물산,현대공업,,,,,,,,,,,,,,,,,,,,,,,,,,,
원익,현대백화점,휠라홀딩스,넥센,BYC,,,,,,,,,,,,,,,,,,,,,,,,,,,
한주라이트메탈,형지엘리트,공구우먼,대우부품,DRB동일,,,,,,,,,,,,,,,,,,,,,,,,,,,
,화승엔터프라이즈,네오오토,방림,HL만도,,,,,,,,,,,,,,,,,,,,,,,,,,,
,휠라홀딩스,동아화성,삼양통상,계양전기,,,,,,,,,,,,,,,,,,,,,,,,,,,
,공구우먼,로보로보,아모레퍼시픽,금호에이치티,,,,,,,,,,,,,,,,,,,,,,,,,,,
,네오오토,본느,제이준코스메틱,대유플러스,,,,,,,,,,,,,,,,,,,,,,,,,,,
,동아화성,블리츠웨이,한세엠케이,두올,,,,,,,,,,,,,,,,,,,,,,,,,,,
,로보로보,삼보모터스,휴비스,롯데쇼핑,,,,,,,,,,,,,,,,,,,,,,,,,,,
,본느,스킨앤스킨,BGF에코머티리얼즈,상신브레이크,,,,,,,,,,,,,,,,,,,,,,,,,,,
,블리츠웨이,신성델타테크,구영테크,세기상사,,,,,,,,,,,,,,,,,,,,,,,,,,,
,삼보모터스,에스맥,대동금속,세방전지,,,,,,,,,,,,,,,,,,,,,,,,,,,
,스킨앤스킨,에코캡,모다이노칩,웅진씽크빅,,,,,,,,,,,,,,,,,,,,,,,,,,,
,신성델타테크,엑서지21,위니아에이드,일신방직,,,,,,,,,,,,,,,,,,,,,,,,,,,
,에스맥,엔브이에이치코리아,제닉,체시스,,,,,,,,,,,,,,,,,,,,,,,,,,,
,에코캡,엠에스오토텍,커넥트웨이브,평화홀딩스,,,,,,,,,,,,,,,,,,,,,,,,,,,
,엑서지21,오스템,코디,한세예스24홀딩스,,,,,,,,,,,,,,,,,,,,,,,,,,,
,엔브이에이치코리아,올리패스,현대공업,현대위아,,,,,,,,,,,,,,,,,,,,,,,,,,,
,엠에스오토텍,원풍물산,BYC,화신,,,,,,,,,,,,,,,,,,,,,,,,,,,
,오스템,유니크,DRB동일,삼기이브이,,,,,,,,,,,,,,,,,,,,,,,,,,,
,올리패스,이상네트웍스,계양전기,서연탑메탈,,,,,,,,,,,,,,,,,,,,,,,,,,,
,원풍물산,크린앤사이언스,금호에이치티,서진오토모티브,,,,,,,,,,,,,,,,,,,,,,,,,,,
,유니크,폴라리스세원,동일고무벨트,세동,,,,,,,,,,,,,,,,,,,,,,,,,,,
,이상네트웍스,피에이치에이,롯데쇼핑,에코플라스틱,,,,,,,,,,,,,,,,,,,,,,,,,,,
,크린앤사이언스,한국큐빅,세기상사,오리엔트정공,,,,,,,,,,,,,,,,,,,,,,,,,,,
,폴라리스세원,SNT홀딩스,일신방직,우리산업,,,,,,,,,,,,,,,,,,,,,,,,,,,
,피에이치에이,경방,잇츠한불,위즈코프,,,,,,,,,,,,,,,,,,,,,,,,,,,
,한국큐빅,대원화성,전방,윙스풋,,,,,,,,,,,,,,,,,,,,,,,,,,,
,SNT홀딩스,대유에이텍,한세실업,한주라이트메탈,,,,,,,,,,,,,,,,,,,,,,,,,,,
,경방,덕성,화신,,,,,,,,,,,,,,,,,,,,,,,,,,,,
,대원화성,동아타이어,THE MIDONG,,,,,,,,,,,,,,,,,,,,,,,,,,,,
,대유에이텍,삼원강재,메디앙스,,,,,,,,,,,,,,,,,,,,,,,,,,,,
,덕성,삼익악기,삼기이브이,,,,,,,,,,,,,,,,,,,,,,,,,,,,
,동아타이어,신세계,서진오토모티브,,,,,,,,,,,,,,,,,,,,,,,,,,,,
,삼원강재,한국화장품,세동,,,,,,,,,,,,,,,,,,,,,,,,,,,,
,삼익악기,한국화장품제조,실리콘투,,,,,,,,,,,,,,,,,,,,,,,,,,,,
,신세계,한섬,씨앤투스,,,,,,,,,,,,,,,,,,,,,,,,,,,,
,케이카,현대모비스,아난티,,,,,,,,,,,,,,,,,,,,,,,,,,,,
,한국화장품,효성티앤씨,아이패밀리에스씨,,,,,,,,,,,,,,,,,,,,,,,,,,,,
,한국화장품제조,GH신소재,에코플라스틱,,,,,,,,,,,,,,,,,,,,,,,,,,,,
,한섬,경창산업,윙스풋,,,,,,,,,,,,,,,,,,,,,,,,,,,,
,현대모비스,디케이앤디,코리아나,,,,,,,,,,,,,,,,,,,,,,,,,,,,
,효성티앤씨,라파스,하츠,,,,,,,,,,,,,,,,,,,,,,,,,,,,
,GH신소재,모베이스,,,,,,,,,,,,,,,,,,,,,,,,,,,,,
,경창산업,세화피앤씨,,,,,,,,,,,,,,,,,,,,,,,,,,,,,
,디케이앤디,에스티오,,,,,,,,,,,,,,,,,,,,,,,,,,,,,
,라파스,엔에프씨,,,,,,,,,,,,,,,,,,,,,,,,,,,,,
,모베이스,와이엠,,,,,,,,,,,,,,,,,,,,,,,,,,,,,
,세화피앤씨,유라테크,,,,,,,,,,,,,,,,,,,,,,,,,,,,,
,에스티오,일지테크,,,,,,,,,,,,,,,,,,,,,,,,,,,,,
,엔에프씨,제이에스티나,,,,,,,,,,,,,,,,,,,,,,,,,,,,,
,와이엠,파세코,,,,,,,,,,,,,,,,,,,,,,,,,,,,,
,유라테크,화신정공,,,,,,,,,,,,,,,,,,,,,,,,,,,,,
,일지테크,HDC현대EP,,,,,,,,,,,,,,,,,,,,,,,,,,,,,
,제이에스티나,KG모빌리티,,,,,,,,,,,,,,,,,,,,,,,,,,,,,
,코웰패션,KR모터스,,,,,,,,,,,,,,,,,,,,,,,,,,,,,
,파세코,LF,,,,,,,,,,,,,,,,,,,,,,,,,,,,,
,화신정공,LG생활건강,,,,,,,,,,,,,,,,,,,,,,,,,,,,,
,HDC현대EP,LS네트웍스,,,,,,,,,,,,,,,,,,,,,,,,,,,,,
,KG모빌리티,SG세계물산,,,,,,,,,,,,,,,,,,,,,,,,,,,,,
,KR모터스,넥센,,,,,,,,,,,,,,,,,,,,,,,,,,,,,
,LF,대우부품,,,,,,,,,,,,,,,,,,,,,,,,,,,,,
,LG생활건강,동양피스톤,,,,,,,,,,,,,,,,,,,,,,,,,,,,,
,LS네트웍스,방림,,,,,,,,,,,,,,,,,,,,,,,,,,,,,
,SG세계물산,삼양통상,,,,,,,,,,,,,,,,,,,,,,,,,,,,,
,넥센,새론오토모티브,,,,,,,,,,,,,,,,,,,,,,,,,,,,,
,대우부품,씨티알모빌리티,,,,,,,,,,,,,,,,,,,,,,,,,,,,,
,동양피스톤,아모레퍼시픽,,,,,,,,,,,,,,,,,,,,,,,,,,,,,
,방림,제이준코스메틱,,,,,,,,,,,,,,,,,,,,,,,,,,,,,
,삼양통상,현대홈쇼핑,,,,,,,,,,,,,,,,,,,,,,,,,,,,,
,새론오토모티브,휴비스,,,,,,,,,,,,,,,,,,,,,,,,,,,,,
,씨티알모빌리티,BGF에코머티리얼즈,,,,,,,,,,,,,,,,,,,,,,,,,,,,,
,아모레퍼시픽,구영테크,,,,,,,,,,,,,,,,,,,,,,,,,,,,,
,제이준코스메틱,대동금속,,,,,,,,,,,,,,,,,,,,,,,,,,,,,
,현대홈쇼핑,디젠스,,,,,,,,,,,,,,,,,,,,,,,,,,,,,
,휴비스,모다이노칩,,,,,,,,,,,,,,,,,,,,,,,,,,,,,
,BGF에코머티리얼즈,아이에이,,,,,,,,,,,,,,,,,,,,,,,,,,,,,
,구영테크,위니아에이드,,,,,,,,,,,,,,,,,,,,,,,,,,,,,
,대동금속,제닉,,,,,,,,,,,,,,,,,,,,,,,,,,,,,
,디젠스,코데즈컴바인,,,,,,,,,,,,,,,,,,,,,,,,,,,,,
,모다이노칩,코디,,,,,,,,,,,,,,,,,,,,,,,,,,,,,
,아이에이,코리아에프티,,,,,,,,,,,,,,,,,,,,,,,,,,,,,
,위니아에이드,티피씨글로벌,,,,,,,,,,,,,,,,,,,,,,,,,,,,,
,제닉,현대공업,,,,,,,,,,,,,,,,,,,,,,,,,,,,,
,코데즈컴바인,BYC,,,,,,,,,,,,,,,,,,,,,,,,,,,,,
,코디,DRB동일,,,,,,,,,,,,,,,,,,,,,,,,,,,,,
,코리아에프티,HL만도,,,,,,,,,,,,,,,,,,,,,,,,,,,,,
,티피씨글로벌,계양전기,,,,,,,,,,,,,,,,,,,,,,,,,,,,,
,현대공업,금호에이치티,,,,,,,,,,,,,,,,,,,,,,,,,,,,,
,BYC,대유플러스,,,,,,,,,,,,,,,,,,,,,,,,,,,,,
,DRB동일,대현,,,,,,,,,,,,,,,,,,,,,,,,,,,,,
,HL만도,동일고무벨트,,,,,,,,,,,,,,,,,,,,,,,,,,,,,
,계양전기,두올,,,,,,,,,,,,,,,,,,,,,,,,,,,,,
,금호에이치티,상신브레이크,,,,,,,,,,,,,,,,,,,,,,,,,,,,,
,대유플러스,세기상사,,,,,,,,,,,,,,,,,,,,,,,,,,,,,
,대현,세방전지,,,,,,,,,,,,,,,,,,,,,,,,,,,,,
,동일고무벨트,웅진씽크빅,,,,,,,,,,,,,,,,,,,,,,,,,,,,,
,두올,일신방직,,,,,,,,,,,,,,,,,,,,,,,,,,,,,
,상신브레이크,잇츠한불,,,,,,,,,,,,,,,,,,,,,,,,,,,,,
,세기상사,전방,,,,,,,,,,,,,,,,,,,,,,,,,,,,,
,세방전지,체시스,,,,,,,,,,,,,,,,,,,,,,,,,,,,,
,웅진씽크빅,평화홀딩스,,,,,,,,,,,,,,,,,,,,,,,,,,,,,
,일신방직,한세실업,,,,,,,,,,,,,,,,,,,,,,,,,,,,,
,잇츠한불,한세예스24홀딩스,,,,,,,,,,,,,,,,,,,,,,,,,,,,,
,전방,현대위아,,,,,,,,,,,,,,,,,,,,,,,,,,,,,
,체시스,화신,,,,,,,,,,,,,,,,,,,,,,,,,,,,,
,평화홀딩스,THE MIDONG,,,,,,,,,,,,,,,,,,,,,,,,,,,,,
,한세실업,메디앙스,,,,,,,,,,,,,,,,,,,,,,,,,,,,,
,한세예스24홀딩스,삼기이브이,,,,,,,,,,,,,,,,,,,,,,,,,,,,,
,현대위아,서연탑메탈,,,,,,,,,,,,,,,,,,,,,,,,,,,,,
,화신,서진오토모티브,,,,,,,,,,,,,,,,,,,,,,,,,,,,,
,THE MIDONG,세동,,,,,,,,,,,,,,,,,,,,,,,,,,,,,
,메디앙스,씨앤투스,,,,,,,,,,,,,,,,,,,,,,,,,,,,,
,삼기이브이,아난티,,,,,,,,,,,,,,,,,,,,,,,,,,,,,
,서연탑메탈,아이패밀리에스씨,,,,,,,,,,,,,,,,,,,,,,,,,,,,,
,서진오토모티브,에코플라스틱,,,,,,,,,,,,,,,,,,,,,,,,,,,,,
,세동,오리엔트정공,,,,,,,,,,,,,,,,,,,,,,,,,,,,,
,씨앤투스,우리산업,,,,,,,,,,,,,,,,,,,,,,,,,,,,,
,아난티,원익,,,,,,,,,,,,,,,,,,,,,,,,,,,,,
,아이패밀리에스씨,코리아나,,,,,,,,,,,,,,,,,,,,,,,,,,,,,
,에코플라스틱,하츠,,,,,,,,,,,,,,,,,,,,,,,,,,,,,
,오리엔트정공,한주라이트메탈,,,,,,,,,,,,,,,,,,,,,,,,,,,,,
,우리산업,,,,,,,,,,,,,,,,,,,,,,,,,,,,,,
,원익,,,,,,,,,,,,,,,,,,,,,,,,,,,,,,
,코리아나,,,,,,,,,,,,,,,,,,,,,,,,,,,,,,
,하츠,,,,,,,,,,,,,,,,,,,,,,,,,,,,,,
,한주라이트메탈,,,,,,,,,,,,,,,,,,,,,,,,,,,,,,
