자동차부품,자동차,가정용 기기와 용품,레저용 장비와 제품,"섬유, 의류, 신발, 호화품",화장품,문구류,호텔,카지노와 게임,리조트,크루즈,레저 시설,레스토랑,다각화된 소비자 서비스,판매업체,인터넷과 카탈로그 소매,백화점과 일반상점,전문소매,교육서비스
인지컨트롤스,패션플랫폼,세이브존I&C,동일고무벨트,세이브존I&C,본느,삼성출판사,신세계,GKL,롯데관광개발,롯데관광개발,본느,신세계푸드,인지컨트롤스,제닉,세기상사,패션플랫폼,인지컨트롤스,유비온
동일고무벨트,인지컨트롤스,한국화장품,넥센타이어,제이에스코퍼레이션,한국화장품,모나미,롯데관광개발,롯데관광개발,남화산업,,세기상사,디딤이앤에프,동일고무벨트,,GS리테일,세이브존I&C,세이브존I&C,로보로보
동양피스톤,동일고무벨트,위닉스,위닉스,위닉스,이노진,,모두투어,파라다이스,아난티,,세이브존I&C,,세기상사,,세이브존I&C,위닉스,동양피스톤,YBM넷
넥센타이어,동양피스톤,이노진,이노진,메타랩스,스킨앤스킨,,경방,손오공,용평리조트,,알톤스포츠,,골프존,,삼성출판사,베뉴지,넥센타이어,메가스터디
핸즈코퍼레이션,넥센타이어,신성델타테크,쿠쿠홈시스,지엔코,글로본,,아난티,아이톡시,파라다이스,,THE MIDONG,,유비온,,이노진,알톤스포츠,위닉스,모나미
DRB동일,위닉스,삼성출판사,글로본,화승엔터프라이즈,토니모리,,베뉴지,강원랜드,강원랜드,,이월드,,동양피스톤,,베뉴지,한온시스템,이노진,비상교육
디와이씨,이노진,국동,핸즈코퍼레이션,윙스풋,코디,,호텔신라,,,,파라다이스,,삼성출판사,,위즈코프,삼익악기,지엔코,윌비스
삼보모터스,지엔코,쿠쿠홈시스,제로투세븐,국동,LG생활건강,,서부T&D,,,,케이비아이동국실업,,메타랩스,,아이에스이커머스,모두투어,쿠쿠홈시스,디지털대성
오리엔트정공,핸즈코퍼레이션,감성코퍼레이션,LG생활건강,SG세계물산,애경산업,,파라다이스,,,,부방,,오토앤,,큐렉소,배럴,핸즈코퍼레이션,웅진씽크빅
동아타이어,글로본,THE MIDONG,THE MIDONG,감성코퍼레이션,코스맥스,,강원랜드,,,,KB오토시스,,신성델타테크,,이월드,계양전기,이월드,정상제이엘에스
대성파인텍,제로투세븐,큐렉소,코스맥스,스킨앤스킨,코리아나,,,,,,롯데관광개발,,베뉴지,,모나미,에스제이그룹,DRB동일,한세예스24홀딩스
현대공업,이월드,아이에스이커머스,DRB동일,영원무역,제이에스티나,,,,,,KG모빌리티,,위즈코프,,BYC,디지털대성,디와이씨,메가엠디
다산솔루에타,LG생활건강,제로투세븐,롯데관광개발,한섬,일신방직,,,,,,이녹스,,로보로보,,KG모빌리티,대구백화점,삼보모터스,세우글로벌
계양전기,코스맥스,DRB동일,삼보모터스,한세실업,바른손,,,,,,바른손,,아이에스이커머스,,일신방직,모다이노칩,오리엔트정공,크레버스
HDC현대EP,부방,자이글,동아타이어,더네이쳐홀딩스,에이블씨엔씨,,,,,,까스텔바작,,신세계푸드,,롯데하이마트,크리스에프앤씨,동아타이어,이퓨쳐
경동나비엔,DRB동일,애경산업,엑서지21,F&F,클리오,,,,,,영원무역홀딩스,,한섬,,위니아에이드,신세계,대성파인텍,케이티알파
대동금속,디와이씨,삼익악기,현대공업,일신방직,엔에프씨,,,,,,씨티알모빌리티,,참좋은여행,,바른손,정상제이엘에스,현대공업,멀티캠퍼스
한주라이트메탈,THE MIDONG,모나미,계양전기,배럴,네오팜,,,,,,ES큐브,,파라다이스,,에이블씨엔씨,메가엠디,다산솔루에타,BGF리테일
와이엠,삼보모터스,이월드,전방,폴라리스우노,라파스,,,,,,강원랜드,,모나미,,까스텔바작,크레버스,계양전기,아이비김영
우리산업홀딩스,오리엔트정공,한섬,HDC현대EP,윌비스,신세계,,,,,,브랜드엑스코퍼레이션,,청담글로벌,,YW,삼기이브이,HDC현대EP,대교
HL만도,동아타이어,LG생활건강,경동나비엔,까스텔바작,아이패밀리에스씨,,,,,,남화산업,,YBM넷,,HDC현대EP,신영와코루,경동나비엔,NE능률
SG글로벌,엑서지21,골프존뉴딘홀딩스,에스제이그룹,조광피혁,제닉,,,,,,유니켐,,메가스터디,,영원무역홀딩스,용평리조트,에스제이그룹,골드앤에스
경창산업,대성파인텍,제이에스티나,대동금속,에스제이그룹,휠라홀딩스,,,,,,용평리조트,,롯데관광개발,,커넥트웨이브,크린앤사이언스,대동금속,메가스터디교육
화신,현대공업,삼양통상,와이엠,영원무역홀딩스,예스24,,,,,,인디에프,,모두투어,,대구백화점,서부T&D,한주라이트메탈,
유니온머티리얼,다산솔루에타,에브리봇,네오팜,비비안,코웰패션,,,,,,서부T&D,,GKL,,이마트,현대퓨처넷,신원,
DH오토웨어,계양전기,배럴,화신,신원,브이티,,,,,,그리티,,엑서지21,,ES큐브,대현,와이엠,
화승알앤에이,전방,바른손,세우글로벌,백산,한국콜마,,,,,,평화산업,,위니아에이드,,모다이노칩,토박스코리아,우리산업홀딩스,
원익,HDC현대EP,윌비스,유니온머티리얼,성안,씨앤씨인터내셔널,,,,,,아난티,,HL홀딩스,,신세계,LS네트웍스,대구백화점,
태원물산,경동나비엔,YW,신영와코루,모다이노칩,현대바이오랜드,,,,,,BGF에코머티리얼즈,,비상교육,,웅진씽크빅,경방,이마트,
부산주공,에스제이그룹,까스텔바작,디케이앤디,크리스에프앤씨,한국화장품제조,,,,,,호텔신라,,아이윈,,한세예스24홀딩스,하나투어,신세계,
한독크린텍,대동금속,경동나비엔,한국화장품제조,한세예스24홀딩스,잇츠한불,,,,,,,,디지털대성,,그래디언트,롯데쇼핑,파세코,
세동,쿠쿠홀딩스,아이윈,DH오토웨어,브랜드엑스코퍼레이션,내츄럴엔도텍,,,,,,,,커넥트웨이브,,휠라홀딩스,진도,한세예스24홀딩스,
금호에이치티,신원,PN풍년,오로라,GH신소재,현대퓨처넷,,,,,,,,이마트,,예스24,광주신세계,그래디언트,
KR모터스,와이엠,쿠쿠홀딩스,화승알앤에이,두올,원익,,,,,,,,아이톡시,,태평양물산,평화산업,HL만도,
대유에이텍,한주라이트메탈,와이엠,씨티케이,씨앤투스,씨티케이,,,,,,,,강원랜드,,세우글로벌,아난티,SG글로벌,
서연탑메탈,네오팜,라파스,롯데쇼핑,휠라홀딩스,제이준코스메틱,,,,,,,,모다이노칩,,코웰패션,이원컴포텍,경창산업,
풍강,우리산업홀딩스,네오팜,아난티,효성티앤씨,아우딘퓨쳐스,,,,,,,,웅진씽크빅,,한세엠케이,한독크린텍,화신,
유라테크,이마트,이마트,실리콘투,아가방컴퍼니,실리콘투,,,,,,,,정상제이엘에스,,이퓨쳐,현대백화점,세우글로벌,
오토앤,신세계,모다이노칩,방림,태평양물산,올리패스,,,,,,,,브랜드엑스코퍼레이션,,현대홈쇼핑,아이비김영,신영와코루,
삼원강재,파세코,ES큐브,코스메카코리아,한세엠케이,아모레퍼시픽,,,,,,,,아이패밀리에스씨,,휴비스,손오공,인디에프,
알톤스포츠,한세예스24홀딩스,파세코,호텔신라,코웰패션,코스나인,,,,,,,,씨앤투스,,신세계인터내셔날,삼천리자전거,화승알앤에이,
모토닉,HL만도,덕성,세동,코데즈컴바인,코스메카코리아,,,,,,,,예스24,,젬백스링크,형지I&C,태원물산,
일진하이솔루스,SG글로벌,브랜드엑스코퍼레이션,금호에이치티,신영와코루,현대바이오,,,,,,,,코웨이,,토박스코리아,메가스터디교육,롯데쇼핑,
대원강업,경창산업,아이패밀리에스씨,청담글로벌,메디앙스,청담글로벌,,,,,,,,크레버스,,경방,,광주신세계,
KB오토시스,화신,휠라홀딩스,대우부품,디케이앤디,,,,,,,,,남화산업,,BGF리테일,,부산주공,
엠에스오토텍,세우글로벌,아가방컴퍼니,풍강,현대홈쇼핑,,,,,,,,,코웰패션,,롯데쇼핑,,방림,
평화홀딩스,유니온머티리얼,코웨이,유라테크,휴비스,,,,,,,,,성우하이텍,,광주신세계,,한독크린텍,
SNT모티브,신영와코루,태평양물산,삼성출판사,인디에프,,,,,,,,,이퓨쳐,,방림,,신성통상,
캐스텍코리아,디케이앤디,에스맥,오토앤,대현,,,,,,,,,코데즈컴바인,,현대백화점,,호텔신라,
HL홀딩스,한국화장품제조,피코그램,삼원강재,신세계인터내셔날,,,,,,,,,아이스크림에듀,,아이비김영,,세동,
YW,DH오토웨어,메디앙스,알톤스포츠,젬백스링크,,,,,,,,,크린앤사이언스,,호텔신라,,아이스크림에듀,
폴라리스세원,인디에프,위니아,토니모리,토박스코리아,,,,,,,,,코드네이처,,형지I&C,,금호에이치티,
씨티알모빌리티,화승알앤에이,신일전자,코리아나,LS네트웍스,,,,,,,,,내츄럴엔도텍,,윙스풋,,대유에이텍,
구영테크,원익,인팩,대원강업,대한방직,,,,,,,,,서연,,,,서연탑메탈,
커넥트웨이브,씨티케이,DH오토웨어,KB오토시스,경방,,,,,,,,,젬백스링크,,,,GS리테일,
한일단조,태원물산,오텍,자이글,케이엠,,,,,,,,,노랑풍선,,,,대우부품,
삼성공조,이상네트웍스,코드네이처,엠에스오토텍,엠에프엠코리아,,,,,,,,,LS네트웍스,,,,풍강,
한국큐빅,아난티,하츠,SNT모티브,진도,,,,,,,,,하나투어,,,,유라테크,
모베이스전자,부산주공,원익,캐스텍코리아,롯데쇼핑,,,,,,,,,BGF리테일,,,,삼성출판사,
휠라홀딩스,방림,젬백스링크,위니아에이드,방림,,,,,,,,,이상네트웍스,,,,메타랩스,
엔브이에이치코리아,한독크린텍,노랑풍선,HL홀딩스,호전실업,,,,,,,,,광주신세계,,,,오토앤,
효성티앤씨,코스메카코리아,제이준코스메틱,에이블씨엔씨,신성통상,,,,,,,,,실리콘투,,,,삼원강재,
삼기이브이,신성통상,LS네트웍스,YW,형지엘리트,,,,,,,,,아난티,,,,모토닉,
에스맥,세동,아모레퍼시픽,까스텔바작,형지I&C,,,,,,,,,손오공,,,,일진하이솔루스,
코웰패션,금호에이치티,코스나인,디딤이앤에프,LF,,,,,,,,,아이비김영,,,,큐렉소,
금호타이어,KR모터스,삼천리자전거,대원화성,공구우먼,,,,,,,,,대교,,,,대원강업,
우수AMS,대유에이텍,블리츠웨이,비비안,,,,,,,,,,NE능률,,,,모나미,
유니켐,서연탑메탈,영원무역,구영테크,,,,,,,,,,호텔신라,,,,자이글,
티피씨글로벌,대우부품,아이스크림에듀,엔에프씨,,,,,,,,,,골드앤에스,,,,KB오토시스,
도이치모터스,풍강,청담글로벌,커넥트웨이브,,,,,,,,,,한국콜마홀딩스,,,,엠에스오토텍,
DN오토모티브,한국화장품,,삼성공조,,,,,,,,,,멀티캠퍼스,,,,평화홀딩스,
에스엘,유라테크,,강원랜드,,,,,,,,,,,,,,SNT모티브,
평화산업,삼성출판사,,성안,,,,,,,,,,,,,,위니아에이드,
모베이스,메타랩스,,한국큐빅,,,,,,,,,,,,,,캐스텍코리아,
새로닉스,삼원강재,,아이패밀리에스씨,,,,,,,,,,,,,,HL홀딩스,
디아이씨,알톤스포츠,,씨앤투스,,,,,,,,,,,,,,에이블씨엔씨,
대원산업,모토닉,,모베이스전자,,,,,,,,,,,,,,YW,
화신정공,일진하이솔루스,,휠라홀딩스,,,,,,,,,,,,,,까스텔바작,
디젠스,토니모리,,효성티앤씨,,,,,,,,,,,,,,폴라리스세원,
CBI,코리아나,,삼기이브이,,,,,,,,,,,,,,씨티알모빌리티,
서연이화,대원강업,,에스맥,,,,,,,,,,,,,,비비안,
한온시스템,KB오토시스,,금호타이어,,,,,,,,,,,,,,구영테크,
체시스,자이글,,코웰패션,,,,,,,,,,,,,,커넥트웨이브,
SNT다이내믹스,엠에스오토텍,,이퓨쳐,,,,,,,,,,,,,,한일단조,
로보로보,평화홀딩스,,유니켐,,,,,,,,,,,,,,삼성공조,
세종공업,원풍물산,,우수AMS,,,,,,,,,,,,,,크리스에프앤씨,
케이비아이동국실업,SNT모티브,,위니아,,,,,,,,,,,,,,한국큐빅,
피에이치에이,캐스텍코리아,,메디앙스,,,,,,,,,,,,,,모베이스전자,
기아,위니아에이드,,씨앤씨인터내셔널,,,,,,,,,,,,,,휠라홀딩스,
삼기,에이블씨엔씨,,세화피앤씨,,,,,,,,,,,,,,엔브이에이치코리아,
KG모빌리티,까스텔바작,,휴비스,,,,,,,,,,,,,,삼기이브이,
롯데하이마트,폴라리스세원,,에스엘,,,,,,,,,,,,,,에스맥,
대유플러스,대원화성,,하츠,,,,,,,,,,,,,,코웰패션,
에코플라스틱,씨티알모빌리티,,대한방직,,,,,,,,,,,,,,메디앙스,
티에이치엔,비비안,,케이엠,,,,,,,,,,,,,,우수AMS,
영화금속,구영테크,,모베이스,,,,,,,,,,,,,,위니아,
덕성,엔에프씨,,올리패스,,,,,,,,,,,,,,유니켐,
모다이노칩,한일단조,,새로닉스,,,,,,,,,,,,,,휴비스,
현대모비스,삼성공조,,화신정공,,,,,,,,,,,,,,티피씨글로벌,
동원금속,성안,,CBI,,,,,,,,,,,,,,도이치모터스,
모트렉스,크리스에프앤씨,,감성코퍼레이션,,,,,,,,,,,,,,하츠,
네오티스,한국큐빅,,SNT다이내믹스,,,,,,,,,,,,,,DN오토모티브,
인팩,아이패밀리에스씨,,로보로보,,,,,,,,,,,,,,에스엘,
현대위아,씨앤투스,,세종공업,,,,,,,,,,,,,,평화산업,
브이씨,모베이스전자,,코디,,,,,,,,,,,,,,모베이스,
오텍,휠라홀딩스,,피에이치에이,,,,,,,,,,,,,,현대백화점,
SNT홀딩스,엔브이에이치코리아,,삼기,,,,,,,,,,,,,,아이비김영,
에코캡,효성티앤씨,,F&F,,,,,,,,,,,,,,골드앤에스,
화승코퍼레이션,삼기이브이,,KG모빌리티,,,,,,,,,,,,,,디아이씨,
유니크,에스맥,,롯데하이마트,,,,,,,,,,,,,,대원산업,
이원컴포텍,금호타이어,,배럴,,,,,,,,,,,,,,화신정공,
세방전지,유니켐,,클리오,,,,,,,,,,,,,,디젠스,
케이카,우수AMS,,조광피혁,,,,,,,,,,,,,,CBI,
세원정공,위니아,,에코플라스틱,,,,,,,,,,,,,,서연이화,
명신산업,메디앙스,,티에이치엔,,,,,,,,,,,,,,베뉴지,
신성델타테크,씨앤씨인터내셔널,,ES큐브,,,,,,,,,,,,,,한온시스템,
동아화성,세화피앤씨,,덕성,,,,,,,,,,,,,,체시스,
스킨앤스킨,휴비스,,모다이노칩,,,,,,,,,,,,,,감성코퍼레이션,
우리산업,티피씨글로벌,,브랜드엑스코퍼레이션,,,,,,,,,,,,,,SNT다이내믹스,
오스템,DN오토모티브,,현대모비스,,,,,,,,,,,,,,세종공업,
넥센,에스엘,,모트렉스,,,,,,,,,,,,,,한섬,
삼익악기,하츠,,피코그램,,,,,,,,,,,,,,케이비아이동국실업,
이녹스,대한방직,,네오티스,,,,,,,,,,,,,,더네이쳐홀딩스,
아이에이,케이엠,,인팩,,,,,,,,,,,,,,피에이치에이,
새론오토모티브,평화산업,,브이씨,,,,,,,,,,,,,,기아,
다이나믹디자인,모베이스,,에코캡,,,,,,,,,,,,,,삼기,
아이윈,올리패스,,신세계인터내셔날,,,,,,,,,,,,,,F&F,
한국타이어앤테크놀로지,현대백화점,,젬백스링크,,,,,,,,,,,,,,KG모빌리티,
대유에이피,블리츠웨이,,화승코퍼레이션,,,,,,,,,,,,,,롯데하이마트,
두올,새로닉스,,아우딘퓨쳐스,,,,,,,,,,,,,,에브리봇,
코웨이,디아이씨,,이원컴포텍,,,,,,,,,,,,,,배럴,
성창오토텍,대원산업,,아모레퍼시픽,,,,,,,,,,,,,,대유플러스,
성우하이텍,화신정공,,코스나인,,,,,,,,,,,,,,에코플라스틱,
유니테크노,디젠스,,현대바이오,,,,,,,,,,,,,,티에이치엔,
일지테크,CBI,,영원무역,,,,,,,,,,,,,,영화금속,
영화테크,서연이화,,윙스풋,,,,,,,,,,,,,,ES큐브,
신일전자,한온시스템,,세원정공,,,,,,,,,,,,,,모다이노칩,
크린앤사이언스,체시스,,본느,,,,,,,,,,,,,,덕성,
서진오토모티브,감성코퍼레이션,,세기상사,,,,,,,,,,,,,,브랜드엑스코퍼레이션,
서연,SNT다이내믹스,,명신산업,,,,,,,,,,,,,,현대모비스,
코리아에프티,로보로보,,제이에스코퍼레이션,,,,,,,,,,,,,,아가방컴퍼니,
엔바이오니아,세종공업,,화승엔터프라이즈,,,,,,,,,,,,,,태평양물산,
상신브레이크,코디,,국동,,,,,,,,,,,,,,동원금속,
우신시스템,케이비아이동국실업,,동아화성,,,,,,,,,,,,,,피코그램,
네오오토,한섬,,스킨앤스킨,,,,,,,,,,,,,,모트렉스,
BGF에코머티리얼즈,더네이쳐홀딩스,,SG세계물산,,,,,,,,,,,,,,네오티스,
한국앤컴퍼니,피에이치에이,,아이에스이커머스,,,,,,,,,,,,,,인팩,
에스엠벡셀,기아,,애경산업,,,,,,,,,,,,,,현대홈쇼핑,
한국무브넥스,삼기,,넥센,,,,,,,,,,,,,,현대위아,
지엠비코리아,F&F,,한세실업,,,,,,,,,,,,,,오텍,
GH신소재,KG모빌리티,,삼익악기,,,,,,,,,,,,,,에코캡,
대우부품,에브리봇,,BYC,,,,,,,,,,,,,,신세계인터내셔날,
트루윈,배럴,,이녹스,,,,,,,,,,,,,,대현,
,대유플러스,,제이에스티나,,,,,,,,,,,,,,젬백스링크,
,클리오,,삼양통상,,,,,,,,,,,,,,화승코퍼레이션,
,조광피혁,,일신방직,,,,,,,,,,,,,,유니크,
,에코플라스틱,,바른손,,,,,,,,,,,,,,하나투어,
,티에이치엔,,윌비스,,,,,,,,,,,,,,이원컴포텍,
,영화금속,,아이윈,,,,,,,,,,,,,,세방전지,
,ES큐브,,백산,,,,,,,,,,,,,,호전실업,
,덕성,,라파스,,,,,,,,,,,,,,영원무역,
,모다이노칩,,한국타이어앤테크놀로지,,,,,,,,,,,,,,형지I&C,
,브랜드엑스코퍼레이션,,대유에이피,,,,,,,,,,,,,,케이카,
,현대모비스,,제닉,,,,,,,,,,,,,,윙스풋,
,태평양물산,,코웨이,,,,,,,,,,,,,,세원정공,
,동원금속,,한세엠케이,,,,,,,,,,,,,,본느,
,피코그램,,성창오토텍,,,,,,,,,,,,,,세기상사,
,모트렉스,,브이티,,,,,,,,,,,,,,명신산업,
,네오티스,,한국콜마,,,,,,,,,,,,,,제이에스코퍼레이션,
,인팩,,일지테크,,,,,,,,,,,,,,신성델타테크,
,현대홈쇼핑,,현대바이오랜드,,,,,,,,,,,,,,국동,
,현대위아,,크린앤사이언스,,,,,,,,,,,,,,SG세계물산,
,브이씨,,잇츠한불,,,,,,,,,,,,,,스킨앤스킨,
,오텍,,서진오토모티브,,,,,,,,,,,,,,위즈코프,
,SNT홀딩스,,내츄럴엔도텍,,,,,,,,,,,,,,동아화성,
,에코캡,,엔바이오니아,,,,,,,,,,,,,,우리산업,
,대현,,토박스코리아,,,,,,,,,,,,,,오스템,
,화승코퍼레이션,,제이준코스메틱,,,,,,,,,,,,,,아이에스이커머스,
,유니크,,엠에프엠코리아,,,,,,,,,,,,,,넥센,
,아우딘퓨쳐스,,그리티,,,,,,,,,,,,,,한세실업,
,이원컴포텍,,진도,,,,,,,,,,,,,,BYC,
,세방전지,,BGF에코머티리얼즈,,,,,,,,,,,,,,일신방직,
,아모레퍼시픽,,한국앤컴퍼니,,,,,,,,,,,,,,아이에이,
,호전실업,,에스엠벡셀,,,,,,,,,,,,,,바른손,
,코스나인,,지엠비코리아,,,,,,,,,,,,,,윌비스,
,삼천리자전거,,GH신소재,,,,,,,,,,,,,,새론오토모티브,
,현대바이오,,형지엘리트,,,,,,,,,,,,,,영원무역홀딩스,
,형지I&C,,트루윈,,,,,,,,,,,,,,아이윈,
,영원무역,,,,,,,,,,,,,,,,백산,
,세원정공,,,,,,,,,,,,,,,,웅진씽크빅,
,본느,,,,,,,,,,,,,,,,대유에이피,
,세기상사,,,,,,,,,,,,,,,,두올,
,명신산업,,,,,,,,,,,,,,,,예스24,
,에스티오,,,,,,,,,,,,,,,,코웨이,
,제이에스코퍼레이션,,,,,,,,,,,,,,,,한세엠케이,
,화승엔터프라이즈,,,,,,,,,,,,,,,,성창오토텍,
,신성델타테크,,,,,,,,,,,,,,,,코데즈컴바인,
,국동,,,,,,,,,,,,,,,,유니테크노,
,동아화성,,,,,,,,,,,,,,,,성우하이텍,
,스킨앤스킨,,,,,,,,,,,,,,,,일지테크,
,SG세계물산,,,,,,,,,,,,,,,,신일전자,
,우리산업,,,,,,,,,,,,,,,,영화테크,
,오스템,,,,,,,,,,,,,,,,크린앤사이언스,
,신세계푸드,,,,,,,,,,,,,,,,서진오토모티브,
,애경산업,,,,,,,,,,,,,,,,서연,
,넥센,,,,,,,,,,,,,,,,코리아에프티,
,한세실업,,,,,,,,,,,,,,,,엔바이오니아,
,삼익악기,,,,,,,,,,,,,,,,상신브레이크,
,BYC,,,,,,,,,,,,,,,,토박스코리아,
,이녹스,,,,,,,,,,,,,,,,LS네트웍스,
,제이에스티나,,,,,,,,,,,,,,,,경방,
,삼양통상,,,,,,,,,,,,,,,,우신시스템,
,일신방직,,,,,,,,,,,,,,,,네오오토,
,아이에이,,,,,,,,,,,,,,,,엠에프엠코리아,
,바른손,,,,,,,,,,,,,,,,BGF리테일,
,윌비스,,,,,,,,,,,,,,,,진도,
,폴라리스우노,,,,,,,,,,,,,,,,BGF에코머티리얼즈,
,다이나믹디자인,,,,,,,,,,,,,,,,에스엠벡셀,
,새론오토모티브,,,,,,,,,,,,,,,,한국무브넥스,
,아이윈,,,,,,,,,,,,,,,,지엠비코리아,
,영원무역홀딩스,,,,,,,,,,,,,,,,GH신소재,
,백산,,,,,,,,,,,,,,,,형지엘리트,
,라파스,,,,,,,,,,,,,,,,트루윈,
,한국타이어앤테크놀로지,,,,,,,,,,,,,,,,LF,
,대유에이피,,,,,,,,,,,,,,,,공구우먼,
,두올,,,,,,,,,,,,,,,,,
,웅진씽크빅,,,,,,,,,,,,,,,,,
,제닉,,,,,,,,,,,,,,,,,
,코웨이,,,,,,,,,,,,,,,,,
,성창오토텍,,,,,,,,,,,,,,,,,
,브이티,,,,,,,,,,,,,,,,,
,유니테크노,,,,,,,,,,,,,,,,,
,성우하이텍,,,,,,,,,,,,,,,,,
,플레이그램,,,,,,,,,,,,,,,,,
,영화테크,,,,,,,,,,,,,,,,,
,신일전자,,,,,,,,,,,,,,,,,
,현대바이오랜드,,,,,,,,,,,,,,,,,
,한국콜마,,,,,,,,,,,,,,,,,
,일지테크,,,,,,,,,,,,,,,,,
,코데즈컴바인,,,,,,,,,,,,,,,,,
,크린앤사이언스,,,,,,,,,,,,,,,,,
,잇츠한불,,,,,,,,,,,,,,,,,
,서진오토모티브,,,,,,,,,,,,,,,,,
,내츄럴엔도텍,,,,,,,,,,,,,,,,,
,서연,,,,,,,,,,,,,,,,,
,코리아에프티,,,,,,,,,,,,,,,,,
,엔바이오니아,,,,,,,,,,,,,,,,,
,상신브레이크,,,,,,,,,,,,,,,,,
,우신시스템,,,,,,,,,,,,,,,,,
,네오오토,,,,,,,,,,,,,,,,,
,경방,,,,,,,,,,,,,,,,,
,LS네트웍스,,,,,,,,,,,,,,,,,
,제이준코스메틱,,,,,,,,,,,,,,,,,
,엠에프엠코리아,,,,,,,,,,,,,,,,,
,그리티,,,,,,,,,,,,,,,,,
,BGF리테일,,,,,,,,,,,,,,,,,
,진도,,,,,,,,,,,,,,,,,
,BGF에코머티리얼즈,,,,,,,,,,,,,,,,,
,한국앤컴퍼니,,,,,,,,,,,,,,,,,
,에스엠벡셀,,,,,,,,,,,,,,,,,
,한국무브넥스,,,,,,,,,,,,,,,,,
,지엠비코리아,,,,,,,,,,,,,,,,,
,GH신소재,,,,,,,,,,,,,,,,,
,형지엘리트,,,,,,,,,,,,,,,,,
,트루윈,,,,,,,,,,,,,,,,,
,LF,,,,,,,,,,,,,,,,,
,공구우먼,,,,,,,,,,,,,,,,,
