건설,전기 장비,중전기 장비,복합기업,건설장비,산업용 기계,무역회사,철도회사,육상 운송회사,건축제품,건축 자재,건축 소재,인적 자원,조선,항공화물 운송과 물류,판매업체,다각화된 상업 서비스,환경 및 시설 서비스,사무 서비스,고용 서비스,신용평가 서비스,공항 서비스,항구 및 서비스,고속도로와 선로,해운사,우주항공과 국방,사무용품,상업용 인쇄,기구,항공사,농기계
AJ네트웍스,AJ네트웍스,AJ네트웍스,AJ네트웍스,AJ네트웍스,AJ네트웍스,AJ네트웍스,AJ네트웍스,AJ네트웍스,HDC현대산업개발,HDC현대산업개발,HDC현대산업개발,HDC현대산업개발,HD한국조선해양,HD한국조선해양,KTis,KTis,KTis,KTis,KTis,KTis,KTis,KTis,삼호개발,아이에스동서,진에어,웰크론,국영지앤엠,기신정기,티웨이항공,대동기어
HDC현대산업개발,HD한국조선해양,HD한국조선해양,HDC현대산업개발,HDC현대산업개발,HDC현대산업개발,HDC현대산업개발,HDC현대산업개발,HDC현대산업개발,LX홀딩스,LX홀딩스,LX홀딩스,LX홀딩스,동방선기,STX,노루페인트,STX,STX,STX,STX,STX,STX,STX,세명전기,,한솔로지스틱스,팬스타엔터프라이즈,상지카일룸,대양전기공업,아시아나항공,아세아텍
삼부토건,노루페인트,노루페인트,HD한국조선해양,HD한국조선해양,HD한국조선해양,HD한국조선해양,HD한국조선해양,HD한국조선해양,국보,STX,노루페인트,노루페인트,메디콕스,국보,대림통상,삼성엔지니어링,삼성엔지니어링,삼성엔지니어링,삼성엔지니어링,삼성엔지니어링,삼성엔지니어링,삼성엔지니어링,우원개발,,켄코아에어로스페이스,희림,동신건설,제일전기공업,,포메탈
삼호개발,삼익THK,삼익THK,KTis,노루페인트,STX,LX홀딩스,LX홀딩스,LX홀딩스,노루페인트,노루페인트,롯데지주,아이에스동서,한국정밀기계,인터지스,삼부토건,신세계건설,삼호개발,신세계건설,신세계건설,신세계건설,신세계건설,신세계건설,,,하이즈항공,코아스,범한퓨얼셀,삼영이엔씨,,TYM
신세계건설,일성건설,한일홀딩스,LX홀딩스,삼부토건,롯데지주,STX,STX,STX,대림통상,대림통상,삼부토건,포스코인터내셔널,STX중공업,진에어,삼익THK,진에어,신세계건설,진에어,진에어,진에어,진에어,진에어,,,휴림로봇,효성,두산,,,대동
아이에스동서,한일홀딩스,현대로템,STX,삼익THK,삼성엔지니어링,노루페인트,노루페인트,국보,롯데지주,삼부토건,삼성엔지니어링,삼표시멘트,현대미포조선,한솔로지스틱스,삼호개발,한솔로지스틱스,아이에스동서,한솔로지스틱스,한솔로지스틱스,한솔로지스틱스,한솔로지스틱스,한솔로지스틱스,,,금호건설,상지카일룸,대원,,,
일성건설,현대건설,삼표시멘트,국보,삼호개발,삼익THK,대림통상,롯데지주,노루페인트,삼부토건,삼성엔지니어링,신세계건설,HDC,디케이락,에스엠코어,시디즈,한일홀딩스,진에어,한일홀딩스,한일홀딩스,한일홀딩스,한일홀딩스,한일홀딩스,,,쎄트렉아이,GS건설,진흥기업,,,
코오롱글로벌,현대로템,에스에프에이,노루페인트,신세계건설,우진,롯데지주,삼부토건,롯데지주,삼성엔지니어링,신세계건설,아이에스동서,도화엔지니어링,제일테크노스,켄코아에어로스페이스,신세계건설,현대건설,코오롱글로벌,현대건설,현대건설,현대건설,현대건설,현대건설,,,와이지-원,듀오백,누리플랜,,,
한일홀딩스,KT서브마린,팬스타엔터프라이즈,대림통상,아이에스동서,진에어,신세계건설,신세계건설,신세계건설,삼익THK,아이에스동서,일성건설,코오롱,SK오션플랜트,토탈소프트,아이에스동서,드림시큐리티,포스코인터내셔널,드림시큐리티,드림시큐리티,드림시큐리티,드림시큐리티,드림시큐리티,,,한화에어로스페이스,한샘,양지사,,,
한화,삼표시멘트,대우건설,롯데지주,일성건설,한솔로지스틱스,아이에스동서,아이에스동서,아이에스동서,시디즈,일성건설,코오롱글로벌,효성,세진중공업,하이즈항공,진에어,에스엠코어,한솔로지스틱스,에스엠코어,에스엠코어,에스엠코어,에스엠코어,에스엠코어,,,LIG넥스원,오하임아이엔티,,,,
현대건설,에스에프에이,동아지질,삼부토건,코오롱글로벌,한화,일성건설,일성건설,인터지스,신세계건설,코오롱글로벌,포스코인터내셔널,대창솔루션,대양전기공업,금호건설,한솔로지스틱스,유신,한일홀딩스,유신,유신,유신,유신,유신,,,대한항공,퍼시스,,,,
KD,지엔씨에너지,수산중공업,삼성엔지니어링,한일홀딩스,현대건설,진에어,진에어,일성건설,아이에스동서,한일홀딩스,현대건설,리파인,서호전기,대한해운,한일홀딩스,이엔코퍼레이션,현대건설,이엔코퍼레이션,이엔코퍼레이션,이엔코퍼레이션,이엔코퍼레이션,이엔코퍼레이션,,,티웨이항공,현대리바트,,,,
KT서브마린,티에스넥스젠,효성,삼익THK,한화,현대로템,코오롱글로벌,코오롱글로벌,진에어,우진,현대건설,KD,태웅로직스,HJ중공업,세방,그린플러스,휴림로봇,동방선기,휴림로봇,휴림로봇,휴림로봇,휴림로봇,휴림로봇,,,에어부산,꿈비,,,,
웰크론,팬스타엔터프라이즈,동일금속,삼호개발,현대건설,KD,포스코인터내셔널,한솔로지스틱스,코오롱글로벌,인터지스,KD,삼영엠텍,효성중공업,한화오션,웰바이오텍,넥스턴바이오,희림,드림시큐리티,희림,희림,희림,희림,희림,,,유니온,제이엠아이,,,,
윈하이텍,HDC,성도이엔지,시디즈,현대로템,넥스턴바이오,한솔로지스틱스,한화,한솔로지스틱스,일성건설,그린플러스,에쎈테크,CJ,에너토크,효성,동방선기,대한해운,에스엠코어,대한해운,대한해운,대한해운,금호건설,대한해운,,,한국공항,한국카본,,,,
유신,대우건설,쎄트렉아이,신세계건설,KD,동방선기,한화,현대건설,한화,코오롱글로벌,동방선기,윈하이텍,HD현대일렉트릭,일승,쎄트렉아이,동양파일,도화엔지니어링,웰크론,도화엔지니어링,도화엔지니어링,도화엔지니어링,대한해운,도화엔지니어링,,,한국항공우주,강남제비스코,,,,
파라텍,대한전선,아스플로,아이에스동서,KT서브마린,동양파일,현대건설,현대로템,현대건설,한일홀딩스,삼영엠텍,유신,LX인터내셔널,HD현대중공업,와이지-원,드림시큐리티,동아지질,유신,동아지질,동아지질,동아지질,도화엔지니어링,동아지질,,,제노코,,,,,
희림,동아지질,에이비프로바이오,우진,삼표시멘트,드림시큐리티,그린플러스,그린플러스,그린플러스,한화,윈하이텍,자연과환경,아세아시멘트,STX엔진,SK렌터카,삼표시멘트,세방,이엔코퍼레이션,세방,세방,세방,동아지질,세방,,,포메탈,,,,,
HDC,수산중공업,우림피티에스,인터지스,에스에프에이,삼영엠텍,삼영엠텍,삼영엠텍,삼영엠텍,현대건설,유신,켄코아에어로스페이스,한화시스템,삼성중공업,한화에어로스페이스,에쎈테크,아이마켓코리아,자연과환경,아이마켓코리아,아이마켓코리아,아이마켓코리아,세방,아이마켓코리아,,,티웨이홀딩스,,,,,
금강공업,효성,한국정밀기계,일성건설,웰크론,삼표시멘트,삼표시멘트,삼표시멘트,삼표시멘트,KD,자연과환경,희림,HD현대인프라코어,비엠티,현대글로비스,웰크론,태영건설,지엔씨에너지,코아스,태영건설,태영건설,아이마켓코리아,태영건설,,,모델솔루션,,,,,
금호건설,동일금속,SK렌터카,진에어,윈하이텍,에스에프에이,에스엠코어,에스엠코어,에스엠코어,그린플러스,희림,HDC,SNT에너지,하이록코리아,SG&G,윈하이텍,한국종합기술,휴림로봇,태영건설,한국종합기술,한국종합기술,태영건설,한국종합기술,,,아스트,,,,,
대우건설,메디콕스,한화에어로스페이스,코오롱글로벌,유신,에스엠코어,웰크론,웰크론,웰크론,넥스턴바이오,HDC,대우건설,DL이앤씨,한라IMS,태웅로직스,유신,NICE평가정보,희림,한국종합기술,NICE평가정보,NICE평가정보,한국종합기술,NICE평가정보,,,에이트원,,,,,
대한해운,상지카일룸,현대글로비스,포스코인터내셔널,파라텍,에쎈테크,이엔코퍼레이션,유신,이엔코퍼레이션,동양파일,대우건설,대한전선,디와이파워,,CJ대한통운,켄코아에어로스페이스,국영지앤엠,금호건설,효성,뉴로메카,뉴로메카,NICE평가정보,뉴로메카,,,제이오,,,,,
도화엔지니어링,성도이엔지,로보스타,한솔로지스틱스,팬스타엔터프라이즈,웰크론,티에스넥스젠,이엔코퍼레이션,티에스넥스젠,드림시큐리티,도화엔지니어링,도화엔지니어링,제룡산업,,HMM,티에스넥스젠,뉴로메카,대우건설,NICE평가정보,레드캡투어,레드캡투어,뉴로메카,레드캡투어,,,한양이엔지,,,,,
수산중공업,쎄트렉아이,에스비비테크,한일홀딩스,희림,토탈소프트,HDC,티에스넥스젠,HDC,삼영엠텍,아이마켓코리아,태영건설,HD현대건설기계,,까뮤이앤씨,팬스타엔터프라이즈,레드캡투어,대한해운,뉴로메카,사람인,사람인,레드캡투어,사람인,,,STX엔진,,,,,
태영건설,아스플로,진성티이씨,한화,HDC,티에스넥스젠,금강공업,HDC,금강공업,삼표시멘트,태영건설,한국종합기술,KC코트렐,,대한항공,하이즈항공,사람인,도화엔지니어링,레드캡투어,성도이엔지,성도이엔지,사람인,성도이엔지,,,아시아나항공,,,,,
한국종합기술,에이비프로바이오,케이피에프,현대건설,금강공업,파라텍,금호건설,금강공업,금호건설,셀루메드,한국종합기술,효성,현대코퍼레이션,,부산산업,화성밸브,상지카일룸,동아지질,사람인,쎄트렉아이,쎄트렉아이,성도이엔지,쎄트렉아이,,,제주항공,,,,,
TKG애강,우림피티에스,두산밥캣,현대로템,금호건설,팬스타엔터프라이즈,대우건설,금호건설,대우건설,에쎈테크,효성,국영지앤엠,에코프로에이치엔,,티웨이항공,휴림로봇,성도이엔지,세방,상지카일룸,영풍정밀,영풍정밀,쎄트렉아이,영풍정밀,,,,,,,,
동원개발,한국정밀기계,우진플라임,KD,대우건설,하이즈항공,대한전선,대우건설,대한전선,웰크론,국영지앤엠,대창솔루션,,,한신공영,금강공업,쎄트렉아이,아이마켓코리아,성도이엔지,이크레더블,이크레더블,영풍정밀,이크레더블,,,,,,,,
동일금속,SK렌터카,세보엠이씨,KT서브마린,대한해운,화성밸브,대한해운,대한전선,대한해운,윈하이텍,동원개발,동원개발,,,삼일,금호건설,영풍정밀,태영건설,쎄트렉아이,GS건설,GS건설,이크레더블,GS건설,,,,,,,,
디와이피엔에프,한화에어로스페이스,알에스오토메이션,그린플러스,도화엔지니어링,휴림로봇,웰바이오텍,대한해운,세방,유신,메디콕스,삼일기업공사,,,CJ,대한전선,이크레더블,한국종합기술,영풍정밀,SK네트웍스,SK네트웍스,GS건설,SK네트웍스,,,,,,,,
삼일기업공사,현대글로비스,퍼스텍,넥스턴바이오,동아지질,HDC,코오롱,도화엔지니어링,웰바이오텍,자연과환경,삼일기업공사,상지카일룸,,,HJ중공업,웰바이오텍,GS건설,NICE평가정보,이크레더블,STX중공업,STX중공업,SK네트웍스,STX중공업,,,,,,,,
상지카일룸,남화토건,한국공항,동방선기,수산중공업,도화엔지니어링,태영건설,웰바이오텍,코오롱,토탈소프트,상지카일룸,성도이엔지,,,LX인터내셔널,코아스,SK네트웍스,국영지앤엠,GS건설,동양,동양,STX중공업,동양,,,,,,,,
성도이엔지,로보스타,한화시스템,동양파일,태영건설,세방,한국종합기술,코오롱,태영건설,파라텍,성도이엔지,아스플로,,,범양건영,효성,STX중공업,뉴로메카,SK네트웍스,한화에어로스페이스,한화에어로스페이스,동양,한화에어로스페이스,,,,,,,,
우림피티에스,서산,현대지에프홀딩스,드림시큐리티,한국종합기술,수산중공업,화천기공,태영건설,한국종합기술,팬스타엔터프라이즈,인선이엔티,인선이엔티,,,에어부산,NICE평가정보,동양,레드캡투어,STX중공업,현대글로비스,현대글로비스,한화에어로스페이스,현대글로비스,,,,,,,,
인선이엔티,씨에스베어링,혜인,삼영엠텍,TKG애강,아이마켓코리아,효성,한국종합기술,화천기공,희림,태광,GS건설,,,유니온,TKG애강,한화에어로스페이스,사람인,동양,SCI평가정보,SCI평가정보,현대글로비스,SCI평가정보,,,,,,,,
GS건설,에스비비테크,보광산업,삼표시멘트,동원개발,화천기공,레드캡투어,화천기공,효성,HDC,GS건설,STX중공업,,,퍼시스,국영지앤엠,현대글로비스,상지카일룸,한화에어로스페이스,SG&G,SG&G,SCI평가정보,SG&G,,,,,,,,
동양,지투파워,에너토크,셀루메드,동일금속,효성,사람인,효성,레드캡투어,대우건설,STX중공업,동양,,,한국공항,동일금속,SCI평가정보,성도이엔지,현대글로비스,SGC이테크건설,SGC이테크건설,SG&G,SGC이테크건설,,,,,,,,
삼성물산,진성티이씨,에스앤더블류,에스에프에이,디와이피엔에프,국영지앤엠,상지카일룸,국영지앤엠,사람인,대한전선,동양,SGC이테크건설,,,한국항공우주,디와이피엔에프,SG&G,쎄트렉아이,SCI평가정보,리파인,리파인,SGC이테크건설,리파인,,,,,,,,
SGC이테크건설,케이피에프,일승,에스엠코어,삼일기업공사,뉴로메카,성도이엔지,레드캡투어,상지카일룸,도화엔지니어링,삼성물산,남화토건,,,한진,메디콕스,SGC이테크건설,영풍정밀,SG&G,태웅로직스,태웅로직스,리파인,태웅로직스,,,,,,,,
남화토건,KIB플러그에너지,제노코,에쎈테크,상지카일룸,대창솔루션,쎄트렉아이,사람인,성도이엔지,웰바이오텍,현대글로비스,삼목에스폼,,,한화오션,부스타,리파인,이크레더블,SGC이테크건설,HMM,HMM,태웅로직스,HMM,,,,,,,,
삼목에스폼,두산밥캣,현대에버다임,웰크론,성도이엔지,동일금속,영풍정밀,상지카일룸,쎄트렉아이,코아스,SGC이테크건설,에이스침대,,,혜인,상지카일룸,태웅로직스,태광,듀오백,디와이,디와이,HMM,디와이,,,,,,,,
진성티이씨,우진플라임,HD현대인프라코어,윈하이텍,쎄트렉아이,디와이피엔에프,이크레더블,성도이엔지,영풍정밀,태영건설,남화토건,제일테크노스,,,3S,아스플로,HMM,GS건설,리파인,티웨이항공,삼일씨엔에스,디와이,티웨이항공,,,,,,,,
케이피에프,조광페인트,대원전선,유신,아스플로,부스타,인선이엔티,쎄트렉아이,이크레더블,한국종합기술,동화기업,까뮤이앤씨,,,선광,영풍정밀,디와이,SK네트웍스,태웅로직스,한미글로벌,티웨이항공,티웨이항공,한미글로벌,,,,,,,,
CJ대한통운,한미글로벌,동방,이엔코퍼레이션,에이비프로바이오,삼일기업공사,태광,영풍정밀,인선이엔티,효성,제일테크노스,부산산업,,,제노코,와이지-원,티웨이항공,STX중공업,HMM,베노티앤알,한미글로벌,한미글로벌,베노티앤알,,,,,,,,
까뮤이앤씨,효성중공업,두산에너빌리티,자연과환경,우림피티에스,상지카일룸,GS건설,이크레더블,태광,TKG애강,까뮤이앤씨,세진중공업,,,동방,우림피티에스,한미글로벌,동양,디와이,코엔텍,베노티앤알,베노티앤알,코엔텍,,,,,,,,
두산밥캣,대양전기공업,롯데렌탈,지엔씨에너지,인선이엔티,성도이엔지,SK네트웍스,인선이엔티,GS건설,국영지앤엠,부산산업,한미글로벌,,,동양고속,인선이엔티,한신공영,한화에어로스페이스,티웨이항공,CJ,코엔텍,코엔텍,CJ,,,,,,,,
디와이,서호전기,대성하이텍,켄코아에어로스페이스,한국정밀기계,아스플로,성신양회,태광,SK네트웍스,뉴로메카,세진중공업,한신공영,,,롯데렌탈,태광,베노티앤알,현대글로비스,한미글로벌,퍼시스,CJ,CJ,퍼시스,,,,,,,,
부산산업,세보엠이씨,빅텍,토탈소프트,GS건설,에이비프로바이오,한화에어로스페이스,GS건설,SK렌터카,대창솔루션,조광페인트,라이온켐텍,,,팬오션,한국정밀기계,코엔텍,현대미포조선,베노티앤알,한국공항,퍼시스,퍼시스,한국공항,,,,,,,,
에넥스,알에스오토메이션,스맥,티에스넥스젠,SK렌터카,영풍정밀,현대글로비스,SK네트웍스,성신양회,동원개발,한미글로벌,베노티앤알,,,와이엔텍,협진,CJ,SCI평가정보,코엔텍,한일현대시멘트,한국공항,한국공항,한일현대시멘트,,,,,,,,
한미글로벌,제룡전기,유일로보틱스,파라텍,동양,와이지-원,현대미포조선,성신양회,한화에어로스페이스,메디콕스,한신공영,코윈테크,,,쏘카,SK렌터카,퍼시스,SG&G,CJ,한진,한일현대시멘트,한일현대시멘트,한진,,,,,,,,
한신공영,해성티피씨,티에스아이,팬스타엔터프라이즈,삼성물산,우림피티에스,SCI평가정보,한화에어로스페이스,현대글로비스,부스타,라이온켐텍,플래스크,,,티웨이홀딩스,성신양회,한국공항,SGC이테크건설,퍼시스,한화시스템,한진,한진,한화시스템,,,,,,,,
효성중공업,HD현대일렉트릭,쏘카,하이즈항공,한화에어로스페이스,코메론,SG&G,현대미포조선,현대미포조선,삼일기업공사,베노티앤알,HJ중공업,,,한국카본,한일시멘트,한일현대시멘트,디케이락,한국공항,한화오션,한화시스템,한화시스템,한화오션,,,,,,,,
베노티앤알,HJ중공업,SG,화성밸브,현대글로비스,태광,고려시멘트,SCI평가정보,SCI평가정보,상지카일룸,세명전기,LX인터내셔널,,,모델솔루션,한화에어로스페이스,한진,리파인,한일현대시멘트,나이스디앤비,한화오션,한화오션,나이스디앤비,,,,,,,,
세보엠이씨,범양건영,다원시스,휴림로봇,SGC이테크건설,한국정밀기계,남화토건,SG&G,SG&G,성도이엔지,플래스크,범양건영,,,수성샐바시온,현대글로비스,한화시스템,삼목에스폼,한진,나이스정보통신,나이스디앤비,나이스디앤비,나이스정보통신,,,,,,,,
제룡전기,퍼스텍,대모,희림,남화토건,협진,서산,고려시멘트,고려시멘트,아스플로,HJ중공업,벽산,,,아스트,현대미포조선,한화오션,에스비비테크,한화시스템,선광,나이스정보통신,나이스정보통신,선광,,,,,,,,
HJ중공업,한국공항,테라사이언스,HDC,로보스타,GS건설,에이스침대,남화토건,남화토건,와이지-원,범양건영,이건산업,,,유진기업,고려시멘트,꿈비,태웅로직스,한화오션,케이에스피,선광,선광,케이에스피,,,,,,,,
범양건영,한화시스템,프리엠스,금강공업,삼목에스폼,SK네트웍스,LIG넥스원,서산,서산,우림피티에스,벽산,한일현대시멘트,,,제이오,남화토건,나이스디앤비,HMM,현대리바트,KTcs,케이에스피,케이에스피,KTcs,,,,,,,,
한일현대시멘트,현대지에프홀딩스,HD현대건설기계,금호건설,에스비비테크,SK렌터카,기신정기,에이스침대,에이스침대,인선이엔티,이건산업,KCC건설,,,한양이엔지,동화기업,나이스정보통신,디와이,나이스디앤비,동방,KTcs,KTcs,동방,,,,,,,,
한화오션,혜인,STX엔진,대우건설,진성티이씨,STX중공업,두산밥캣,LIG넥스원,태웅로직스,협진,현대리바트,동신건설,,,현대무벡스,듀오백,동신건설,부산산업,나이스정보통신,동양고속,동방,동방,동양고속,,,,,,,,
혜인,나이스정보통신,대창단조,대한전선,케이피에프,동양,디와이,두산밥캣,CJ대한통운,GS건설,KCC건설,이화공영,,,GS글로벌,디케이락,범한퓨얼셀,에넥스,선광,두산,동양고속,동양고속,두산,,,,,,,,
KCC건설,동신건설,천일고속,대한해운,CJ대한통운,삼성물산,세진중공업,디와이,HMM,동양,동신건설,일승,,,KSS해운,로보스타,선광,티웨이항공,케이에스피,롯데렌탈,두산,두산,롯데렌탈,,,,,,,,
동신건설,범한퓨얼셀,한창,도화엔지니어링,까뮤이앤씨,한화에어로스페이스,에넥스,부산산업,LIG넥스원,성신양회,이화공영,두산,,,동부건설,리파인,케이에스피,한미글로벌,KTcs,팬오션,롯데렌탈,롯데렌탈,팬오션,,,,,,,,
보광산업,보광산업,보성파워텍,동아지질,두산밥캣,현대글로비스,조광페인트,세진중공업,SK오션플랜트,한일시멘트,두산에너빌리티,두산에너빌리티,,,아시아나항공,삼목에스폼,KTcs,베노티앤알,동방,고려신용정보,팬오션,팬오션,고려신용정보,,,,,,,,
에스앤더블류,에너토크,비엠티,세방,디와이,SGC이테크건설,티웨이항공,에넥스,대한항공,현대미포조선,자이에스앤디,이엔플러스,,,제주항공,서산,동방,세보엠이씨,동양고속,와이엔텍,고려신용정보,고려신용정보,와이엔텍,,,,,,,,
이화공영,에스앤더블류,삼영이엔씨,수산중공업,부산산업,강원에너지,한미글로벌,조광페인트,두산밥캣,SGC이테크건설,한솔홈데코,자이에스앤디,,,천일고속,에이스침대,동양고속,제룡전기,두산,SK,와이엔텍,와이엔텍,SK,,,,,,,,
HD현대인프라코어,이화공영,,아이마켓코리아,에넥스,디케이락,레인보우로보틱스,티웨이항공,디와이,강원에너지,국보디자인,한솔홈데코,,,한익스프레스,케이피에프,두산,코엔텍,롯데렌탈,디와이파워,SK,SK,디와이파워,,,,,,,,
SNT에너지,일승,,웰바이오텍,우진플라임,로보스타,에스와이,한미글로벌,세진중공업,고려시멘트,대원,국보디자인,,,흥아해운,LIG넥스원,롯데렌탈,CJ,팬오션,쏘카,디와이파워,디와이파워,쏘카,,,,,,,,
대원전선,제노코,,코아스,한미글로벌,삼목에스폼,해성티피씨,한신공영,에넥스,남화토건,덕신하우징,대원,,,서희건설,기신정기,팬오션,HJ중공업,고려신용정보,에쓰씨엔지니어링,쏘카,쏘카,에쓰씨엔지니어링,,,,,,,,
두산에너빌리티,현대에버다임,,코오롱,한신공영,씨에스베어링,CJ,대양전기공업,조광페인트,동화기업,DL건설,덕신하우징,,,홈센타홀딩스,까뮤이앤씨,화천기계,유니온,와이엔텍,티웨이홀딩스,에쓰씨엔지니어링,에쓰씨엔지니어링,티웨이홀딩스,,,,,,,,
롯데렌탈,HD현대인프라코어,,태영건설,효성중공업,에스비비테크,HJ중공업,레인보우로보틱스,티웨이항공,디케이락,LX하우시스,오리엔탈정공,,,,대한항공,고려신용정보,퍼시스,SK,모델솔루션,티웨이홀딩스,티웨이홀딩스,모델솔루션,,,,,,,,
자이에스앤디,대원전선,,한국종합기술,베노티앤알,진성티이씨,범양건영,세명전기,한미글로벌,삼목에스폼,남광토건,DL건설,,,,두산밥캣,대원,한국공항,디와이파워,비나텍,모델솔루션,모델솔루션,에이트원,,,,,,,,
대원,동방,,화천기공,세보엠이씨,케이피에프,벽산,에스와이,레인보우로보틱스,서산,에쓰씨엔지니어링,LX하우시스,,,,디와이,와이엔텍,한일현대시멘트,쏘카,에이트원,에이트원,에이트원,웰크론한텍,,,,,,,,
와이엔텍,두산에너빌리티,,효성,알에스오토메이션,KIB플러그에너지,이건산업,해성티피씨,삼일,씨에스베어링,일신석재,남광토건,,,,부산산업,인화정공,한진,에쓰씨엔지니어링,웰크론한텍,웰크론한텍,웰크론한텍,유진로봇,,,,,,,,
우원개발,롯데렌탈,,NICE평가정보,제룡전기,LIG넥스원,한국공항,CJ,에스와이,에스비비테크,화성산업,에쓰씨엔지니어링,,,,삼일씨엔에스,SK,한화시스템,티웨이홀딩스,유진로봇,유진로봇,유진로봇,제이오,,,,,,,,
흥국,일진홀딩스,,TKG애강,HJ중공업,SK오션플랜트,한국항공우주,HJ중공업,해성티피씨,에이스침대,비나텍,유니드비티플러스,,,,에넥스,디와이파워,한화오션,모델솔루션,제이오,제이오,제이오,한양이엔지,,,,,,,,
DL건설,대성하이텍,,국영지앤엠,범양건영,기신정기,한화오션,범양건영,CJ,제일테크노스,서한,일신석재,,,,우진플라임,쏘카,3S,에이트원,한양이엔지,한양이엔지,한양이엔지,현대무벡스,,,,,,,,
DL이앤씨,비츠로테크,,뉴로메카,퍼스텍,두산밥캣,현대리바트,벽산,HJ중공업,지투파워,성광벤드,화성산업,,,,조광페인트,에쓰씨엔지니어링,나이스디앤비,웰크론한텍,현대무벡스,현대무벡스,현대무벡스,GS글로벌,,,,,,,,
남광토건,빅텍,,대창솔루션,한국공항,디와이,현대지에프홀딩스,이건산업,LX인터내셔널,케이피에프,웰크론한텍,서한,,,,한미글로벌,티웨이홀딩스,나이스정보통신,유진로봇,GS글로벌,GS글로벌,GS글로벌,HDC랩스,,,,,,,,
디와이파워,스맥,,동원개발,한일현대시멘트,우진플라임,혜인,한국공항,범양건영,HMM,유진기업,성광벤드,,,,한샘,모델솔루션,동신건설,제이오,HDC랩스,HDC랩스,HDC랩스,KSS해운,,,,,,,,
에쓰씨엔지니어링,유일로보틱스,,동일금속,한화시스템,효성중공업,3S,한국항공우주,벽산,LIG넥스원,제룡산업,웰크론한텍,,,,효성중공업,에이트원,선광,한양이엔지,KSS해운,KSS해운,KSS해운,LG,,,,,,,,
화성산업,제일전기공업,,디와이피엔에프,한화오션,대동기어,TPC,한화오션,에어부산,까뮤이앤씨,제이오,제이오,,,,대동기어,웰크론한텍,에너토크,현대무벡스,LG,LG,LG,동부건설,,,,,,,,
SG,티에스아이,,레드캡투어,현대지에프홀딩스,대양전기공업,나이스정보통신,현대리바트,이건산업,부산산업,케이엔솔,한양이엔지,,,,대양전기공업,유진로봇,이화공영,GS글로벌,동부건설,동부건설,동부건설,에스원,,,,,,,,
서한,쏘카,,메디콕스,혜인,레인보우로보틱스,동신건설,현대지에프홀딩스,한국공항,삼일씨엔에스,한양이엔지,HL D&I,,,,라이온켐텍,제이오,일승,HDC랩스,에스원,에스원,아시아나항공,유수홀딩스,,,,,,,,
웰크론한텍,SG,,부스타,KCC건설,세명전기,선광,혜인,한국항공우주,우진플라임,HL D&I,노루홀딩스,,,,삼일,한양이엔지,케이에스피,KSS해운,유수홀딩스,유수홀딩스,에스원,제주항공,,,,,,,,
유진기업,나라엠앤디,,사람인,동신건설,세보엠이씨,이화공영,3S,한진,조광페인트,노루홀딩스,다스코,,,,서호전기,현대무벡스,KTcs,LG,제주항공,제주항공,유수홀딩스,천일고속,,,,,,,,
케이엔솔,다원시스,,삼일기업공사,보광산업,아세아텍,HD현대인프라코어,TPC,한화오션,한미글로벌,다스코,동부건설,,,,세명전기,GS글로벌,동방,강남제비스코,천일고속,천일고속,제주항공,로보티즈,,,,,,,,
테라사이언스,대모,,상지카일룸,에너토크,알에스오토메이션,KTcs,나이스정보통신,현대리바트,한신공영,동부건설,삼성중공업,,,,아세아텍,HDC랩스,동양고속,동부건설,로보티즈,로보티즈,천일고속,삼영이엔씨,,,,,,,,
프리엠스,서한,,성도이엔지,에스앤더블류,코엔텍,SIMPAC,동신건설,현대지에프홀딩스,대양전기공업,삼성중공업,우진아이엔에스,,,,알에스오토메이션,KSS해운,두산,에스원,삼영이엔씨,삼영이엔씨,로보티즈,한국기업평가,,,,,,,,
HDC랩스,우리기술,,쎄트렉아이,이화공영,코윈테크,SNT에너지,선광,혜인,라이온켐텍,엔케이,진흥기업,,,,에스와이,LG,롯데렌탈,유수홀딩스,한국기업평가,양지사,삼영이엔씨,한라IMS,,,,,,,,
HD현대건설기계,일진파워,,아스플로,일승,HJ중공업,대원전선,이화공영,3S,레인보우로보틱스,진흥기업,서희건설,,,,오하임아이엔티,동부건설,팬오션,제주항공,한라IMS,한국기업평가,한국기업평가,,,,,,,,,
HL D&I,제룡산업,,에이비프로바이오,제노코,LX인터내셔널,동양고속,HD현대인프라코어,TPC,베노티앤알,보성파워텍,신원종합개발,,,,제룡전기,에스원,화천기계,천일고속,,한라IMS,한라IMS,,,,,,,,,
동부건설,테라사이언스,,영풍정밀,현대에버다임,퍼스텍,두산,KTcs,나이스정보통신,삼일,서희건설,에스피시스템스,,,,코엔텍,유수홀딩스,고려신용정보,로보티즈,,,,,,,,,,,,
진흥기업,프리엠스,,와이지-원,HD현대인프라코어,퍼시스,롯데렌탈,SIMPAC,동신건설,서호전기,신원종합개발,에코프로에이치엔,,,,범양건영,제주항공,뉴보텍,삼영이엔씨,,,,,,,,,,,,
금화피에스시,피앤씨테크,,우림피티에스,SNT에너지,한국공항,일진홀딩스,SNT에너지,선광,세명전기,에코프로에이치엔,홈센타홀딩스,,,,벽산,진흥기업,오리엔탈정공,한국기업평가,,,,,,,,,,,,
비엠티,GS글로벌,,이크레더블,대원전선,한국항공우주,자이에스앤디,대원전선,이화공영,아세아텍,프럼파스트,,,,,아세아시멘트,천일고속,와이엔텍,한라IMS,,,,,,,,,,,,
서희건설,HDC랩스,,인선이엔티,동방,한일현대시멘트,팬오션,동양고속,HD현대인프라코어,알에스오토메이션,홈센타홀딩스,,,,,이건산업,누리플랜,우원개발,,,,,,,,,,,,,
신원종합개발,HD현대건설기계,,코메론,두산에너빌리티,한진,한솔홈데코,두산,KTcs,에스와이,,,,,,퍼스텍,로보티즈,DL이앤씨,,,,,,,,,,,,,
프럼파스트,HL D&I,,태광,롯데렌탈,현대리바트,국보디자인,롯데렌탈,SIMPAC,오하임아이엔티,,,,,,한국공항,삼영이엔씨,HSD엔진,,,,,,,,,,,,,
홈센타홀딩스,KC코트렐,,한국정밀기계,자이에스앤디,혜인,대원,일진홀딩스,SNT에너지,코윈테크,,,,,,한국항공우주,신원종합개발,SK,,,,,,,,,,,,,
,STX엔진,,협진,대성하이텍,TPC,비츠로테크,자이에스앤디,대원전선,플래스크,,,,,,한일현대시멘트,한국기업평가,남광토건,,,,,,,,,,,,,
,광명전기,,GS건설,대원,범한퓨얼셀,서암기계공업,팬오션,동방,해성티피씨,,,,,,한화시스템,한라IMS,디와이파워,,,,,,,,,,,,,
,다스코,,SK네트웍스,빅텍,에너토크,오리엔탈정공,한솔홈데코,동양고속,HD현대일렉트릭,,,,,,현대지에프홀딩스,,쏘카,,,,,,,,,,,,,
,대창단조,,SK렌터카,스맥,에스앤더블류,이건홀딩스,국보디자인,두산,HJ중공업,,,,,,혜인,,에쓰씨엔지니어링,,,,,,,,,,,,,
,동부건설,,STX중공업,와이엔텍,케이에스피,인화정공,대원,롯데렌탈,범양건영,,,,,,TPC,,지누스,,,,,,,,,,,,,
,천일고속,,동양,우원개발,현대에버다임,티에스아이,비츠로테크,일진홀딩스,벽산,,,,,,나이스정보통신,,티웨이홀딩스,,,,,,,,,,,,,
,한창,,삼성물산,유일로보틱스,HD현대인프라코어,DL이앤씨,서암기계공업,자이에스앤디,아세아시멘트,,,,,,동신건설,,화성산업,,,,,,,,,,,,,
,금화피에스시,,성신양회,티에스아이,SNT에너지,HD현대중공업,오리엔탈정공,팬오션,유니온,,,,,,보광산업,,SG,,,,,,,,,,,,,
,보성파워텍,,한일시멘트,흥국,대원전선,SK,우원개발,한솔홈데코,이건산업,,,,,,에너토크,,다원시스,,,,,,,,,,,,,
,비엠티,,한화에어로스페이스,DL건설,두산에너빌리티,TYM,이건홀딩스,국보디자인,퍼스텍,,,,,,에스앤더블류,,모델솔루션,,,,,,,,,,,,,
,삼영이엔씨,,현대글로비스,DL이앤씨,이엔플러스,디와이파워,인화정공,대원,퍼시스,,,,,,와토스코리아,,비나텍,,,,,,,,,,,,,
,,,현대미포조선,남광토건,일진홀딩스,티웨이홀딩스,티에스아이,비츠로테크,한국항공우주,,,,,,일승,,서한,,,,,,,,,,,,,
,,,SCI평가정보,디와이파워,화천기계,SG,DL이앤씨,서암기계공업,한일현대시멘트,,,,,,현대에버다임,,에이트원,,,,,,,,,,,,,
,,,SG&G,쏘카,대성하이텍,모델솔루션,HD현대중공업,오리엔탈정공,KCC건설,,,,,,HD현대인프라코어,,웰크론한텍,,,,,,,,,,,,,
,,,SGC이테크건설,에쓰씨엔지니어링,대원,비나텍,SK,와이엔텍,TPC,,,,,,KTcs,,유진로봇,,,,,,,,,,,,,
,,,강원에너지,화성산업,서암기계공업,아스트,TYM,이건홀딩스,동신건설,,,,,,대원전선,,제이오,,,,,,,,,,,,,
,,,고려시멘트,SG,스맥,에이치케이,남광토건,인화정공,범한퓨얼셀,,,,,,두산,,한양이엔지,,,,,,,,,,,,,
,,,남화토건,다원시스,에이테크솔루션,에이트원,디와이파워,티에스아이,보광산업,,,,,,이엔플러스,,현대무벡스,,,,,,,,,,,,,
,,,동화기업,대모,오리엔탈정공,웰크론한텍,티웨이홀딩스,DL이앤씨,와토스코리아,,,,,,일진홀딩스,,GS글로벌,,,,,,,,,,,,,
,,,듀오백,서한,와이엔텍,일진파워,SG,HD현대중공업,이화공영,,,,,,한솔홈데코,,HDC랩스,,,,,,,,,,,,,
,,,디케이락,웰크론한텍,우원개발,케이엔솔,모델솔루션,SK,케이에스피,,,,,,화천기계,,HL D&I,,,,,,,,,,,,,
,,,로보스타,유진기업,유일로보틱스,테라사이언스,비나텍,TYM,HD현대인프라코어,,,,,,KBI메탈,,KC코트렐,,,,,,,,,,,,,
,,,리파인,케이엔솔,인화정공,한양이엔지,서한,디와이파워,SNT에너지,,,,,,대성하이텍,,KSS해운,,,,,,,,,,,,,
,,,삼목에스폼,테라사이언스,티에스아이,현대무벡스,아스트,쏘카,대원전선,,,,,,대원,,LG,,,,,,,,,,,,,
,,,서산,프리엠스,포메탈,GS글로벌,에이치케이,티웨이홀딩스,두산,,,,,,비츠로테크,,다스코,,,,,,,,,,,,,
,,,씨에스베어링,HDC랩스,흥국,HDC랩스,에이트원,SG,두산에너빌리티,,,,,,서암기계공업,,동부건설,,,,,,,,,,,,,
,,,에스비비테크,HD현대건설기계,DL이앤씨,HD현대건설기계,웰크론한텍,모델솔루션,이엔플러스,,,,,,스맥,,에스원,,,,,,,,,,,,,
,,,에이스침대,HL D&I,HD현대중공업,HL D&I,일진파워,비나텍,자이에스앤디,,,,,,아이쓰리시스템,,유수홀딩스,,,,,,,,,,,,,
,,,제일테크노스,STX엔진,HSD엔진,LG,제룡산업,아스트,한솔홈데코,,,,,,유일로보틱스,,제주항공,,,,,,,,,,,,,
,,,지투파워,대창단조,LS,가온전선,케이엔솔,에이치케이,화천기계,,,,,,이건홀딩스,,진흥기업,,,,,,,,,,,,,
,,,진성티이씨,동부건설,LX하우시스,강남제비스코,테라사이언스,에이트원,국보디자인,,,,,,제이엠아이,,천일고속,,,,,,,,,,,,,
,,,케이피에프,진흥기업,TYM,광명전기,한양이엔지,웰크론한텍,뉴보텍,,,,,,제일전기공업,,CNT85,,,,,,,,,,,,,
,,,태웅로직스,천일고속,디와이파워,노루홀딩스,현대무벡스,유진기업,대원,,,,,,티에스아이,,누리플랜,,,,,,,,,,,,,
,,,CJ대한통운,한창,쏘카,대동,HDC랩스,일진파워,덕신하우징,,,,,,흥국,,로보티즈,,,,,,,,,,,,,
,,,HMM,금화피에스시,에쓰씨엔지니어링,동부건설,HD현대건설기계,케이엔솔,빅텍,,,,,,DL건설,,삼영이엔씨,,,,,,,,,,,,,
,,,KIB플러그에너지,비엠티,화성산업,삼성중공업,HL D&I,테라사이언스,아이쓰리시스템,,,,,,HD현대중공업,,에코프로에이치엔,,,,,,,,,,,,,
,,,LIG넥스원,삼영이엔씨,나라엠앤디,에스원,LG,한양이엔지,에이테크솔루션,,,,,,HSD엔진,,한국기업평가,,,,,,,,,,,,,
,,,SK오션플랜트,서희건설,다원시스,엔케이,가온전선,현대무벡스,오리엔탈정공,,,,,,LX하우시스,,한라IMS,,,,,,,,,,,,,
,,,기신정기,신원종합개발,대모,유수홀딩스,강남제비스코,HDC랩스,와이엔텍,,,,,,TYM,,홈센타홀딩스,,,,,,,,,,,,,
,,,까뮤이앤씨,프럼파스트,모델솔루션,한익스프레스,광명전기,HD현대건설기계,이건홀딩스,,,,,,디와이파워,,,,,,,,,,,,,,,
,,,대한항공,홈센타홀딩스,성광벤드,한창,노루홀딩스,HL D&I,제이엠아이,,,,,,에쓰씨엔지니어링,,,,,,,,,,,,,,,
,,,두산밥캣,,수성샐바시온,현대코퍼레이션,대동,KSS해운,포메탈,,,,,,유니드비티플러스,,,,,,,,,,,,,,,
,,,디와이,,신진에스엠,흥아해운,동부건설,LG,DL건설,,,,,,일신석재,,,,,,,,,,,,,,,
,,,부산산업,,에이치케이,모헨즈,삼성중공업,STX엔진,LX하우시스,,,,,,지누스,,,,,,,,,,,,,,,
,,,삼일씨엔에스,,에이트원,에코프로에이치엔,에스원,가온전선,남광토건,,,,,,화성산업,,,,,,,,,,,,,,,
,,,세진중공업,,유진로봇,하이록코리아,엔케이,강남제비스코,에쓰씨엔지니어링,,,,,,나라엠앤디,,,,,,,,,,,,,,,
,,,에넥스,,제이오,한국기업평가,유수홀딩스,광명전기,유니드비티플러스,,,,,,다원시스,,,,,,,,,,,,,,,
,,,우진플라임,,케이엔솔,한라IMS,한익스프레스,노루홀딩스,일신석재,,,,,,대모,,,,,,,,,,,,,,,
,,,조광페인트,,테라사이언스,홈센타홀딩스,한창,다스코,지누스,,,,,,서한,,,,,,,,,,,,,,,
,,,티웨이항공,,프리엠스,,흥아해운,대동,티웨이홀딩스,,,,,,성광벤드,,,,,,,,,,,,,,,
,,,한미글로벌,,피앤씨테크,,모헨즈,동부건설,한국카본,,,,,,수성샐바시온,,,,,,,,,,,,,,,
,,,한샘,,한양이엔지,,에코프로에이치엔,삼성중공업,화성산업,,,,,,아스트,,,,,,,,,,,,,,,
,,,한신공영,,현대무벡스,,하이록코리아,아시아나항공,SG,,,,,,에이치케이,,,,,,,,,,,,,,,
,,,효성중공업,,GS글로벌,,한국기업평가,에스원,다원시스,,,,,,유진기업,,,,,,,,,,,,,,,
,,,대동기어,,HDC랩스,,한라IMS,엔케이,대모,,,,,,유진로봇,,,,,,,,,,,,,,,
,,,대양전기공업,,HD현대건설기계,,홈센타홀딩스,유수홀딩스,서한,,,,,,제룡산업,,,,,,,,,,,,,,,
,,,라이온켐텍,,HL D&I,,,제주항공,수성샐바시온,,,,,,제이오,,,,,,,,,,,,,,,
,,,레인보우로보틱스,,KC코트렐,,,천일고속,신진에스엠,,,,,,케이엔솔,,,,,,,,,,,,,,,
,,,베노티앤알,,KSS해운,,,한익스프레스,아스트,,,,,,프리엠스,,,,,,,,,,,,,,,
,,,삼일,,STX엔진,,,한창,웰크론한텍,,,,,,HD현대건설기계,,,,,,,,,,,,,,,
,,,서호전기,,강남제비스코,,,흥아해운,유진기업,,,,,,HL D&I,,,,,,,,,,,,,,,
,,,세명전기,,광명전기,,,모헨즈,제룡산업,,,,,,가온전선,,,,,,,,,,,,,,,
,,,세보엠이씨,,다스코,,,서희건설,제이오,,,,,,강남제비스코,,,,,,,,,,,,,,,
,,,아세아텍,,대동,,,에코프로에이치엔,테라사이언스,,,,,,광명전기,,,,,,,,,,,,,,,
,,,알에스오토메이션,,대창단조,,,하이록코리아,프리엠스,,,,,,대동,,,,,,,,,,,,,,,
,,,에스와이,,동부건설,,,한국기업평가,피앤씨테크,,,,,,대창단조,,,,,,,,,,,,,,,
,,,오하임아이엔티,,천일고속,,,한라IMS,한양이엔지,,,,,,동부건설,,,,,,,,,,,,,,,
,,,제룡전기,,한창,,,홈센타홀딩스,현대무벡스,,,,,,삼성중공업,,,,,,,,,,,,,,,
,,,코엔텍,,현대코퍼레이션,,,,HL D&I,,,,,,에스원,,,,,,,,,,,,,,,
,,,코윈테크,,CNT85,,,,KSS해운,,,,,,엔케이,,,,,,,,,,,,,,,
,,,플래스크,,로보티즈,,,,강남제비스코,,,,,,제주항공,,,,,,,,,,,,,,,
,,,해성티피씨,,모헨즈,,,,노루홀딩스,,,,,,진흥기업,,,,,,,,,,,,,,,
,,,CJ,,보성파워텍,,,,다스코,,,,,,천일고속,,,,,,,,,,,,,,,
,,,HD현대일렉트릭,,비엠티,,,,대동,,,,,,한익스프레스,,,,,,,,,,,,,,,
,,,HJ중공업,,양지사,,,,대창단조,,,,,,CNT85,,,,,,,,,,,,,,,
,,,LX인터내셔널,,에스피시스템스,,,,동부건설,,,,,,금화피에스시,,,,,,,,,,,,,,,
,,,범양건영,,하이록코리아,,,,삼성중공업,,,,,,누리플랜,,,,,,,,,,,,,,,
,,,벽산,,한국기업평가,,,,엔케이,,,,,,로보티즈,,,,,,,,,,,,,,,
,,,아세아시멘트,,한라IMS,,,,진흥기업,,,,,,모헨즈,,,,,,,,,,,,,,,
,,,에어부산,,,,,,한익스프레스,,,,,,보성파워텍,,,,,,,,,,,,,,,
,,,유니온,,,,,,현대코퍼레이션,,,,,,비엠티,,,,,,,,,,,,,,,
,,,이건산업,,,,,,흥아해운,,,,,,삼영이엔씨,,,,,,,,,,,,,,,
,,,퍼스텍,,,,,,누리플랜,,,,,,서희건설,,,,,,,,,,,,,,,
,,,퍼시스,,,,,,로보티즈,,,,,,신원종합개발,,,,,,,,,,,,,,,
,,,한국공항,,,,,,모헨즈,,,,,,양지사,,,,,,,,,,,,,,,
,,,한국항공우주,,,,,,보성파워텍,,,,,,에스피시스템스,,,,,,,,,,,,,,,
,,,한일현대시멘트,,,,,,비엠티,,,,,,하이록코리아,,,,,,,,,,,,,,,
,,,한진,,,,,,삼영이엔씨,,,,,,홈센타홀딩스,,,,,,,,,,,,,,,
,,,한화시스템,,,,,,서희건설,,,,,,,,,,,,,,,,,,,,,
,,,한화오션,,,,,,신원종합개발,,,,,,,,,,,,,,,,,,,,,
,,,현대리바트,,,,,,양지사,,,,,,,,,,,,,,,,,,,,,
,,,현대지에프홀딩스,,,,,,에스피시스템스,,,,,,,,,,,,,,,,,,,,,
,,,혜인,,,,,,에코프로에이치엔,,,,,,,,,,,,,,,,,,,,,
,,,3S,,,,,,프럼파스트,,,,,,,,,,,,,,,,,,,,,
,,,KCC건설,,,,,,하이록코리아,,,,,,,,,,,,,,,,,,,,,
,,,TPC,,,,,,홈센타홀딩스,,,,,,,,,,,,,,,,,,,,,
,,,꿈비,,,,,,,,,,,,,,,,,,,,,,,,,,,
,,,나이스디앤비,,,,,,,,,,,,,,,,,,,,,,,,,,,
,,,나이스정보통신,,,,,,,,,,,,,,,,,,,,,,,,,,,
,,,동신건설,,,,,,,,,,,,,,,,,,,,,,,,,,,
,,,범한퓨얼셀,,,,,,,,,,,,,,,,,,,,,,,,,,,
,,,보광산업,,,,,,,,,,,,,,,,,,,,,,,,,,,
,,,선광,,,,,,,,,,,,,,,,,,,,,,,,,,,
,,,에너토크,,,,,,,,,,,,,,,,,,,,,,,,,,,
,,,에스앤더블류,,,,,,,,,,,,,,,,,,,,,,,,,,,
,,,와토스코리아,,,,,,,,,,,,,,,,,,,,,,,,,,,
,,,이화공영,,,,,,,,,,,,,,,,,,,,,,,,,,,
,,,일승,,,,,,,,,,,,,,,,,,,,,,,,,,,
,,,제노코,,,,,,,,,,,,,,,,,,,,,,,,,,,
,,,케이에스피,,,,,,,,,,,,,,,,,,,,,,,,,,,
,,,현대에버다임,,,,,,,,,,,,,,,,,,,,,,,,,,,
,,,HD현대인프라코어,,,,,,,,,,,,,,,,,,,,,,,,,,,
,,,KTcs,,,,,,,,,,,,,,,,,,,,,,,,,,,
,,,SIMPAC,,,,,,,,,,,,,,,,,,,,,,,,,,,
,,,SNT에너지,,,,,,,,,,,,,,,,,,,,,,,,,,,
,,,대원전선,,,,,,,,,,,,,,,,,,,,,,,,,,,
,,,동방,,,,,,,,,,,,,,,,,,,,,,,,,,,
,,,동양고속,,,,,,,,,,,,,,,,,,,,,,,,,,,
,,,두산,,,,,,,,,,,,,,,,,,,,,,,,,,,
,,,두산에너빌리티,,,,,,,,,,,,,,,,,,,,,,,,,,,
,,,롯데렌탈,,,,,,,,,,,,,,,,,,,,,,,,,,,
,,,이엔플러스,,,,,,,,,,,,,,,,,,,,,,,,,,,
,,,일진홀딩스,,,,,,,,,,,,,,,,,,,,,,,,,,,
,,,자이에스앤디,,,,,,,,,,,,,,,,,,,,,,,,,,,
,,,팬오션,,,,,,,,,,,,,,,,,,,,,,,,,,,
,,,한솔홈데코,,,,,,,,,,,,,,,,,,,,,,,,,,,
,,,화천기계,,,,,,,,,,,,,,,,,,,,,,,,,,,
,,,KBI메탈,,,,,,,,,,,,,,,,,,,,,,,,,,,
,,,고려신용정보,,,,,,,,,,,,,,,,,,,,,,,,,,,
,,,국보디자인,,,,,,,,,,,,,,,,,,,,,,,,,,,
,,,뉴보텍,,,,,,,,,,,,,,,,,,,,,,,,,,,
,,,대성하이텍,,,,,,,,,,,,,,,,,,,,,,,,,,,
,,,대원,,,,,,,,,,,,,,,,,,,,,,,,,,,
,,,덕신하우징,,,,,,,,,,,,,,,,,,,,,,,,,,,
,,,비츠로테크,,,,,,,,,,,,,,,,,,,,,,,,,,,
,,,빅텍,,,,,,,,,,,,,,,,,,,,,,,,,,,
,,,서암기계공업,,,,,,,,,,,,,,,,,,,,,,,,,,,
,,,스맥,,,,,,,,,,,,,,,,,,,,,,,,,,,
,,,아이쓰리시스템,,,,,,,,,,,,,,,,,,,,,,,,,,,
,,,에이테크솔루션,,,,,,,,,,,,,,,,,,,,,,,,,,,
,,,오리엔탈정공,,,,,,,,,,,,,,,,,,,,,,,,,,,
,,,와이엔텍,,,,,,,,,,,,,,,,,,,,,,,,,,,
,,,우원개발,,,,,,,,,,,,,,,,,,,,,,,,,,,
,,,유일로보틱스,,,,,,,,,,,,,,,,,,,,,,,,,,,
,,,이건홀딩스,,,,,,,,,,,,,,,,,,,,,,,,,,,
,,,인화정공,,,,,,,,,,,,,,,,,,,,,,,,,,,
,,,제이엠아이,,,,,,,,,,,,,,,,,,,,,,,,,,,
,,,제일전기공업,,,,,,,,,,,,,,,,,,,,,,,,,,,
,,,티에스아이,,,,,,,,,,,,,,,,,,,,,,,,,,,
,,,포메탈,,,,,,,,,,,,,,,,,,,,,,,,,,,
,,,흥국,,,,,,,,,,,,,,,,,,,,,,,,,,,
,,,DL건설,,,,,,,,,,,,,,,,,,,,,,,,,,,
,,,DL이앤씨,,,,,,,,,,,,,,,,,,,,,,,,,,,
,,,HD현대중공업,,,,,,,,,,,,,,,,,,,,,,,,,,,
,,,HSD엔진,,,,,,,,,,,,,,,,,,,,,,,,,,,
,,,LS,,,,,,,,,,,,,,,,,,,,,,,,,,,
,,,LX하우시스,,,,,,,,,,,,,,,,,,,,,,,,,,,
,,,SK,,,,,,,,,,,,,,,,,,,,,,,,,,,
,,,TYM,,,,,,,,,,,,,,,,,,,,,,,,,,,
,,,남광토건,,,,,,,,,,,,,,,,,,,,,,,,,,,
,,,디와이파워,,,,,,,,,,,,,,,,,,,,,,,,,,,
,,,쏘카,,,,,,,,,,,,,,,,,,,,,,,,,,,
,,,에쓰씨엔지니어링,,,,,,,,,,,,,,,,,,,,,,,,,,,
,,,유니드비티플러스,,,,,,,,,,,,,,,,,,,,,,,,,,,
,,,일신석재,,,,,,,,,,,,,,,,,,,,,,,,,,,
,,,지누스,,,,,,,,,,,,,,,,,,,,,,,,,,,
,,,티웨이홀딩스,,,,,,,,,,,,,,,,,,,,,,,,,,,
,,,한국카본,,,,,,,,,,,,,,,,,,,,,,,,,,,
,,,화성산업,,,,,,,,,,,,,,,,,,,,,,,,,,,
,,,SG,,,,,,,,,,,,,,,,,,,,,,,,,,,
,,,나라엠앤디,,,,,,,,,,,,,,,,,,,,,,,,,,,
,,,다원시스,,,,,,,,,,,,,,,,,,,,,,,,,,,
,,,대모,,,,,,,,,,,,,,,,,,,,,,,,,,,
,,,모델솔루션,,,,,,,,,,,,,,,,,,,,,,,,,,,
,,,비나텍,,,,,,,,,,,,,,,,,,,,,,,,,,,
,,,서한,,,,,,,,,,,,,,,,,,,,,,,,,,,
,,,성광벤드,,,,,,,,,,,,,,,,,,,,,,,,,,,
,,,수성샐바시온,,,,,,,,,,,,,,,,,,,,,,,,,,,
,,,신진에스엠,,,,,,,,,,,,,,,,,,,,,,,,,,,
,,,아스트,,,,,,,,,,,,,,,,,,,,,,,,,,,
,,,에이치케이,,,,,,,,,,,,,,,,,,,,,,,,,,,
,,,에이트원,,,,,,,,,,,,,,,,,,,,,,,,,,,
,,,우리기술,,,,,,,,,,,,,,,,,,,,,,,,,,,
,,,웰크론한텍,,,,,,,,,,,,,,,,,,,,,,,,,,,
,,,유진기업,,,,,,,,,,,,,,,,,,,,,,,,,,,
,,,유진로봇,,,,,,,,,,,,,,,,,,,,,,,,,,,
,,,일진파워,,,,,,,,,,,,,,,,,,,,,,,,,,,
,,,제룡산업,,,,,,,,,,,,,,,,,,,,,,,,,,,
,,,제이오,,,,,,,,,,,,,,,,,,,,,,,,,,,
,,,케이엔솔,,,,,,,,,,,,,,,,,,,,,,,,,,,
,,,테라사이언스,,,,,,,,,,,,,,,,,,,,,,,,,,,
,,,프리엠스,,,,,,,,,,,,,,,,,,,,,,,,,,,
,,,피앤씨테크,,,,,,,,,,,,,,,,,,,,,,,,,,,
,,,한양이엔지,,,,,,,,,,,,,,,,,,,,,,,,,,,
,,,현대무벡스,,,,,,,,,,,,,,,,,,,,,,,,,,,
,,,GS글로벌,,,,,,,,,,,,,,,,,,,,,,,,,,,
,,,HDC랩스,,,,,,,,,,,,,,,,,,,,,,,,,,,
,,,HD현대건설기계,,,,,,,,,,,,,,,,,,,,,,,,,,,
,,,HL D&I,,,,,,,,,,,,,,,,,,,,,,,,,,,
,,,KC코트렐,,,,,,,,,,,,,,,,,,,,,,,,,,,
,,,KSS해운,,,,,,,,,,,,,,,,,,,,,,,,,,,
,,,LG,,,,,,,,,,,,,,,,,,,,,,,,,,,
,,,STX엔진,,,,,,,,,,,,,,,,,,,,,,,,,,,
,,,가온전선,,,,,,,,,,,,,,,,,,,,,,,,,,,
,,,강남제비스코,,,,,,,,,,,,,,,,,,,,,,,,,,,
,,,광명전기,,,,,,,,,,,,,,,,,,,,,,,,,,,
,,,노루홀딩스,,,,,,,,,,,,,,,,,,,,,,,,,,,
,,,다스코,,,,,,,,,,,,,,,,,,,,,,,,,,,
,,,대동,,,,,,,,,,,,,,,,,,,,,,,,,,,
,,,대창단조,,,,,,,,,,,,,,,,,,,,,,,,,,,
,,,동부건설,,,,,,,,,,,,,,,,,,,,,,,,,,,
,,,삼성중공업,,,,,,,,,,,,,,,,,,,,,,,,,,,
,,,아시아나항공,,,,,,,,,,,,,,,,,,,,,,,,,,,
,,,에스원,,,,,,,,,,,,,,,,,,,,,,,,,,,
,,,엔케이,,,,,,,,,,,,,,,,,,,,,,,,,,,
,,,우진아이엔에스,,,,,,,,,,,,,,,,,,,,,,,,,,,
,,,유수홀딩스,,,,,,,,,,,,,,,,,,,,,,,,,,,
,,,제주항공,,,,,,,,,,,,,,,,,,,,,,,,,,,
,,,진흥기업,,,,,,,,,,,,,,,,,,,,,,,,,,,
,,,천일고속,,,,,,,,,,,,,,,,,,,,,,,,,,,
,,,한익스프레스,,,,,,,,,,,,,,,,,,,,,,,,,,,
,,,한창,,,,,,,,,,,,,,,,,,,,,,,,,,,
,,,현대코퍼레이션,,,,,,,,,,,,,,,,,,,,,,,,,,,
,,,흥아해운,,,,,,,,,,,,,,,,,,,,,,,,,,,
,,,CNT85,,,,,,,,,,,,,,,,,,,,,,,,,,,
,,,금화피에스시,,,,,,,,,,,,,,,,,,,,,,,,,,,
,,,누리플랜,,,,,,,,,,,,,,,,,,,,,,,,,,,
,,,로보티즈,,,,,,,,,,,,,,,,,,,,,,,,,,,
,,,모헨즈,,,,,,,,,,,,,,,,,,,,,,,,,,,
,,,보성파워텍,,,,,,,,,,,,,,,,,,,,,,,,,,,
,,,비엠티,,,,,,,,,,,,,,,,,,,,,,,,,,,
,,,삼영이엔씨,,,,,,,,,,,,,,,,,,,,,,,,,,,
,,,서희건설,,,,,,,,,,,,,,,,,,,,,,,,,,,
,,,신원종합개발,,,,,,,,,,,,,,,,,,,,,,,,,,,
,,,양지사,,,,,,,,,,,,,,,,,,,,,,,,,,,
,,,에스피시스템스,,,,,,,,,,,,,,,,,,,,,,,,,,,
,,,에코프로에이치엔,,,,,,,,,,,,,,,,,,,,,,,,,,,
,,,프럼파스트,,,,,,,,,,,,,,,,,,,,,,,,,,,
,,,하이록코리아,,,,,,,,,,,,,,,,,,,,,,,,,,,
,,,한국기업평가,,,,,,,,,,,,,,,,,,,,,,,,,,,
,,,한라IMS,,,,,,,,,,,,,,,,,,,,,,,,,,,
,,,홈센타홀딩스,,,,,,,,,,,,,,,,,,,,,,,,,,,
