우주항공과 국방,건축제품,건축자재,건설,기구,전기장비,복합기업,기계,조선,무역회사와 판매업체,상업용 인쇄,다각화된 상업 서비스,환경 및 시설 서비스,사무 서비스와 사무용품,인적 자원 및 고용 서비스,신용평가 서비스,항공화물 운송과 물류,항공사,해운사,도로와 철도운송,운송 인프라
에이트원,서희건설,서희건설,서희건설,대양전기공업,제룡전기,제룡전기,서희건설,하이록코리아,서희건설,대원,SK네트웍스,제룡전기,SK네트웍스,SK네트웍스,SK네트웍스,서희건설,티웨이항공,아이에스동서,서희건설,SK네트웍스
아시아나항공,에쎈테크,삼성중공업,제룡전기,기신정기,일진홀딩스,에쎈테크,제룡전기,삼성중공업,제룡전기,국영지앤엠,한양이엔지,SK네트웍스,한양이엔지,한양이엔지,한양이엔지,혜인,아시아나항공,,삼성중공업,한양이엔지
한양이엔지,삼성중공업,에쎈테크,HDC랩스,삼영이엔씨,HDC랩스,삼성중공업,에쎈테크,현대미포조선,삼성중공업,상지카일룸,HDC랩스,한양이엔지,HDC랩스,HDC랩스,HDC랩스,팬오션,,,SK네트웍스,HDC랩스
제이오,와토스코리아,한양이엔지,까뮤이앤씨,제일전기공업,KIB플러그에너지,한양이엔지,SK네트웍스,HJ중공업,에쎈테크,진흥기업,성도이엔지,HDC랩스,성도이엔지,리파인,성도이엔지,한양이엔지,,,일진홀딩스,성도이엔지
아스트,한양이엔지,까뮤이앤씨,TKG애강,,수산중공업,포메탈,HDC랩스,HD한국조선해양,SK네트웍스,누리플랜,리파인,성도이엔지,리파인,성도이엔지,리파인,아시아나항공,,,한양이엔지,리파인
포메탈,까뮤이앤씨,인선이엔티,수산중공업,,성도이엔지,인선이엔티,일진홀딩스,한라IMS,일진홀딩스,두산,티웨이항공,리파인,티웨이항공,티웨이항공,티웨이항공,제이오,,,HDC랩스,티웨이항공
유니온,TKG애강,성도이엔지,인선이엔티,,동일금속,성도이엔지,한양이엔지,에너토크,한양이엔지,양지사,현대글로비스,현대미포조선,현대리바트,코오롱,현대글로비스,까뮤이앤씨,,,인선이엔티,현대글로비스
대한항공,포메탈,노루홀딩스,성도이엔지,,지투파워,지투파워,까뮤이앤씨,STX중공업,HDC랩스,동신건설,한화에어로스페이스,티웨이항공,현대글로비스,현대글로비스,한화에어로스페이스,3S,,,성도이엔지,한화에어로스페이스
티웨이항공,인선이엔티,현대리바트,동일금속,,에스앤더블류,티웨이항공,KIB플러그에너지,동방선기,까뮤이앤씨,범한퓨얼셀,한라IMS,현대글로비스,한화에어로스페이스,한화에어로스페이스,한라IMS,아스트,,,노루홀딩스,한라IMS
하이즈항공,성도이엔지,그린플러스,에스앤더블류,,제노코,현대리바트,TKG애강,HD현대중공업,와토스코리아,,한미글로벌,한화에어로스페이스,한라IMS,한라IMS,한미글로벌,SG&G,,,CJ대한통운,한미글로벌
제노코,지투파워,현대글로비스,CJ대한통운,,현대글로비스,제노코,수산중공업,한화오션,TKG애강,,쏘카,한라IMS,한미글로벌,에코프로에이치엔,쏘카,유니온,,,현대미포조선,쏘카
모델솔루션,노루홀딩스,DL건설,DL건설,,한화에어로스페이스,그린플러스,인선이엔티,서호전기,인선이엔티,,NICE평가정보,동방선기,쏘카,한미글로벌,NICE평가정보,대한항공,,,티웨이항공,NICE평가정보
한국항공우주,현대미포조선,보성파워텍,윈하이텍,,현대에버다임,협진,성도이엔지,한국정밀기계,성도이엔지,,한국종합기술,에코프로에이치엔,NICE평가정보,쏘카,한국종합기술,대한해운,,,현대리바트,한국종합기술
한화에어로스페이스,그린플러스,동방선기,한미글로벌,,보성파워텍,성광벤드,동일금속,세진중공업,동일금속,,제주항공,한미글로벌,한국종합기술,NICE평가정보,제주항공,동양고속,,,그린플러스,제주항공
LIG넥스원,협진,윈하이텍,KT서브마린,,한미글로벌,로보티즈,포메탈,일승,리파인,,로보티즈,쏘카,제주항공,LX홀딩스,로보티즈,세방,,,코오롱,로보티즈
티웨이홀딩스,DL건설,에코프로에이치엔,삼부토건,,쏘카,대동기어,코메론,STX엔진,노루홀딩스,,동아지질,NICE평가정보,로보티즈,한국종합기술,동아지질,CJ대한통운,,,에이치케이,동아지질
쎄트렉아이,보성파워텍,한미글로벌,한국종합기술,,씨에스베어링,뉴보텍,에스앤더블류,디케이락,에스앤더블류,,태영건설,한국종합기술,동아지질,제주항공,태영건설,티웨이항공,,,현대글로비스,태영건설
진에어,윈하이텍,성광벤드,HD현대인프라코어,,KT서브마린,화천기공,CJ대한통운,메디콕스,현대미포조선,,화천기계,제주항공,태영건설,로보티즈,GS글로벌,하이즈항공,,,한화에어로스페이스,GS글로벌
제주항공,에코프로에이치엔,LX홀딩스,남화토건,,동아지질,대양전기공업,현대리바트,대양전기공업,티웨이항공,,GS글로벌,로보티즈,웰크론,HD현대인프라코어,퍼시스,동부건설,,,한라IMS,퍼시스
한솔로지스틱스,한미글로벌,삼부토건,태영건설,,HD현대인프라코어,GS글로벌,제노코,제일테크노스,현대리바트,,퍼시스,동아지질,GS글로벌,동아지질,양지사,제노코,,,에코프로에이치엔,케이에스피
STX엔진,에이테크솔루션,한국종합기술,웰크론,,서호전기,금화피에스시,에이치케이,비엠티,그린플러스,,케이에스피,뉴보텍,퍼시스,태영건설,케이에스피,STX,,,한미글로벌,KTcs
와이지-원,씨에스베어링,남화토건,파라텍,,남화토건,알에스오토메이션,현대글로비스,SK오션플랜트,코오롱,,KTcs,태영건설,케이에스피,GS글로벌,KTcs,HJ중공업,,,쏘카,한국공항
켄코아에어로스페이스,LX홀딩스,태영건설,금화피에스시,,STX엔진,양지사,한화에어로스페이스,,에이치케이,,한국공항,화천기계,KTcs,퍼시스,한국공항,모델솔루션,,,LX홀딩스,SK
에어부산,삼부토건,대림통상,남광토건,,지엔씨에너지,SK,현대에버다임,,현대글로비스,,SK,웰크론,한국공항,케이에스피,SK,삼일,,,삼부토건,한진
휴림로봇,한국종합기술,엔케이,삼목에스폼,,대양전기공업,한진,한라IMS,,한화에어로스페이스,,한진,지엔씨에너지,SK,KTcs,한진,홈센타홀딩스,,,HD현대중공업,아시아나항공
한국공항,로보티즈,남광토건,우림피티에스,,GS글로벌,넥스턴바이오,협진,,한라IMS,,제이오,GS글로벌,한진,한국공항,제이오,한국항공우주,,,한국종합기술,제이오
금호건설,HD현대인프라코어,삼목에스폼,동원개발,,금화피에스시,강남제비스코,DL건설,,현대에버다임,,동양고속,남광토건,팬스타엔터프라이즈,SK,동양고속,HD한국조선해양,,,제주항공,동양고속
,고려시멘트,조광페인트,HDC현대산업개발,,알에스오토메이션,국보디자인,보성파워텍,,협진,,범한퓨얼셀,퍼시스,제이오,한진,나이스디앤비,현대글로비스,,,HD현대인프라코어,나이스디앤비
,부스타,삼영엠텍,KCC건설,,SK렌터카,인화정공,동방선기,,DL건설,,나이스디앤비,케이에스피,강남제비스코,제이오,유진로봇,한화에어로스페이스,,,고려시멘트,유진로봇
,서호전기,동원개발,테라사이언스,,한국공항,다스코,윈하이텍,,보성파워텍,,인화정공,KTcs,동양고속,HDC현대산업개발,웰크론한텍,에스엠코어,,,TPC,웰크론한텍
,TPC,덕신하우징,아이에스동서,,조광페인트,유진로봇,한미글로벌,,동방선기,,유진로봇,삼목에스폼,나이스디앤비,동양고속,태웅로직스,동방,,,남화토건,태웅로직스
,뉴보텍,HDC현대산업개발,HD현대건설기계,,우림피티에스,한화시스템,쏘카,,윈하이텍,,웰크론한텍,한국공항,유진로봇,나이스디앤비,선광,태웅로직스,,,태영건설,선광
,남화토건,제이오,웰크론한텍,,팬스타엔터프라이즈,노루페인트,씨에스베어링,,에코프로에이치엔,,태웅로직스,SK,웰크론한텍,아이에스동서,티웨이홀딩스,선광,,,화천기공,티웨이홀딩스
,태영건설,이건산업,세보엠이씨,,에이비프로바이오,대원전선,에이테크솔루션,,한미글로벌,,선광,한진,태웅로직스,HD현대건설기계,쎄트렉아이,티웨이홀딩스,,,STX엔진,쎄트렉아이
,대림통상,국보디자인,범양건영,,범한퓨얼셀,와이지-원,성광벤드,,NICE평가정보,,티웨이홀딩스,제이오,선광,유진로봇,삼성엔지니어링,천일고속,,,웰크론,삼성엔지니어링
,화천기계,KCC건설,한일홀딩스,,다스코,도화엔지니어링,LS,,성광벤드,,쎄트렉아이,동양고속,티웨이홀딩스,웰크론한텍,한화시스템,쏘카,,,엔케이,한화시스템
,웰크론,다스코,신원종합개발,,테라사이언스,비츠로테크,KT서브마린,,LX홀딩스,,삼성엔지니어링,나이스디앤비,효성,태웅로직스,한일홀딩스,효성,,,대양전기공업,한일홀딩스
,파라텍,아이에스동서,희림,,대성하이텍,자이에스앤디,삼부토건,,삼부토건,,한화시스템,다스코,쎄트렉아이,선광,희림,유진기업,,,남광토건,희림
,엔케이,웰크론한텍,대원전선,,HD현대건설기계,KSS해운,HD현대중공업,,HD현대중공업,,한일홀딩스,아이에스동서,삼성엔지니어링,삼표시멘트,도화엔지니어링,쎄트렉아이,,,대동,도화엔지니어링
,대양전기공업,일신석재,두산에너빌리티,,에스비비테크,한국기업평가,한국종합기술,,한국종합기술,,신원종합개발,에스비비테크,한화시스템,티웨이홀딩스,KSS해운,진에어,,,KTcs,KSS해운
,알에스오토메이션,효성,프리엠스,,서산,아스플로,로보티즈,,제주항공,,희림,유진로봇,한일홀딩스,효성,한국기업평가,한화오션,,,한국공항,한국기업평가
,남광토건,삼성엔지니어링,도화엔지니어링,,삼표시멘트,유신,기신정기,,로보티즈,,도화엔지니어링,웰크론한텍,희림,쎄트렉아이,롯데렌탈,수성샐바시온,,,SK,롯데렌탈
,퍼시스,에이스침대,자이에스앤디,,삼익THK,롯데렌탈,동아지질,,기신정기,,상지카일룸,태웅로직스,한국카본,삼성엔지니어링,유신,범양건영,,,SK렌터카,유신
,양지사,대한전선,상지카일룸,,효성,광명전기,HD현대인프라코어,,HD현대인프라코어,,KSS해운,선광,도화엔지니어링,한화시스템,LG,한솔로지스틱스,,,조광페인트,LG
,대동,범양건영,한신공영,,쎄트렉아이,이화공영,부스타,,고려시멘트,,한국기업평가,티웨이홀딩스,코아스,노루페인트,베노티앤알,제주항공,,,삼영엠텍,베노티앤알
,케이에스피,노루페인트,비엠티,,대한전선,HDC,대동기어,,부스타,,한신공영,쎄트렉아이,상지카일룸,한일홀딩스,팬오션,인터지스,,,한진,팬오션
,삼목에스폼,한일홀딩스,롯데렌탈,,세보엠이씨,세방,TPC,,서호전기,,롯데렌탈,삼성엔지니어링,KSS해운,희림,동양,현대무벡스,,,아시아나항공,동양
,조광페인트,신원종합개발,유신,,범양건영,삼일,남화토건,,대동기어,,유신,세보엠이씨,한국기업평가,HD현대일렉트릭,드림시큐리티,와이엔텍,,,HDC현대산업개발,드림시큐리티
,삼영엠텍,희림,대원,,한화시스템,대창단조,태영건설,,TPC,,LG,한화시스템,롯데렌탈,도화엔지니어링,유수홀딩스,한국카본,,,아스트,유수홀딩스
,우림피티에스,두산에너빌리티,대우건설,,노루페인트,SG,STX엔진,,남화토건,,대원,한일홀딩스,유신,KSS해운,GS건설,웰바이오텍,,,레인보우로보틱스,GS건설
,팬스타엔터프라이즈,도화엔지니어링,케이피에프,,한일홀딩스,롯데지주,화천기공,,태영건설,,베노티앤알,희림,LG,한국기업평가,세방,한익스프레스,,,이건산업,세방
,동원개발,메디콕스,베노티앤알,,한국정밀기계,현대로템,화천기계,,대림통상,,팬오션,도화엔지니어링,베노티앤알,유신,동부건설,부산산업,,,SIMPAC,동부건설
,덕신하우징,켄코아에어로스페이스,이화공영,,제일전기공업,한화오션,웰크론,,화천기공,,누리플랜,상지카일룸,팬오션,롯데렌탈,STX,와이지-원,,,동양고속,STX
,HDC현대산업개발,자이에스앤디,동양,,HD현대일렉트릭,사람인,파라텍,,화천기계,,동양,KSS해운,동양,LG,STX중공업,금호건설,,,강남제비스코,삼호개발
,아스트,상지카일룸,HDC,,대원전선,세진중공업,대양전기공업,,웰크론,,드림시큐리티,한국기업평가,드림시큐리티,베노티앤알,디와이,켄코아에어로스페이스,,,국보디자인,STX중공업
,넥스턴바이오,제일테크노스,GS건설,,두산에너빌리티,일승,GS글로벌,,엔케이,,유수홀딩스,유신,유수홀딩스,팬오션,한화오션,GS글로벌,,,인화정공,우원개발
,제이오,한신공영,삼성물산,,프리엠스,에스원,금화피에스시,,대양전기공업,,GS건설,롯데렌탈,GS건설,동양,사람인,흥아해운,,,다스코,디와이
,레인보우로보틱스,아스플로,동부건설,,에스에프에이,비나텍,알에스오토메이션,,GS글로벌,,세방,LG,세방,드림시큐리티,에스원,에어부산,,,테라사이언스,한화오션
,이건산업,유신,KD,,메디콕스,효성중공업,남광토건,,금화피에스시,,동부건설,대우건설,동부건설,HDC,현대무벡스,HMM,,,아이에스동서,사람인
,강남제비스코,대원,홈센타홀딩스,,비츠로테크,DL이앤씨,퍼시스,,알에스오토메이션,,STX,HSD엔진,STX,포스코인터내셔널,와이엔텍,LX인터내셔널,,,에스와이,에스원
,범한퓨얼셀,대우건설,SG,,상지카일룸,꿈비,양지사,,양지사,,국영지앤엠,베노티앤알,STX중공업,유수홀딩스,SCI평가정보,KSS해운,,,HD현대건설기계,현대무벡스
,국보디자인,베노티앤알,삼호개발,,아스플로,동방,대동,,대동,,STX중공업,팬오션,디와이,GS건설,HMM,퍼시스,,,웰크론한텍,와이엔텍
,KCC건설,우진아이엔에스,에넥스,,비엠티,흥국,케이에스피,,KTcs,,디와이,이화공영,한화오션,세방,삼영이엔씨,CJ,,,태웅로직스,SCI평가정보
,다스코,이화공영,AJ네트웍스,,유일로보틱스,이엔코퍼레이션,삼목에스폼,,삼목에스폼,,한화오션,누리플랜,사람인,동부건설,삼일씨엔에스,SK렌터카,,,선광,HMM
,테라사이언스,동양,유진기업,,롯데렌탈,코윈테크,SK렌터카,,한국공항,,사람인,동양,에스원,STX,동방,한신공영,,,서산,삼영이엔씨
,아이에스동서,HDC,우원개발,,광명전기,하이록코리아,한국공항,,SK,,에스원,드림시큐리티,현대무벡스,STX중공업,KTis,한국공항,,,삼표시멘트,동방
,에스와이,포스코인터내셔널,디와이,,대우건설,대창솔루션,CNT85,,SK렌터카,,현대무벡스,유수홀딩스,와이엔텍,디와이,이엔코퍼레이션,국보,,,티웨이홀딩스,KTis
,에스비비테크,GS건설,한화오션,,케이피에프,HL D&I,삼영엠텍,,조광페인트,,와이엔텍,포스코인터내셔널,SCI평가정보,한화오션,에이트원,롯데렌탈,,,효성,이엔코퍼레이션
,웰크론한텍,삼성물산,케이엔솔,,이화공영,대모,우림피티에스,,삼영엠텍,,SCI평가정보,유니온,HMM,사람인,SG&G,한진,,,모헨즈,에이트원
,서산,동부건설,디와이피엔에프,,HDC,대한해운,팬스타엔터프라이즈,,팬스타엔터프라이즈,,HMM,GS건설,삼영이엔씨,에스원,대한해운,토탈소프트,,,쎄트렉아이,SG&G
,삼표시멘트,STX,와이엔텍,,한창,신진에스엠,한진,,우림피티에스,,동신건설,세방,꿈비,현대무벡스,뉴로메카,,,,에이스침대,세명전기
,삼익THK,KD,부산산업,,현대지에프홀딩스,가온전선,동원개발,,제이오,,삼영이엔씨,동부건설,동방,와이엔텍,나이스정보통신,,,,대한전선,대한해운
,티웨이홀딩스,홈센타홀딩스,삼일기업공사,,동부건설,제이엠아이,에이비프로바이오,,HDC현대산업개발,,꿈비,STX,KTis,비나텍,아이마켓코리아,,,,범양건영,뉴로메카
,일신석재,국영지앤엠,효성중공업,,대창단조,아이마켓코리아,제이오,,아스트,,동방,홈센타홀딩스,이엔코퍼레이션,SCI평가정보,모델솔루션,,,,노루페인트,나이스정보통신
,효성,STX중공업,동신건설,,SG,진성티이씨,HDC현대산업개발,,넥스턴바이오,,KTis,국영지앤엠,에이트원,아세아시멘트,이크레더블,,,,대원전선,아이마켓코리아
,모헨즈,롯데지주,DL이앤씨,,AJ네트웍스,HD한국조선해양,넥스턴바이오,,이건산업,,이엔코퍼레이션,SG,SG&G,HMM,에스엠코어,,,,웰바이오텍,모델솔루션
,우진,유진기업,흥국,,우진플라임,성신양회,레인보우로보틱스,,레인보우로보틱스,,에이트원,삼호개발,대한해운,효성중공업,두산,,,,한익스프레스,이크레더블
,삼성엔지니어링,케이엔솔,혜인,,현대로템,에너토크,강남제비스코,,SIMPAC,,SG&G,STX중공업,뉴로메카,DL이앤씨,에쓰씨엔지니어링,,,,도화엔지니어링,에스엠코어
,에이스침대,세진중공업,HL D&I,,일승,LIG넥스원,범한퓨얼셀,,동양고속,,대한해운,에넥스,나이스정보통신,삼영이엔씨,코엔텍,,,,비츠로테크,두산
,대한전선,일승,두산밥캣,,티에스아이,보광산업,하이즈항공,,강남제비스코,,뉴로메카,우원개발,제이엠아이,동방,천일고속,,,,흥아해운,에쓰씨엔지니어링
,범양건영,LX하우시스,일성건설,,퍼스텍,에쓰씨엔지니어링,KCC건설,,국보디자인,,나이스정보통신,디와이,아이마켓코리아,KTis,고려신용정보,,,,자이에스앤디,코엔텍
,노루페인트,비나텍,대한해운,,효성중공업,프럼파스트,인화정공,,인화정공,,아이마켓코리아,한화오션,모델솔루션,이엔코퍼레이션,진에어,,,,상지카일룸,천일고속
,한일홀딩스,부산산업,코오롱글로벌,,다원시스,에어부산,테라사이언스,,하이즈항공,,모델솔루션,사람인,이크레더블,에이트원,한솔로지스틱스,,,,KSS해운,고려신용정보
,신원종합개발,자연과환경,HJ중공업,,동신건설,한화,대성하이텍,,테라사이언스,,이크레더블,일승,에스엠코어,대창솔루션,영풍정밀,,,,한국기업평가,진에어
,희림,태광,진성티이씨,,삼영이엔씨,토탈소프트,아이에스동서,,대성하이텍,,에스엠코어,에스원,두산,현대코퍼레이션,디와이파워,,,,한신공영,한솔로지스틱스
,HD현대일렉트릭,유니드비티플러스,보광산업,,동방,HDC랩스,HD현대건설기계,,아이에스동서,,두산,현대무벡스,한샘,SG&G,휴림로봇,,,,유신,영풍정밀
,대원전선,삼일기업공사,에쓰씨엔지니어링,,혜인,수산중공업,에스비비테크,,에스와이,,에쓰씨엔지니어링,와이엔텍,에쓰씨엔지니어링,대한해운,현대건설,,,,롯데렌탈,디와이파워
,한국카본,벽산,프럼파스트,,HL D&I,리파인,다스코,,HD현대건설기계,,코엔텍,비나텍,코엔텍,뉴로메카,SGC이테크건설,,,,LG,휴림로봇
,웰바이오텍,동신건설,화성산업,,티에스넥스젠,노루홀딩스,유진로봇,,유진로봇,,천일고속,디케이락,천일고속,나이스정보통신,CJ,,,,대원,현대건설
,지누스,라이온켐텍,진흥기업,,대모,한라IMS,웰크론한텍,,웰크론한텍,,고려신용정보,부산산업,오하임아이엔티,아이마켓코리아,레드캡투어,,,,광명전기,SGC이테크건설
,한익스프레스,코윈테크,금강공업,,두산밥캣,동방선기,삼표시멘트,,선광,,진에어,SCI평가정보,고려신용정보,모델솔루션,한일현대시멘트,,,,대우건설,CJ
,두산에너빌리티,한솔홈데코,SNT에너지,,일성건설,윈하이텍,삼익THK,,서산,,한솔로지스틱스,자연과환경,진에어,이크레더블,신세계건설,,,,팬오션,레드캡투어
,와이지-원,대창솔루션,서한,,나이스정보통신,쏘카,효성,,삼표시멘트,,진흥기업,태광,한솔로지스틱스,에스엠코어,,,,,이화공영,한일현대시멘트
,프리엠스,HL D&I,디와이파워,,HJ중공업,LS,모헨즈,,삼익THK,,영풍정밀,HMM,듀오백,제룡산업,,,,,HDC,금호건설
,도화엔지니어링,오리엔탈정공,현대건설,,진성티이씨,HD현대중공업,쎄트렉아이,,티웨이홀딩스,,디와이파워,다원시스,영풍정밀,두산,,,,,유수홀딩스,신세계건설
,메디콕스,세명전기,SGC이테크건설,,HD한국조선해양,기신정기,우진,,일신석재,,휴림로봇,동신건설,디와이파워,에쓰씨엔지니어링,,,,,GS건설,
,흥아해운,일성건설,한일현대시멘트,,해성티피씨,태영건설,삼성엔지니어링,,효성,,현대건설,DL이앤씨,휴림로봇,코엔텍,,,,,한창,
,코아스,코오롱글로벌,금호건설,,나라엠앤디,웰크론,세보엠이씨,,모헨즈,,SGC이테크건설,삼영이엔씨,현대건설,KC코트렐,,,,,대한항공,
,자이에스앤디,HJ중공업,한화,,에너토크,지엔씨에너지,범양건영,,쎄트렉아이,,CJ,동방,SGC이테크건설,천일고속,,,,,현대지에프홀딩스,
,상지카일룸,아이마켓코리아,신세계건설,,제룡산업,대동,한화시스템,,에이스침대,,레드캡투어,KTis,CJ,고려신용정보,,,,,세방,
,제일테크노스,제룡산업,,,보광산업,우림피티에스,노루페인트,,대한전선,,한일현대시멘트,이엔코퍼레이션,레드캡투어,진에어,,,,,동부건설,
,KSS해운,두산,,,우리기술,동원개발,한일홀딩스,,범양건영,,신세계건설,에이트원,한일현대시멘트,한솔로지스틱스,,,,,STX,
,아스플로,에쓰씨엔지니어링,,,KC코트렐,아시아나항공,한국정밀기계,,한화시스템,,,HL D&I,신세계건설,SNT에너지,,,,,삼일,
,한신공영,프럼파스트,,,천일고속,덕신하우징,신원종합개발,,노루페인트,,,오리엔탈정공,,영풍정밀,,,,,홈센타홀딩스,
,비엠티,화성산업,,,로보스타,HDC현대산업개발,희림,,한일홀딩스,,,3S,,LX인터내셔널,,,,,국영지앤엠,
,유신,진흥기업,,,스맥,레인보우로보틱스,대원전선,,한국정밀기계,,,SG&G,,디와이파워,,,,,한국항공우주,
,대원,동화기업,,,피앤씨테크,범한퓨얼셀,두산에너빌리티,,제일전기공업,,,대한해운,,휴림로봇,,,,,SG,
,대우건설,서한,,,일진파워,나이스디앤비,와이지-원,,신원종합개발,,,코오롱글로벌,,CJ,,,,,에넥스,
,케이피에프,LX인터내셔널,,,서한,하이즈항공,프리엠스,,대원전선,,,뉴로메카,,현대건설,,,,,롯데지주,
,베노티앤알,플래스크,,,현대건설,KCC건설,에스에프에이,,웰바이오텍,,,나이스정보통신,,SGC이테크건설,,,,,AJ네트웍스,
,이화공영,현대건설,,,빅텍,웰크론한텍,도화엔지니어링,,한익스프레스,,,HJ중공업,,레드캡투어,,,,,유진기업,
,누리플랜,SGC이테크건설,,,,태웅로직스,자이에스앤디,,지누스,,,아이마켓코리아,,한일현대시멘트,,,,,현대로템,
,동양,이엔플러스,,,,티웨이홀딩스,상지카일룸,,와이지-원,,,모델솔루션,,신세계건설,,,,,우원개발,
,드림시큐리티,에스피시스템스,,,,모헨즈,KSS해운,,프리엠스,,,이크레더블,,,,,,,디와이,
,HDC,한일현대시멘트,,,,에이스침대,한국기업평가,,비츠로테크,,,에스엠코어,,,,,,,한화오션,
,유니온,신세계건설,,,,신원종합개발,아스플로,,켄코아에어로스페이스,,,에너토크,,,,,,,사람인,
,GS건설,,,,,희림,한신공영,,메디콕스,,,두산,,,,,,,TYM,
,아이쓰리시스템,,,,,웰바이오텍,비엠티,,흥아해운,,,에쓰씨엔지니어링,,,,,,,케이엔솔,
,동부건설,,,,,한익스프레스,유일로보틱스,,자이에스앤디,,,코엔텍,,,,,,,인터지스,
,KD,,,,,에스에프에이,유신,,코아스,,,KC코트렐,,,,,,,세진중공업,
,삼일,,,,,상지카일룸,롯데렌탈,,상지카일룸,,,천일고속,,,,,,,에스원,
,홈센타홀딩스,,,,,한신공영,대원,,한국기업평가,,,고려신용정보,,,,,,,현대무벡스,
,국영지앤엠,,,,,LG,광명전기,,아스플로,,,진에어,,,,,,,와이엔텍,
,한국항공우주,,,,,HSD엔진,대우건설,,비엠티,,,한솔로지스틱스,,,,,,,비나텍,
,대창단조,,,,,팬오션,케이피에프,,유일로보틱스,,,화성산업,,,,,,,부산산업,
,SG,,,,,누리플랜,HSD엔진,,롯데렌탈,,,진흥기업,,,,,,,티에스아이,
,롯데지주,,,,,동양,베노티앤알,,유신,,,영풍정밀,,,,,,,SCI평가정보,
,우진플라임,,,,,포스코인터내셔널,이화공영,,LG,,,서한,,,,,,,태광,
,유진기업,,,,,유니온,동양,,대원,,,디와이파워,,,,,,,HMM,
,수성샐바시온,,,,,GS건설,드림시큐리티,,광명전기,,,휴림로봇,,,,,,,벽산,
,인터지스,,,,,대한항공,HDC,,대우건설,,,현대건설,,,,,,,동신건설,
,현대무벡스,,,,,KD,GS건설,,케이피에프,,,SGC이테크건설,,,,,,,DL이앤씨,
,와이엔텍,,,,,국영지앤엠,한창,,HSD엔진,,,CJ,,,,,,,국보,
,LX하우시스,,,,,한국항공우주,현대지에프홀딩스,,팬오션,,,레드캡투어,,,,,,,SK오션플랜트,
,디케이락,,,,,삼호개발,삼성물산,,이화공영,,,한일현대시멘트,,,,,,,동방,
,부산산업,,,,,STX중공업,세방,,누리플랜,,,금호건설,,,,,,,이엔코퍼레이션,
,아세아시멘트,,,,,AJ네트웍스,동부건설,,드림시큐리티,,,지누스,,,,,,,하이록코리아,
,자연과환경,,,,,디와이피엔에프,STX,,HDC,,,신세계건설,,,,,,,에이트원,
,유니드비티플러스,,,,,인터지스,KD,,포스코인터내셔널,,,CNT85,,,,,,,혜인,
,HMM,,,,,태광,홈센타홀딩스,,유수홀딩스,,,,,,,,,,한솔홈데코,
,삼일기업공사,,,,,퍼스텍,국영지앤엠,,GS건설,,,,,,,,,,HL D&I,
,벽산,,,,,삼영이엔씨,한국항공우주,,한창,,,,,,,,,,오리엔탈정공,
,퍼스텍,,,,,화성밸브,대창단조,,대한항공,,,,,,,,,,3S,
,다원시스,,,,,혜인,SG,,현대지에프홀딩스,,,,,,,,,,티에스넥스젠,
,강원에너지,,,,,한솔홈데코,삼호개발,,아이쓰리시스템,,,,,,,,,,SG&G,
,동신건설,,,,,뉴로메카,STX중공업,,동부건설,,,,,,,,,,세명전기,
,삼영이엔씨,,,,,두산,에넥스,,STX,,,,,,,,,,두산밥캣,
,삼일씨엔에스,,,,,오하임아이엔티,롯데지주,,삼일,,,,,,,,,,일성건설,
,국보,,,,,이건홀딩스,AJ네트웍스,,홈센타홀딩스,,,,,,,,,,대한해운,
,라이온켐텍,,,,,KC코트렐,우진플라임,,국영지앤엠,,,,,,,,,,코오롱글로벌,
,코윈테크,,,,,금강공업,유진기업,,한국항공우주,,,,,,,,,,가온전선,
,하이록코리아,,,,,SNT에너지,현대로템,,대창단조,,,,,,,,,,나이스정보통신,
,한솔홈데코,,,,,영풍정밀,우원개발,,SG,,,,,,,,,,HJ중공업,
,대창솔루션,,,,,스맥,디와이,,삼호개발,,,,,,,,,,모델솔루션,
,현대코퍼레이션,,,,,동화기업,한화오션,,에넥스,,,,,,,,,,HD한국조선해양,
,HL D&I,,,,,셀루메드,수성샐바시온,,롯데지주,,,,,,,,,,이크레더블,
,오리엔탈정공,,,,,LX인터내셔널,TYM,,AJ네트웍스,,,,,,,,,,해성티피씨,
,세명전기,,,,,플래스크,케이엔솔,,우진플라임,,,,,,,,,,에스엠코어,
,아세아텍,,,,,빅텍,디와이피엔에프,,유진기업,,,,,,,,,,성신양회,
,대모,,,,,한일현대시멘트,일승,,디와이,,,,,,,,,,두산,
,일성건설,,,,,동일금속,현대무벡스,,한화오션,,,,,,,,,,제룡산업,
,신진에스엠,,,,,코메론,와이엔텍,,수성샐바시온,,,,,,,,,,LIG넥스원,
,코오롱글로벌,,,,,에스앤더블류,LX하우시스,,사람인,,,,,,,,,,천일고속,
,동양파일,,,,,CJ대한통운,디케이락,,TYM,,,,,,,,,,이건홀딩스,
,뉴로메카,,,,,에이치케이,부산산업,,케이엔솔,,,,,,,,,,진에어,
,제이엠아이,,,,,현대글로비스,티에스아이,,디와이피엔에프,,,,,,,,,,한솔로지스틱스,
,HJ중공업,,,,,DL건설,태광,,세진중공업,,,,,,,,,,서암기계공업,
,해성티피씨,,,,,한미글로벌,삼일기업공사,,에스원,,,,,,,,,,금강공업,
,성신양회,,,,,씨에스베어링,퍼스텍,,일승,,,,,,,,,,SNT에너지,
,두산,,,,,NICE평가정보,효성중공업,,현대무벡스,,,,,,,,,,영풍정밀,
,제룡산업,,,,,LX홀딩스,다원시스,,비나텍,,,,,,,,,,에어부산,
,LIG넥스원,,,,,한국종합기술,동신건설,,LX하우시스,,,,,,,,,,일진파워,
,보광산업,,,,,부스타,DL이앤씨,,디케이락,,,,,,,,,,서한,
,에쓰씨엔지니어링,,,,,서호전기,강원에너지,,부산산업,,,,,,,,,,LX인터내셔널,
,오하임아이엔티,,,,,TPC,삼영이엔씨,,티에스아이,,,,,,,,,,디와이파워,
,이건홀딩스,,,,,남화토건,동방,,SCI평가정보,,,,,,,,,,현대건설,
,프럼파스트,,,,,대림통상,SK오션플랜트,,아세아시멘트,,,,,,,,,,CJ,
,화성산업,,,,,파라텍,흥국,,태광,,,,,,,,,,레드캡투어,
,진흥기업,,,,,엔케이,화성밸브,,유니드비티플러스,,,,,,,,,,금호건설,
,SNT에너지,,,,,남광토건,코윈테크,,벽산,,,,,,,,,,한화,
,한일시멘트,,,,,케이에스피,하이록코리아,,퍼스텍,,,,,,,,,,신세계건설,
,동화기업,,,,,KTcs,에이트원,,효성중공업,,,,,,,,,,,
,셀루메드,,,,,SK렌터카,혜인,,다원시스,,,,,,,,,,,
,피앤씨테크,,,,,한국공항,대창솔루션,,동신건설,,,,,,,,,,,
,서한,,,,,조광페인트,현대코퍼레이션,,DL이앤씨,,,,,,,,,,,
,플래스크,,,,,삼영엠텍,HL D&I,,삼영이엔씨,,,,,,,,,,,
,현대건설,,,,,팬스타엔터프라이즈,오리엔탈정공,,삼일씨엔에스,,,,,,,,,,,
,SGC이테크건설,,,,,아스트,대모,,라이온켐텍,,,,,,,,,,,
,시디즈,,,,,테라사이언스,아세아텍,,흥국,,,,,,,,,,,
,빅텍,,,,,에스와이,티에스넥스젠,,KTis,,,,,,,,,,,
,이엔플러스,,,,,에스비비테크,세명전기,,화성밸브,,,,,,,,,,,
,에스피시스템스,,,,,삼표시멘트,두산밥캣,,이엔코퍼레이션,,,,,,,,,,,
,한일현대시멘트,,,,,우진,일성건설,,하이록코리아,,,,,,,,,,,
,한화,,,,,범양건영,대한해운,,에이트원,,,,,,,,,,,
,신세계건설,,,,,제일전기공업,신진에스엠,,혜인,,,,,,,,,,,
,토탈소프트,,,,,프리엠스,코오롱글로벌,,한솔홈데코,,,,,,,,,,,
,,,,,,흥아해운,동양파일,,현대코퍼레이션,,,,,,,,,,,
,,,,,,코아스,뉴로메카,,HL D&I,,,,,,,,,,,
,,,,,,제일테크노스,HJ중공업,,오리엔탈정공,,,,,,,,,,,
,,,,,,유일로보틱스,진성티이씨,,3S,,,,,,,,,,,
,,,,,,대원,아이마켓코리아,,티에스넥스젠,,,,,,,,,,,
,,,,,,대우건설,모델솔루션,,SG&G,,,,,,,,,,,
,,,,,,케이피에프,HD한국조선해양,,세명전기,,,,,,,,,,,
,,,,,,아이쓰리시스템,에스엠코어,,아세아텍,,,,,,,,,,,
,,,,,,한창,나라엠앤디,,두산밥캣,,,,,,,,,,,
,,,,,,현대지에프홀딩스,에너토크,,대모,,,,,,,,,,,
,,,,,,삼성물산,보광산업,,일성건설,,,,,,,,,,,
,,,,,,홈센타홀딩스,LIG넥스원,,대한해운,,,,,,,,,,,
,,,,,,우진플라임,에쓰씨엔지니어링,,코오롱글로벌,,,,,,,,,,,
,,,,,,유진기업,코엔텍,,동양파일,,,,,,,,,,,
,,,,,,TYM,천일고속,,가온전선,,,,,,,,,,,
,,,,,,HMM,KC코트렐,,나이스정보통신,,,,,,,,,,,
,,,,,,삼일기업공사,프럼파스트,,제이엠아이,,,,,,,,,,,
,,,,,,다원시스,로보스타,,HJ중공업,,,,,,,,,,,
,,,,,,삼일씨엔에스,진에어,,모델솔루션,,,,,,,,,,,
,,,,,,라이온켐텍,화성산업,,HD한국조선해양,,,,,,,,,,,
,,,,,,KTis,진흥기업,,이크레더블,,,,,,,,,,,
,,,,,,에이트원,한솔로지스틱스,,해성티피씨,,,,,,,,,,,
,,,,,,오리엔탈정공,서암기계공업,,에스엠코어,,,,,,,,,,,
,,,,,,세명전기,금강공업,,나라엠앤디,,,,,,,,,,,
,,,,,,아세아텍,SNT에너지,,성신양회,,,,,,,,,,,
,,,,,,일성건설,영풍정밀,,두산,,,,,,,,,,,
,,,,,,코오롱글로벌,스맥,,에너토크,,,,,,,,,,,
,,,,,,동양파일,피앤씨테크,,LIG넥스원,,,,,,,,,,,
,,,,,,나이스정보통신,서한,,한샘,,,,,,,,,,,
,,,,,,HJ중공업,LX인터내셔널,,보광산업,,,,,,,,,,,
,,,,,,모델솔루션,디와이파워,,KBI메탈,,,,,,,,,,,
,,,,,,해성티피씨,휴림로봇,,에쓰씨엔지니어링,,,,,,,,,,,
,,,,,,나라엠앤디,현대건설,,제룡산업,,,,,,,,,,,
,,,,,,KBI메탈,SGC이테크건설,,코엔텍,,,,,,,,,,,
,,,,,,한샘,빅텍,,오하임아이엔티,,,,,,,,,,,
,,,,,,우리기술,이엔플러스,,이건홀딩스,,,,,,,,,,,
,,,,,,천일고속,에스피시스템스,,천일고속,,,,,,,,,,,
,,,,,,고려신용정보,한일현대시멘트,,진에어,,,,,,,,,,,
,,,,,,화성산업,금호건설,,로보스타,,,,,,,,,,,
,,,,,,일진파워,한화,,한솔로지스틱스,,,,,,,,,,,
,,,,,,서한,신세계건설,,화성산업,,,,,,,,,,,
,,,,,,휴림로봇,토탈소프트,,진흥기업,,,,,,,,,,,
,,,,,,현대건설,,,서암기계공업,,,,,,,,,,,
,,,,,,CJ,,,듀오백,,,,,,,,,,,
,,,,,,시디즈,,,금강공업,,,,,,,,,,,
,,,,,,이엔플러스,,,SNT에너지,,,,,,,,,,,
,,,,,,에스피시스템스,,,영풍정밀,,,,,,,,,,,
,,,,,,지누스,,,스맥,,,,,,,,,,,
,,,,,,신세계건설,,,한일시멘트,,,,,,,,,,,
,,,,,,서희건설,,,동화기업,,,,,,,,,,,
,,,,,,SK네트웍스,,,일진파워,,,,,,,,,,,
,,,,,,와토스코리아,,,서한,,,,,,,,,,,
,,,,,,일진홀딩스,,,디와이파워,,,,,,,,,,,
,,,,,,까뮤이앤씨,,,휴림로봇,,,,,,,,,,,
,,,,,,KIB플러그에너지,,,현대건설,,,,,,,,,,,
,,,,,,TKG애강,,,CJ,,,,,,,,,,,
,,,,,,현대미포조선,,,시디즈,,,,,,,,,,,
,,,,,,코오롱,,,레드캡투어,,,,,,,,,,,
,,,,,,한화에어로스페이스,,,이엔플러스,,,,,,,,,,,
,,,,,,현대에버다임,,,에스피시스템스,,,,,,,,,,,
,,,,,,보성파워텍,,,한일현대시멘트,,,,,,,,,,,
,,,,,,에코프로에이치엔,,,금호건설,,,,,,,,,,,
,,,,,,에이테크솔루션,,,한화,,,,,,,,,,,
,,,,,,KT서브마린,,,신세계건설,,,,,,,,,,,
,,,,,,삼부토건,,,CNT85,,,,,,,,,,,
,,,,,,제주항공,,,,,,,,,,,,,,
,,,,,,동아지질,,,,,,,,,,,,,,
,,,,,,고려시멘트,,,,,,,,,,,,,,
,,,,,,HD현대인프라코어,,,,,,,,,,,,,,
,,,,,,STX엔진,,,,,,,,,,,,,,
,,,,,,화천기계,,,,,,,,,,,,,,
,,,,,,퍼시스,,,,,,,,,,,,,,
,,,,,,삼목에스폼,,,,,,,,,,,,,,
,,,,,,에이비프로바이오,,,,,,,,,,,,,,
,,,,,,제이오,,,,,,,,,,,,,,
,,,,,,이건산업,,,,,,,,,,,,,,
,,,,,,SIMPAC,,,,,,,,,,,,,,
,,,,,,동양고속,,,,,,,,,,,,,,
,,,,,,대성하이텍,,,,,,,,,,,,,,
,,,,,,아이에스동서,,,,,,,,,,,,,,
,,,,,,HD현대건설기계,,,,,,,,,,,,,,
,,,,,,선광,,,,,,,,,,,,,,
,,,,,,서산,,,,,,,,,,,,,,
,,,,,,삼익THK,,,,,,,,,,,,,,
,,,,,,일신석재,,,,,,,,,,,,,,
,,,,,,효성,,,,,,,,,,,,,,
,,,,,,쎄트렉아이,,,,,,,,,,,,,,
,,,,,,삼성엔지니어링,,,,,,,,,,,,,,
,,,,,,대한전선,,,,,,,,,,,,,,
,,,,,,세보엠이씨,,,,,,,,,,,,,,
,,,,,,한일홀딩스,,,,,,,,,,,,,,
,,,,,,한국정밀기계,,,,,,,,,,,,,,
,,,,,,HD현대일렉트릭,,,,,,,,,,,,,,
,,,,,,한국카본,,,,,,,,,,,,,,
,,,,,,두산에너빌리티,,,,,,,,,,,,,,
,,,,,,켄코아에어로스페이스,,,,,,,,,,,,,,
,,,,,,메디콕스,,,,,,,,,,,,,,
,,,,,,비엠티,,,,,,,,,,,,,,
,,,,,,베노티앤알,,,,,,,,,,,,,,
,,,,,,우진아이엔에스,,,,,,,,,,,,,,
,,,,,,드림시큐리티,,,,,,,,,,,,,,
,,,,,,유수홀딩스,,,,,,,,,,,,,,
,,,,,,동부건설,,,,,,,,,,,,,,
,,,,,,STX,,,,,,,,,,,,,,
,,,,,,에넥스,,,,,,,,,,,,,,
,,,,,,우원개발,,,,,,,,,,,,,,
,,,,,,디와이,,,,,,,,,,,,,,
,,,,,,수성샐바시온,,,,,,,,,,,,,,
,,,,,,케이엔솔,,,,,,,,,,,,,,
,,,,,,현대무벡스,,,,,,,,,,,,,,
,,,,,,와이엔텍,,,,,,,,,,,,,,
,,,,,,LX하우시스,,,,,,,,,,,,,,
,,,,,,디케이락,,,,,,,,,,,,,,
,,,,,,부산산업,,,,,,,,,,,,,,
,,,,,,티에스아이,,,,,,,,,,,,,,
,,,,,,SCI평가정보,,,,,,,,,,,,,,
,,,,,,아세아시멘트,,,,,,,,,,,,,,
,,,,,,자연과환경,,,,,,,,,,,,,,
,,,,,,유니드비티플러스,,,,,,,,,,,,,,
,,,,,,벽산,,,,,,,,,,,,,,
,,,,,,강원에너지,,,,,,,,,,,,,,
,,,,,,동신건설,,,,,,,,,,,,,,
,,,,,,국보,,,,,,,,,,,,,,
,,,,,,SK오션플랜트,,,,,,,,,,,,,,
,,,,,,현대코퍼레이션,,,,,,,,,,,,,,
,,,,,,3S,,,,,,,,,,,,,,
,,,,,,티에스넥스젠,,,,,,,,,,,,,,
,,,,,,SG&G,,,,,,,,,,,,,,
,,,,,,두산밥캣,,,,,,,,,,,,,,
,,,,,,이크레더블,,,,,,,,,,,,,,
,,,,,,에스엠코어,,,,,,,,,,,,,,
,,,,,,제룡산업,,,,,,,,,,,,,,
,,,,,,코엔텍,,,,,,,,,,,,,,
,,,,,,진에어,,,,,,,,,,,,,,
,,,,,,로보스타,,,,,,,,,,,,,,
,,,,,,한솔로지스틱스,,,,,,,,,,,,,,
,,,,,,진흥기업,,,,,,,,,,,,,,
,,,,,,서암기계공업,,,,,,,,,,,,,,
,,,,,,듀오백,,,,,,,,,,,,,,
,,,,,,한일시멘트,,,,,,,,,,,,,,
,,,,,,피앤씨테크,,,,,,,,,,,,,,
,,,,,,디와이파워,,,,,,,,,,,,,,
,,,,,,SGC이테크건설,,,,,,,,,,,,,,
,,,,,,레드캡투어,,,,,,,,,,,,,,
,,,,,,금호건설,,,,,,,,,,,,,,
,,,,,,CNT85,,,,,,,,,,,,,,
