Company,items,industry,중분류,description,sub_classification
삼성에스디에스,"IT서비스, 물류BPO","'컴퓨터 프로그래밍, 시스템 통합 및 관리업'",IT서비스,"기업개요
동사는 1985년 5월 1일에 설립되었으며, 2014년 11월 14일 한국거래소에 주식을 상장한 공개법인임.
동사가 영위하고 있는 주된 사업은 IT서비스와 물류 2개 사업부문으로 구성되어 있으며, IT서비스는 크게 비즈니스 솔루션과 클라우드&ITO 서비스로 구분됨.
삼성관계사를 대상으로 MES(생산관리시스템), ERP(전사적 자원관리 시스템) 등을 성공적으로 구축하는 등 삼성 관계사의 IT서비스 최적화를 지속적으로 지원하고 있음.
출처 : 에프앤가이드",클라우드
카카오페이,"간편결제, 간편송금 및 기타 금융서비스",'금융 지원 서비스업',IT서비스,"기업개요
동사는 핀테크 기업으로서 2014년 9월 국내 최초로 간편결제 서비스를 시작하였고, 이후 송금, 청구서, 인증 등 다양한 서비스를 차례로 론칭함.
동사는 '마이데이터', '주식매매서비스', '디지털 손해보험사 출범' 등을 바탕으로 이용자에게 새롭고 혁신적인 금융 경험을 지속적으로 제공 중임.
그 외로도 대출, 투자, 보험 중개 등 금융 서비스로의 확장을 진행하고 있음.
출처 : 에프앤가이드","인증, 금융, 결제"
포스코DX,"SI(System Integration), DVR(Digital Video Recorder)","'건축기술, 엔지니어링 및 관련 기술 서비스업'",IT서비스,"기업개요
동사는 소프트웨어 개발, 정보처리 및 정보통신서비스업 등을 영위할 목적으로 1989년 11월 15일에 설립되었으며 2000년 11월 28일 코스닥시장에 상장함.
동사는 IT와 OT융합 기술을 보유한 기업으로 철강분야를 주력으로 건설, 소재 등 다양한 산업 분야에서 핵심 ICT솔루션을 기반으로 Smart化 사업을 추진하고 있음.
4차 산업혁명 시대에 새로운 성장동력을 확보하기 위한 솔루션 사업을 적극적으로 추진하고 있음.
출처 : 에프앤가이드","프로그램, 인프라"
더존비즈온,응용 소프트웨어 개발 및 공급업,"'컴퓨터 프로그래밍, 시스템 통합 및 관리업'",IT서비스,"기업개요
동사는 ERP, IFRS솔루션, 그룹웨어, 정보보호, 전자세금계산서 등 기업 정보화 소프트웨어 분야에서 필요한 각종 솔류션과 Service를 제공하며 고객의 경쟁력 강화에 기여하는 대한민국 대표 ICT기업임.
기업 정보화 솔루션의 자체 개발과 마케팅 및 서비스 회계프로그램 및 ERP, IFRS, 그룹웨어, 정보보안을 영위함.
기업용 솔루션 개발, 판매, 컨설팅, 구축, 유지보수 또한 사업 부문으로 있음.
출처 : 에프앤가이드",프로그램
카페24,"쇼핑몰솔루션, 광고솔루션, 호스팅솔루션","'자료처리, 호스팅, 포털 및 기타 인터넷 정보매개 서비스업'",IT서비스,"기업개요
전 세계 전자상거래 시장에서 온라인 비즈니스를 영위하길 원하는 '판매자(Merchant)'를 대상으로 원스톱(One-stop) 이커머스 솔루션과 서비스를 제공하는 IT 플랫폼 기업.
오픈마켓 연동서비스는 쿠팡, 네이버 스마트 스토어 등 외에도 아마존, 라쿠텐 등과 같은 해외 현지 유력 마켓 플레이스와도 연동 가능.
'카페24 개발자센터', '카페24 스토어'를 통해 전자상거래 생태계 조성 및 플랫폼 고도화.
출처 : 에프앤가이드","호스팅, 플랫폼"
NICE,"기업신용분석,유가증권등급평정,기업정보,긍융정보,경제정보,소비자신용정보 제공,시장조사,사회여론조사,점외 CD/ATM사업",'회사 본부 및 경영 컨설팅 서비스업',IT서비스,"기업개요
금융 데이터 사업을 영위하는 NICE그룹 지주회사. 주요 상장 자회사는 NICE평가정보, 나이스정보통신, 한국전자금융 등.
자회사의 주식 또는 지분을 취득, 소유함으로써 자회사의 제반 사업내용을 지배, 경영지도, 정리 육성하는 지주사업을 주된 사업으로 영위함.
기업 및 개인신용정보 부문 주력 자회사인 NICE평가정보는 개인, 기업 신용정보를 통해 안정적으로 성장하는 비즈니스를 영위.
출처 : 에프앤가이드",금융
DB,"컴퓨터 프로그래밍, 시스템 통합 및 관리","'컴퓨터 프로그래밍, 시스템 통합 및 관리업'",IT서비스,"기업개요
동사의 사업 부문은 연결대상회사이자 주요종속회사인 디비에프아이에스를 포함하여 크게 IT분야의 SI 및 ITO서비스 중심의 IT사업부문이 있음.
화학 및 철강제품 등의 무역업을 영위하는 무역사업부문, 'DB' 상표권 관리를 비롯해 그룹의 브랜드와 광고 활동을 총괄하는 브랜드사업부문으로 구성되어 있음.
어플리케이션 사업은 고객 비즈니스에 중요한 상품관리, 고객관리, 정보관리 등의 업무를 처리하는 어플리케이션을 안정적으로 운영함.
출처 : 에프앤가이드","데이터베이스, 앱, 고객지원"
케이아이엔엑스,인터넷연동서비스 등,"'자료처리, 호스팅, 포털 및 기타 인터넷 정보매개 서비스업'",IT서비스,"기업개요
동사는 2000년 설립되어 기업 고객을 대상으로 인터넷연동 서비스, 인터넷데이터센터 서비스, 컨텐츠전송네트워크 서비스 및 클라우드 서비스를 제공하는 인터넷인프라서비스 사업을 영위하고 있음.
주요 종속회사인 (주)에스피소프트는 국내 MS SPLA 유통의 약 70%를 책임지고 있는 공식 SPLA 파트너(SPLAR)임.
동사는 클라우드 시장을 선점하기 위해 클라우드기반의 호스팅서비스를 개발하고 있음.
출처 : 에프앤가이드","네트워크, 인프라, 클라우드, 호스팅"
대아티아이,"EDMS(Enterprise Document Management System)-전사적문서관리시스템,KMS-지식경영시스템",'기타 전기장비 제조업',IT서비스,"기업개요
동사는 철도신호제어 시스템 개발 및 공급업을 주 사업으로 영위하는 기업임.
경부고속철도 KTX 1단계(서울-동대구)구간과 2단계(동대구-부산)구간, 호남고속철도, 수도권고속철도를 모두 수용하는 고속철도 관제시스템을 구축했음.
연결대상 종속회사들은 철도신호관련 용역, 기타서비스업 등을 영위함. 기존의 온라인 광고대행업 종속회사들은 핵심 사업에 집중하고자 매각했음.
출처 : 에프앤가이드","앱, 프로그램"
율호,무선인터넷플랫폼,"'컴퓨터 프로그래밍, 시스템 통합 및 관리업'",IT서비스,"기업개요
동사는 1998년 설립되어 현재 스토리지, 서버, 백업 및 관리 솔루션의 공급 및 이에 따른 유지보수를 지원을 주력사업으로 하고 있음.
동사는 Dell Technologies의 Titanium Tire 1 파트너로 스토리지 및 서버 등의 제품을 제공하고 있음.
동사는 글로벌 업체인 Quest Software의 정책과 프로세스에 대한 깊은 이해를 가지며 해당 분야에 10년 이상의 경력을 가진 전문가 그룹으로 구성되어 있음.
출처 : 에프앤가이드","서버, 플랫폼"
신세계,"백화점,할인점(E마트)",'종합 소매업',IT서비스,"기업개요
동사는 1955년 동화백화점으로 설립되어 1985년 유가증권시장에 상장되어 매매가 개시됨.
사업 영역은 백화점사업, 패션 및 라이프스타일, 화장품 제조 및 도소매사업, 면세점사업, 부동산 및 여객터미널업, 관광호텔업, 가구소매업으로, 영상컨텐츠사업, 벤처캐피탈사업으로 세분화 됨.
신세계센트럴시티, 신세계동대구복합환승센터, 신세계인터내셔날, 까사미아, 서울고속버스터미널 등을 연결대상 종속회사로 보유함.
출처 : 에프앤가이드","플랫폼, 고객지원"
롯데정보통신,"SM, SI","'컴퓨터 프로그래밍, 시스템 통합 및 관리업'",IT서비스,"기업개요
동사와 연결종속회사가 영위하고 있는 사업은 SM(System management) 사업 및 SI(System Integration) 사업으로 구성되어 있음.
동사의 SM사업은 롯데 그룹 내 유통, 식품, 화학, 서비스 등의 다양한 산업군을 아우르고 있으며, IT시스템을 안정적으로 운영 중임.
한편 SI사업의 경우 영업·제안 역량을 집중하여 SOC, 금융, 민간 기업의 SI사업과 ASP사업에도 영역을 확장하고 있음.
출처 : 에프앤가이드","네트워크, 인프라, 금융"
헥토이노베이션,휴대폰부가서비스,'기타 정보 서비스업',IT서비스,"기업개요
동사는 2009년 3월 19일 설립되었으며, 2015년 6월 30일 코스닥 시장에 주식을 상장하였음.
개인정보보안 중심의 2차 본인인증 및 보안서비스와 다양한 생활서비스를 개발 및 운영하는 것을 주된 사업으로 하고 있으며 이동통신사 부가서비스 형태로 주된 매출이 발생함.
퍼블리싱 사업과 1차 본인인증 운영까지 사업영역을 확대하는 것은 물론 강력한 마케팅 역량을 바탕으로 독점적인 IT서비스 비즈니스 플랫폼을 구축하고 있음.
출처 : 에프앤가이드","인증, 플랫폼"
한국전자금융,"ATM관리사업,CD-VAN사업",'기타 사업지원 서비스업',IT서비스,"기업개요
CD VAN 관리, ATM 관리 등 금융기관 자동화기기 종합관리를 위해 2000년 한국신용정보의 금융사업본부가 분사되어 설립.
ATM 관리 사업은 은행이 설치하여 운영하고 있는 무인점포와 점포 외 CD/ATM기기의 종합관리 업무를 일괄적으로 수행하는 금융서비스업임.
금융 자동화기기 관리 외에 주차장의 위탁관리 및 무인운영 서비스를 제공하는 무인주차사업과 무인자동화기기(KIOSK) 사업을 신규 사업으로 영위함.
출처 : 에프앤가이드","금융, 은행"
APS,인터넷 트래픽 솔루션,'기타 금융업',IT서비스,"기업개요
동사는 1994년 9월 반도체장비, LCD장비, 콘트롤기기 및 소프트웨어 제조업을영위할 목적으로 설립되었음.
TFT-LCD는 진입장벽이 매우 높은 산업으로 대규모 연구개발 비용 소요와 장비 대형화에 따른 인프라 구축을 위해 대규모의 자금력이 요구됨.
동사는 디스플레이 및 반도체 장비 제조와 판매를 담당하는 장비사업부문을 신설회사인 사업회사로 이전하였으며, 분할 존속회사로 자회사 지분의 관리 및 투자 부문을 담당하고 있음.
출처 : 에프앤가이드","인프라, 금융, 반도체 장비"
에스트래픽,"교통관련 솔루션 개발, 시스템통합 S/W 개발","'컴퓨터 프로그래밍, 시스템 통합 및 관리업'",IT서비스,"기업개요
동사는 2013년 1월 25일 설립되었으며 교통(도로/철도)관련 SI(System Integration)를 주요사업영역으로 하고 있음.
시스템의 업그레이드 및 유지관리를 주요 영위사업으로 두고 있음.
동사는 유인 요금수납 시스템(TCS), 하이패스시스템(ETCS), 교통카드정산을 위한 솔루션 등을 개발하고 시스템을 설치 구현하여 도로 이용자들에게 스마트한 교통환경을 제공하고 있음.
출처 : 에프앤가이드","프로그램, 인프라"
윈스,"네크워크보안장비(IPS, 안티 DDoS)","'컴퓨터 프로그래밍, 시스템 통합 및 관리업'",IT서비스,"기업개요
동사는 나우콤으로부터 네트워크 보안사업부문의 인적분할을 통하여 2011년 1월 1일 설립되었으며 2011년 5월 2일 한국거래소(KOSDAQ)에 재상장하였음.
동사는 정보보안시장 내 보안 시스템 개발 및 공급을 주로 하는 네트워크보안분야와 정보보안, 클라우드 관련 서비스 분야에서 사업을 영위하고 있음.
동사는 AI보안관제 플랫폼을 통해 관제서비스의 경쟁력을 강화시켜나가고 있음.
출처 : 에프앤가이드","네트워크, 클라우드, 플랫폼"
헥토파이낸셜,"가상계좌중계, 간편현금결제",'기타 정보 서비스업',IT서비스,"기업개요
동사는 ICT기술을 바탕으로 가상계좌 중계서비스로 출발을 하여 펌뱅킹, 간편현금결제, PG서비스 등의 전자금융 및 결제 플랫폼을 제공하는 핀테크 기업임.
동사는 국내에서 유일하게 대형은행의 시스템을 직접 운영하고 있는 핀테크 업체임.
동사는 안정적인 가상계좌 중계서비스 매출을 기반으로 모바일/온라인 중심의 간편결제 시장점유율 확대를 위한 지속적인 노력을 하고 있음.
출처 : 에프앤가이드","플랫폼, 금융, 결제, 은행"
오비고,스마트카 소프트웨어 플랫폼,"'컴퓨터 프로그래밍, 시스템 통합 및 관리업'",IT서비스,"기업개요
동사는 2003년 3월 설립되었으며, 스마트카 소프트웨어 플랫폼 개발 및 판매 업체임.
소프트웨어 솔루션 및 컨텐츠 서비스 사업의 두개의 축으로 자동차 차량제조사(OEM), 차량공급사(Tier1) 및 통신사를 고객으로 하는 B2B 사업을 영위함.
스마트카 컨텐츠 서비스 사업은 시작단계로 차량용 인포테인먼트 서비스 중심으로 지역별 서비스(음악, 날씨 등)를 오비고 소프트웨어 플랫폼 기반으로 제공하고 있음.
출처 : 에프앤가이드",플랫폼
오파스넷,네트워크 구축 및 유지보수,"'컴퓨터 프로그래밍, 시스템 통합 및 관리업'",IT서비스,"기업개요
동사는 2004년에 설립되었고, 기업체, 공공기관 및 금융권 네트워크 통합과 다양한 솔루션 공급 등에서 강세를 유지해온 네트워크 통합 전문기업임.
동사는 네트워크 통합 및 시스템 통합을 주요 사업으로 영위하고 있으며, 매출은 용역매출인 네트워크 구축 및 유지보수로 구성되어 있음.
주요 매출처로는 SK그룹 계열사와 삼성전자, 한국거래소, 국민은행, 넥슨, 아모레퍼시픽, 두산 등 국내 주요 대기업을 포함함.
출처 : 에프앤가이드","네트워크, 금융, 은행"
콤텍시스템,"시스템(네트웍) 구축/데이터통신장비(모뎀,먹스),종합네트워크시스템 제조,설치,유지보수","'컴퓨터 프로그래밍, 시스템 통합 및 관리업'",IT서비스,"기업개요
동사는 1983년 8월 18일에 설립되었으며, 1997년 2월 12일 유가증권시장에 주식을 상장함.
사업 부문을 크게 IT 서비스 사업분야에서 네트워크통합 및 유지.보수 사업을 중심으로 구성되어 있으며, 최근에는 클라우드 관련 IT인프라 사업 및 스마트워크플레이스 사업을 추진하고 있음.
연결종속회사는 총 8개사로 상장사 2개사(코스닥 : 쌍용정보통신(주), 코넥스 : (주)시큐센) 와 비상장사 6개사가 포함되어 있음.
출처 : 에프앤가이드","네트워크, 인프라, 클라우드"
에스넷,"네트워크장비 설치 및 납품, 유지보수","'컴퓨터 프로그래밍, 시스템 통합 및 관리업'",IT서비스,"기업개요
1999년 2월에 설립. HW, SW, 솔루션, 컨설팅 등 기업의 디지털 트랜스포메이션에 필요한 모든 제품과 서비스 제공.
주요 서비스는 ICT인프라, 데이터센터, 클라우드의 구축 및 운영서비스로 구분됨.
2021년 올인원 디지털 서비스의 핵심기술거점인 ‘S2F센터’를 구축, 고객 체험 서비스를 통한 IoT, 가상화 기반 무선통신, AI, BigData, 메타버스 등 첨단 기술을 융합한 미래형 ICT서비스 모델 제공.
출처 : 에프앤가이드","네트워크, 인프라, 클라우드, AI"
소프트센,전산기기 및 정보통신공사,'기타 정보 서비스업',IT서비스,"기업개요
동사는 1988년 4월 11일 설립되었으며, 1997년 7월 18일 발행주식이 코스닥 시장에 등록된 주권 상장법인임.
사업부문은 서버/스토리지, 프로세서 등 제반 인프라, 솔루션 및 유지보수서비스를 공급하는 ICT 사업부와 솔루션공급, IT서비스 등을 제공하는 전략사업부문으로 구분됨.
서버 및 네트워크 장비, 각종 S/W를 공급하는 사업으로 이 때 공급하는 장비는 동사가 직접 제조하지 않음.
출처 : 에프앤가이드","네트워크, 인프라, 서버"
인포뱅크,"모바일메시징서비스,휴대폰단말기용S/W개발용역",'기타 정보 서비스업',IT서비스,"기업개요
동사는 유무선 및 방송 통신네트워크 소프트웨어 개발 및 서비스사업을 영위할 목적으로 1995년 6월 14일에 설립되었음.
스마트카 서비스 부문은 커넥티드 카 솔루션 구축 기술을 토대로 자율주행 이동체 관제 플랫폼 사업을 선도하고 있음.
동사의 주요 종속회사는 서비스사업(기업용메시징서비스, 양방향미디어서비스, 스마트카 서비스 등)과 기타사업(S/W 개발 및 솔루션등)을 영위하고 있음.
출처 : 에프앤가이드","네트워크, 플랫폼"
큐로컴,"시스템통합, 지능형교통시스템","'컴퓨터 프로그래밍, 시스템 통합 및 관리업'",IT서비스,"기업개요
1997년 4월에 설립되어 소프트웨어 개발/공급과 통신기기 및 컴퓨터 주변기기 제조 및 판매업을 사업목적으로 하고 있음.
소프트웨어 개발/공급을 하는 솔루션사업과 컴퓨터 주변기기 등 정보통신기기를 판매하는 유통사업을 주요사업으로 영위하고 있음.
동사의 연결 대상 종속회사에 포함된 회사들이 영위하는 사업으로는 신약 및 백신연구개발, 신약 및 백신 개발사업을 영위하고 있음.
출처 : 에프앤가이드","프로그램, 앱, 노트북 및 컴퓨터"
이글루,"통합보안관리솔루션, 보안관제서비스",'기타 정보 서비스업',IT서비스,"기업개요
동사는 1999년 11월 설립되어 2010년 2월 코스닥 시장에 상장하였음. 통합보안관리솔루션(ESM) 및 보안관제서비스(MSS)를 주요 사업으로 영위함.
통합보안관리(SIEM)라는 영역을 개척한 후 국내 시장을 주도해 온 결과 통합보안관리 분야의 대표 기업으로 자리매김함.
AI가 핵심 성장 동력이며, AI보안관리솔루션을 국내 최초로 출시하였음. 보안 오케스트레이션·자동화·대응(SOAR) 기술을 확보하고 있음.
출처 : 에프앤가이드","보안, 고객지원, AI"
에프앤가이드,"금융정보서비스, INDEX, 펀드평가 등",'기타 정보 서비스업',IT서비스,"기업개요
동사는 2000년에 설립되고 2013년에 코넥스 시장 상장을 거쳐, 2020년 코스닥으로 이전상장한 금융 데이터 전문 기업임.
주요 사업은 웹페이지나 CS프로그램 형태로 기업·산업 분석 보고서 및 다양한 금융 데이터를 서비스하는 것이며, 그외 인덱스사업, 펀드평가업 및 금융 정보 시스템을 구축하는 SI가 포함된 기타 사업을 영위하고 있음.
개인투자자 대상의 <크리블> 및 <리타민> 앱 서비스로 B2C로 비즈니스 영역 확장중.
출처 : 에프앤가이드","금융, 앱, 프로그램"
케이엘넷,EC/EDI,'전기 통신업',IT서비스,"기업개요
동사는 1994년 물류비 절감을 통한 국가경쟁력 강화를 목적으로 물류관련 기관과 기업들이 공동 출자하여 설립한 회사임.
물류분야를 중심으로 전자문서중계서비스(EDI)를 기반으로 한 전자물류서비스 외에 시스템통합(SI) 사업, 솔루션 판매, IT아웃소싱 등 물류IT 분야의 토털 서비스를 제공하고 있음.
동사 사업은 해운ㆍ항만ㆍ운송과 관련된 물류분야에 특화된 사업임.
출처 : 에프앤가이드","고객지원, 플랫폼"
한국정보통신,"신용카드부가통신업(VAN),전자지급결제대행업(PG)",'전기 통신업',IT서비스,"기업개요
동사는 1986년 5월 9일에 설립되었으며 1988년 1월 20일 코스닥시장에 상장함.
카드단말기 및 POS시스템이 설치된 가맹점 네트워크와 카드사, 은행, 정유사, 포인트 제공사 등과 연결된 대외 인터페이스, 그리고 이들을 연결하는 VAN시스템을 통해 부가가치를 창출함.
금융VAN산업은 가맹점과 카드사간 결제망시스템을 구축하여 카드사용 승인중계 및 카드전표 매입 업무를 하는 부가통신산업임.
출처 : 에프앤가이드","네트워크, 금융, 결제, 은행"
대신정보통신,"디지털서비스, SI서비스, 산업용 PDA","'컴퓨터 프로그래밍, 시스템 통합 및 관리업'",IT서비스,"기업개요
동사는 시스템 통합 및 구축 서비스업을 영위하고 있고, 사업의 특성상 인력을 투입하여 사업의 개발, 수행하고 있음.
국내 SW시장은 패키지 SW, IT서비스 등 전통 사업의 영역 간 경계가 점차 희석되고 있는 가운데, 인공지능, 스마트카, 빅데이터, 보안(블록체인), 사물인터넷, 클라우드 등이 주된 이슈로 지속되고 있음.
정보통신산업진흥원의 SW수요예보에 따르면 SW사업 추진계획 및 ICT 장비 구매 계획이 매년 증가하고 있음.
출처 : 에프앤가이드",클라우드
링네트,네트워크 구축(Network Integration),"'컴퓨터 프로그래밍, 시스템 통합 및 관리업'",IT서비스,"기업개요
동사는 컴퓨터 네트워크의 설계, 통신 장비공급, 설치 및 유지보수를 포함하는 NI사업과 화상회의시스템, Storage시스템, 클라우드 가상화 등의 사업을 영위함.
네트워크 시장은 LAN, WAN 그리고 인터넷이 점차 하나의 개념으로 통일되어 가고 있음.
동사는 고객에게 최적의 클라우드 구성(하이브리드 클라우드, 멀티 클라우드 등) 및 제공을 위한 최적의 시스템을 구성하고 있음.
출처 : 에프앤가이드","네트워크, 클라우드"
쌍용정보통신,"클라우드,시스템통합(SI),네트워크 설계 및 구축,시스템운영(SM)","'컴퓨터 프로그래밍, 시스템 통합 및 관리업'",IT서비스,"기업개요
동사의 연결종속회사는 총 3개사로 비상장사 콤텍정보통신, 클로잇, 클로센 이며 클라우드를 기반으로 하는 토탈 IT 구축 서비스와 기타 IT 용역 / 유지보수를 주된 영업으로 함.
클라우드 부문은 클라우드 전환(공공 클라우드 전환 및 구축포함), 클라우드 전환/구축 컨설팅, 클라우드 네이티브 어플리케이션 구축/운영 등을 영위하고 있음.
클라우드 외 부문은 네트워크 진단 / 컨설팅, 네트워크 솔루션 설계 / 공급 등을 영위.
출처 : 에프앤가이드","네트워크, 클라우드"
인포바인,휴대폰인증서보관서비스(UBIKey),'전기 통신업',IT서비스,"기업개요
동사는 2010년 코스닥시장에 상장하며 휴대폰인증서 보관서비스 사업을 영위하고 있음.
휴대폰인증서 보관서비스는 유무선 네트워크 연동기술, 데이터암호화기술 및 모바일 어플리케이션 개발기술을 기반으로 공동인증서를 휴대폰에 보관하고, 어느 PC에서나 자유롭게 사용할 수 있는 서비스임.
2004년부터는 캐주얼장르의 온라인게임인 '제4구역'을 개발 진행하였으며, 현재는 모바일게임으로 상용화하고 있음.
출처 : 에프앤가이드","네트워크, 암호화, 인증"
시티랩스,"용역서비스(ITS,BIS,ATMS,BRT)","'컴퓨터 프로그래밍, 시스템 통합 및 관리업'",IT서비스,"기업개요
동사는 2006년 설립되어 ITS 구축 전문기업으로서 ITS 분야 등 SOC 사업에 대한 입지를 구축하여 왔음.
동사와 그 종속기업의 사업은 ITS 통합솔루션 및 CCTV 관제센터 구축 용역과 서비스부문, 복층유리 생산설비 제조업, 블록체인을 이용한 정보자료처리, 호스팅도메인 서비스 등으로 구성됨.
또한, 2021년 9월 국내 모바일게임 퍼블리싱사업을 위한 사업부를 신설하여 사업을 영위하고 있음.
출처 : 에프앤가이드",호스팅
미래아이앤지,"CCTV, DVR제조, 금융솔루션, 방산제품","'컴퓨터 프로그래밍, 시스템 통합 및 관리업'",IT서비스,"기업개요
동사는 금융솔루션사업 등을 주사업으로 영위하고 있음.
솔루션사업은 2010년 영업양수도를 통하여 금융솔루션사업부문을 추가하여 주된 사업으로 영위하고 있으며, 또한 동사 매출확대를 위해 기존 사업부를 통합하여 B&E사업부를 추가함.
금융솔루션사업은 은행권에 SWIFT 전문 관리 솔루션(eNisis), 컴플라이언스 솔루션(SafeWatch), 외화트레이딩 솔루션(Summit), 기타 SI 사업을 영위하고 있음.
출처 : 에프앤가이드","금융, 은행"
한네트,"현금서비스, 예금인출",'전기 통신업',IT서비스,"기업개요
동사는 1997년 VAN사업을 목적으로 한국컴퓨터에서 독립했으며 주요 사업은 점외 현금자동지급기(CD)사업임.
금융권 사업자가 현금자동지급기 시장을 주도하고 있는 가운데, 동사는 금융권이 진출하지 않은 지하철역, 대형 유통점, 편의점, 휴게소 등의 공공장소를 중심으로 CD를 설치, 꾸준히 성장 중임.
신용카드 활성화와 더불어 주5일 근무제 시행 확대로 현금입출금 수요가 늘면서 CD 시장은 점진적으로 성장할 가능성 있음.
출처 : 에프앤가이드",금융
유엔젤,"소프트웨어(무선인터넷 솔루션,ASP통신사업자용 지능망솔루션 및 단문메세지센터) 개발,공급","'자료처리, 호스팅, 포털 및 기타 인터넷 정보매개 서비스업'",IT서비스,"기업개요
동사는 1999년 설립되어 국내외 유/무선 통신사업자 및 단말제조사 등에게 지능망, 메세징, 해외 RBT 서비스, 유아교육 스마트러닝을 개발 및 공급하는 것을 주요 사업으로 하고 있음.
동사의 대표적인 연구분야는 가상화, 서비스 기반의 구조, 신규 이동통신 프로토콜임.
또한 유무선 통합 마케팅 솔루션, 통합 뮤직 및 MPOMR, AI통화 연동 솔루션 등의 사업을 영위하고 있음.
출처 : 에프앤가이드","호스팅, AI"
아시아나IDT,"IT 서비스, IT 솔루션","'컴퓨터 프로그래밍, 시스템 통합 및 관리업'",IT서비스,"기업개요
동사는 2003년 2월 모회사인 아시아나항공의 정보통신사업부를 영업 양수. 이후 아시아나아이디티로 사명을 변경 후 현재까지 IT 서비스 사업을 영위하고 있음.
자체 데이터센터를 기반으로 고객사에 안정적이고 효율적인 IT인프라 서비스를 위하여 인프라 컨설팅, 인프라 설계 및 구축, 클라우드 서비스, 데이터센터 통합 운영 및 전산시설 환경 안전진단 서비스 제공.
주요 고객사는 아시아나항공, 에어부산, 에어서울, 인천국제공항공사 등.
출처 : 에프앤가이드","인프라, 클라우드"
데이타솔루션,"EMC스토리지, SPSS, SI",'기계장비 및 관련 물품 도매업',IT서비스,"기업개요
동사를 제외하고 7개의 계열회사가 있으며, 최대주주인 오픈베이스를 제외하고는 모두 비상장기업으로 구성되어 있음.
데이터사업은 분석 소프트웨어의 개발과 판매, 분석 컨설팅, 빅데이터와 AI 시스템 구축 사업과 및 교육사업으로 구성됨.
현재 동사는 SPSS 프로그램을 바탕으로 통계분석 S/W 교육연구 시장에서 타 경쟁업체 대비 국내 가장 높은 점유율을 차지하고 있음.
출처 : 에프앤가이드","프로그램, 분석, AI"
이씨에스,"컨택센터용교환시스템,업무용교환시스템","'컴퓨터 프로그래밍, 시스템 통합 및 관리업'",IT서비스,"기업개요
Enterprise Communication Solutions사업의 오랜 경험을 기반으로 고객성공 영역과 디지털워크플레이스 영역을 주사업으로 하고 있음.
고객성공 영역은 기존의 컨택센터 인프라, 고객경험, 상담사 경험, ROI, 관리, 세일즈/마케팅, 자동화, 컴플라이언스 부문으로 구성됨.
디지털워크플레이스 영역은 Digital Work와 영상회의 부문으로 구성되며 재택 및 원격 근무, 협업 지원, 원격 교육 등의 사업을 영위함.
출처 : 에프앤가이드",인프라
정원엔시스,"SI(시스템통합) 관련 소프트웨어, 중.대형 고속 레이져 프린터",'기계장비 및 관련 물품 도매업',IT서비스,"기업개요
동사는 기업용 전산시스템의 구축 및 통합을 위한 솔루션서비스를 제공하고 전산장비를 공급하는 IT전문기업임.
주된 취급품목은 서버, 스토리지, 컴퓨터 등 전산장비이며, 현재 한국 HP등의 국내 총판사업을 영위하고 있음.
현재 SI산업은 국가의 정보화 확산을 위한 견인 역할을 함과 동시에 산업 전반의 효율성 및 경쟁력을 제고시키고, 고급 기술 인력 육성을 주도하는 전략적 국가기간 산업으로서 중점 육성되고 있음.
출처 : 에프앤가이드",서버
디모아,"h/w,s/w개발",'기타 전문 도매업',IT서비스,"기업개요
동사와 연결회사는 한국마이크로스프트 유한회사의 상업,교육,공공,클라우드용 총판, ADOBE의 교육용과 상업용 총판, (주)안랩의 상업용총판, Unity, PTC 총판으로 소프트웨어 판매와 기술지원을 영위.
Poly의 총판으로서 UC, CC제품 등 하드웨어를 판매하고 있으 그 외에 Zoom, Tableau 소프트웨어를 유통 판매.
또한, 소프트웨어 판매 회사인 종속회사 디모아를 2022년 3월 중에 흡수합병함.
출처 : 에프앤가이드",클라우드
리노스,"TRS통신, Kipling Bag외","'컴퓨터 프로그래밍, 시스템 통합 및 관리업'",IT서비스,"기업개요
동사는 1991년 설립되었으며, SI, IT 솔루션, 무선통신, IT서비스 등의 IT사업부문과 키플링, 이스트팩 패션브랜드의 F&C사업부문을 주요사업으로 영위하고 있음.
IT 사업 부문은 경찰, 소방 등 정부공공기관이 주요 고객임. 인천국제공항 무선통신시스템, 경찰 무선통신시스템 등을 구축함.
패션, 생활용품 업체 비케이이노베이션을 연결대상 종속회사로 보유함.
출처 : 에프앤가이드","네트워크, 인프라"
케이씨에스,컴퓨터시스템 통합 구축 및 철도 도로 교통인프라,"'컴퓨터 프로그래밍, 시스템 통합 및 관리업'",IT서비스,"기업개요
동사는 한국컴퓨터지주에서 물적분할을 통해 설립돼 2007년 계열사인 한컴기술연구소를 합병함.
동사는 무장애, 무정지형 시스템과 솔루션으로 금융, 통신, 공공 부문에 차별화 된 서비스를 제공해옴.
동사는 크게 NonStop SI, Enterprise Solution, 교통인프라, KIOSK 단말 사업 등 4개의 사업을 영위하며 NonStop SI 사업부분은 수익창출에 기여하고 있음.
출처 : 에프앤가이드","인프라, 금융"
이삭엔지니어링,공장자동화 설비제어,"'컴퓨터 프로그래밍, 시스템 통합 및 관리업'",IT서비스,"기업개요
동사는 2006년 11월에 설립되어 반도체, 전자, 철강, 중공업, 발전, 제약/바이오, 2차전지 등 제조 산업 전반에 걸처 공장 자동화 솔루션 공급을 영위하고 있음.
산업자동화 솔루션, 디지털 팩토리 솔루션, 산업용 IoT 플랫폼 등 3개의 주력 사업으로 구성됨.
산업자동화 솔루션은 지멘스로부터 PLC, DRIVE 등 하드웨어 장비를 매입하고 동사의 엔지니어링 기술을 결합하여 솔루션을 공급하는 방식으로 사업이 구성됨.
출처 : 에프앤가이드",플랫폼
텔코웨어,"소프트웨어(핵심망솔루션,무선데이터솔루션,요소기술) 개발,유지보수,무역","'자료처리, 호스팅, 포털 및 기타 인터넷 정보매개 서비스업'",IT서비스,"기업개요
동사는 2000년 설립되어 SKT, SKB, LGU+ 등 국내 통신사의 Core Network에 해당되는 통신 솔루션을 개발 공급 및 유지보수 서비스를 제공하고 있음.
제품의 특성에 따라 음성핵심망 솔루션, 무선데이터 솔루션, 요소기술의 3가지로 품목을 구분하고 있음.
2019년 이후 신규로 공급하게 된 제품은 MEC 및 5G SA 코어망에 구축될 NRF, NSSF 등이 있음.
출처 : 에프앤가이드",호스팅
플랜티넷,유해사이트차단서비스,"'컴퓨터 프로그래밍, 시스템 통합 및 관리업'",IT서비스,"기업개요
동사는 2000년 설립되어 네트워크 차단방식의 인터넷 유해콘텐츠차단서비스 사업을 영위하고 있음.
동사는 국내 최초 인터넷 망을 통한 유해 사이트 필터링 서비스를 상용화하였음.
국내 3대 ISP사업자 뿐 아니라 MSO사업자, 케이블인터넷 사업자를 통해 제공하고 있으며, 해외법인 고객으로는 대만의 중화전신, 베트남의 VNPT 등 굴지의 통신사를 고객사로 보유하고 있음.
출처 : 에프앤가이드",네트워크
솔트웨어,enView,"'컴퓨터 프로그래밍, 시스템 통합 및 관리업'",IT서비스,"기업개요
동사는 2003년 11월 설립되었으며 공공기관, 대학, 기업용 클라우드 시스템 구축 서비스와 인프라 구축 운영 서비스, 그리고 기업용 포털솔루션을 주요 제품으로 사업을 영위함.
S/W 패키지인 BIPS를 통해 고객사의 업무 포털 시스템을 구축하였고, S/W 솔루션인 BIPS enView를 출시하여 기업정보화 사업에 진출함.
동사가 카타르에 수출한 컨테이너형 육묘기와 사막형 그린하우스 제품을 기반으로 스마트팜 시장 진출 준비 중임.
출처 : 에프앤가이드","인프라, 클라우드"
비츠로시스,"원방감시제어시스템, 분산제어시스템","'전동기, 발전기 및 전기 변환 · 공급 · 제어 장치 제조업'",IT서비스,"기업개요
동사는 1989년 11월 한불자동화 주식회사로 출범하여 1991년 주식회사 광명제어로, 2000년 주식회사 비츠로시스로 상호를 변경하였으며, 2001년 12월 코스닥시장에 주식을 상장함.
동사는 자동제어시스템 전문 제조업체로서 분산제어시스템, SCADA 시스템, 유·무선TM/TC, ITS시스템 등을 개발하여 정부/공공기관, 대형건설사, 지방자치단체등에 납품함.
동사의 제조공정은 S/W, H/W의 결합과 설치공사 부분으로 구성.
출처 : 에프앤가이드","네트워크, 인프라"
벨로크,"보안솔루션,보안서비스","'컴퓨터 프로그래밍, 시스템 통합 및 관리업'",IT서비스,"기업개요
동사는 네트워크 보안솔루션공급 및 구축, 유지보수를 바탕으로 한 보안서비스 제공, 보안상품판매 및 유통사업을 영위하고 있음.
자체적으로 포트스캔 솔루션(B-SOP), 규정관리 솔루션(B-cms), 지능형 영상 감시 시스템(i-object track) 등 제품 개발을 통해 타 제조사 제품과 연계하여 제공하고 있음.
한국동서발전, 한국서부발전 등 국내 공공 발전사 및 한국수력원자력에 시스템을 공급하고 있음.
출처 : 에프앤가이드",네트워크
한솔인티큐브,기업통신 및 무선인터넷,"'컴퓨터 프로그래밍, 시스템 통합 및 관리업'",IT서비스,"기업개요
동사는 2003년 12월에 설립되었으며 2004년 1월에 코스닥에 상장함. 2008년 6월 한솔그룹에 편입되어 상호명을 한솔인티큐브로 변경함.
AI 기반의 고객 커뮤니케이션 전문 기업으로서, AI, 클라우드, 옴니채널, 콜인프라 등의 기술력을 이용한 컨택센터 및 경험기반의 고객서비스 체계를 제공하고 있음.
종속회사인 스티커스코퍼레이션은 반려동물의 습식사료 및 자연식 사료 제조 및 판매, 헬스케어 상품 판매업을 영위함.
출처 : 에프앤가이드","인프라, 클라우드, AI"
엠브레인,온라인 및 오프라인 리서치,시장조사 및 여론조사업',IT서비스,"기업개요
동사는 1998년 '한국패널리서치'를 설립한 후 2000년 11월 13일 상호를 '엠브레인'으로 변경하였으며, 2012년 7월 17일 '마크로밀엠브레인’으로 상호를 변경함.
시장의 요구에 부응하기 위해 기존 리서치 사업 이외에 새로이 빅데이터 사업에도 진출했음.
동사 빅데이터 사업의 주요 서비스는 2가지로, 시장 점유율을 제공하는 ‘구매빅데이터’서비스와 당사 빅데이터 패널 기반 분석 데이터를 제공하는 ‘패널빅데이터? ’ 서비스임.
출처 : 에프앤가이드","빅데이터, 분석"
로지시스,"전산장비 판매 및 유지보수, VAN기기 대행관리","'컴퓨터 프로그래밍, 시스템 통합 및 관리업'",IT서비스,"기업개요
동사는 전산장비 유지보수 용역, 전산장비 판매, VAN서비스 대행용역 사업을 영위하고 있으며 13개의 계열회사가 있음.
전산장비 유지보수 사업은 금융권 전산장비 유지보수와 공공기관 전산장비 유지보수 부문으로 분류할 수 있고, 통합유지보수 또는 장비별로 개별 유지보수를 수행하고 있음.
VAN서비스 대행사업은 VAN사의 현금자동입출금기에 대한 대행관리와 금융기관 365코너의 현금자동 입출금기에 대한 대행관리사업을 수행하고 있음.
출처 : 에프앤가이드",금융
현대오토에버,"전산실운영, 시스템구축, 전산장비 납품, SOC/건축 사업",'소프트웨어 개발 및 공급업',소프트웨어,"기업개요
동사는 2000년 4월 10일에 설립되어 정보시스템 기획(IT 컨설팅), 시스템 구축, 운영 및 유지보수 등의 IT 서비스 사업과 차량 SW 플랫폼, 내비게이션 SW 등을 포함한 차량용 SW 사업을 영위하고 있음.
사용자가 필요로 하는 정보시스템에 관한 기획(IT 컨설팅)에서부터 구축, 운영, 유지보수까지 전 과정을 수행하는 IT 서비스 제공.
차량용 SW 부문은 BSW, 내비게이션 SW 등을 포함한 차량용 SW 사업을 영위.
출처 : 에프앤가이드",플랫폼
엠로,"기업용 공급망관리 소프트웨어, AI 디지털혁신 소프트웨어, 공급망관리 클라우드 서비스",'소프트웨어 개발 및 공급업',소프트웨어,"기업개요
동사는 2000년 설립 이후 공급망관리 전 영역에 대한 full coverage 소프트웨어를 개발 및 공급해오고 공급망관리 소프트웨어 시장 1위 기업임.
동사는 지속적인 연구개발을 통해 2019년 AI 및 클라우드 서비스를 출시함.
AI 특허 기술을 바탕으로 Item Master Lifecycle 관리, 신규 프로젝트 최적 견적가 산정, 지능형 수요예측 및 재고관리 등 다양한 AI 소프트웨어를 선보이고 있음.
출처 : 에프앤가이드","클라우드, AI"
안랩,바이러스백신 프로그램,'소프트웨어 개발 및 공급업',소프트웨어,"기업개요
동사는 1995년 설립되어 컨설팅-솔루션-관제 등 시큐리티 라이프 사이클 상의 기술과 서비스를 제공하는 통합보안업체임.
솔루션 분야는 대표제품인 V3 제품군을 비롯해 온라인 보안 서비스, 모바일 보안 솔루션, 네트워크 보안 장비 등 정보 네트워크 환경에 적합한 보안 솔루션을 개발 공급하고 있음.
서비스 분야는 보안 컨설팅과 보안 관제 등이 있으며, 정부 지정 정보보호컨설팅전문업체로서 서비스를 제공하고 있음.
출처 : 에프앤가이드","네트워크, 프로그램"
솔트룩스,인공지능 및 빅데이터 소프트웨어,'소프트웨어 개발 및 공급업',소프트웨어,"기업개요
동사는 1981년 8월에 설립되었으며, B2B 및 B2G 인공지능·빅데이터 솔루션을 프로젝트 수주하여 구축 혹은 클라우드 기반으로 서비스 하는 사업을 영위.
대화형 인공지능, 증강분석 빅데이터 사업 및 인공지능 클라우드 서비스 분야의 사업을 전개하고 있음.
ICC SaaS 사업, 초개인화 AI 서비스, AI 기반 유전체 분석 및 신약 사업, 메타휴먼 사업의 신규 사업을 추진하고 있음.
출처 : 에프앤가이드","클라우드, 분석, AI"
코난테크놀로지,"소프트웨어(인공지능,빅데이터,자연어처리,검색엔진,대화형챗봇,음성합성,음성인식) 연구개발 및 공급, 정보통신서비스",'소프트웨어 개발 및 공급업',소프트웨어,"기업개요
동사는 주요 기반기술을 기준으로 4제품군, 7제품으로 라인업 하고 있으며 4제품군은 딥컨버세이셔널에이전트[코난챗봇], 딥비전[코난와처], 딥스피치[코난보이스],[코난리스너] 그리고 딥텍스트애널리틱스가 있음.
딥텍스트애널리틱스 제품군 하위에 4개의 상용제품 [코난서치], [코난애널리틱스], [펄스케이]이 포함되어 판매 중임.
스마트워크와 스마트라이프 실현을 위해 AI제품/서비스를 라인업해 나가고 있음.
출처 : 에프앤가이드","AI, 고객 지원"
폴라리스오피스,시스템 소프트웨어,'소프트웨어 개발 및 공급업',소프트웨어,"기업개요
동사는 폴라리스 오피스(Polaris Office), 모바일 백신솔루션 (V-Guard), Atlassian 솔루션, 모바일 게임 사업 부문을 영위하고 있음.
단말기나 이동통신사 앱스토어의 보안 검증을 위한 플랫폼 개발 및 유지 보수를 하는 보안 플랫폼 사업을 영위함.
폴라리스 오피스 클라우드 서비스는 2022년 9월말 기준 243개국 1.2억명의 가입자를 확보한 상태로 사용자가 지속적으로 증가하고 있음.
출처 : 에프앤가이드","클라우드, 플랫폼, 앱"
한글과컴퓨터,오피스소프트웨어,'소프트웨어 개발 및 공급업',소프트웨어,"기업개요
동사는 소프트웨어 개발 및 공급업을 목적으로 1990년 10월 11일에 설립되었으며, 1996년 9월 24일자로 상장되어 코스닥시장에서 매매가 개시됨.
한컴오피스 소프트웨어를 중심으로 오피스SW 및 솔루션 개발 및 판매를 주요 사업으로 하고 있음.
종속회사 한컴라이프케어는 보호복, 호흡기, 마스크 등 개인보호장비(PPE) 분야를 주요사업군으로 집중하며, 공기호흡기 등 안전장비 분야에서는 압도적인 입지를 구축해왔음.
출처 : 에프앤가이드","프로그램, 앱, 보안, 기타 하드웨어"
슈어소프트테크,소프트웨어 자동화 검증 플랫폼,'소프트웨어 개발 및 공급업',소프트웨어,"기업개요
동사는 2002년 3월에 설립되어 소프트웨어의 안전성을 검증하기 위한 자동화 도구 개발 및 공급, 제 3자 검증 서비스를 사업을 영위하고 있음.
기능안전 국제표준에 근거하여 개발 과정에 따라 정의된 검증 활동이 필수적으로 요구되고, 당사는 필수 검증 활동을 자동화하는 소프트웨어 원천 기술 및 3자 검증 서비스 기술력을 보유.
주요제품으로는 코드검증 솔루션, 시스템검증 솔루션, 모델검증 솔루션, 미래기술검증 솔루션이 있음.
출처 : 에프앤가이드",플랫폼
다날,모바일콘텐츠 및 유무선전화결제,'소프트웨어 개발 및 공급업',소프트웨어,"기업개요
동사는 소프트웨어 개발, 수출 및 판매 등을 영위할 목적으로 1997년 7월 설립되어 2004년 7월 코스닥시장에 상장됨.
휴대폰 결제 서비스를 주 사업으로 국내 뿐 아니라 해외에서도 결제 및 인증사업을 진행하고 있으며, 온/오프라인 휴대폰 결제를 비롯하여, 신용카드, 바코드 결제 등의 커머스사업을 진행하고 있음.
연결종속회사들의 사업부문은 디지털콘텐츠부문, 프랜차이즈부문, 렌탈서비스부문으로 구별됨.
출처 : 에프앤가이드","인증, 결제"
KG이니시스,전자지불서비스,'소프트웨어 개발 및 공급업',소프트웨어,"기업개요
동사는 전자지불결제대행업(PG)을 주 사업으로 영위함. 쇼핑몰등 인터넷상에서 지불결제가 필요한 업체에게 지불결제시스템을 구축해 주고 지불승인과 매입, 대금정산 등의 업무를 지원하는 서비스임.
국내 전자결제시장 선두주자이며 NHN한국사이버결제, 토스페이먼츠 등이 주요 경쟁기업임.
동사는 사업부문으 프랜차이즈음식점을 운영하는 요식업 부문, 교원 임용시험 등 학원 및 온라인 강좌, 교재 사업을 하는 교육사업 부문 등을 보유함.
출처 : 에프앤가이드",결제
알체라,"얼굴인식 AI, 이상상황 감지 AI 등",'소프트웨어 개발 및 공급업',소프트웨어,"기업개요
동사는 인공지능 영상인식 분야에서 토탈 솔루션 기술을 제공하고 있음.
안면인식 기반의 결제 시스템 구축, 모바일 뱅킹, 신분증 확인 등에 적용되며, 출입국 및 공공기관의 출입 등 보안과 관제 영역까지 관리할 수 있는 On Premise와 SaaS 모델을 제공함.
또한 원격 의료 및 임상시험 등에 사용되는 Digital Healthcare 솔루션도 공급하고 있음.
출처 : 에프앤가이드",결제
코나아이,"전자화폐, 단말기, 수집/정산시스템",'소프트웨어 개발 및 공급업',소프트웨어,"기업개요
동사는 국제규격 결제플랫폼을 기반으로 지역화폐와 코나카드 결제서비스를 제공하고 있음.
현재 동사는 1,400만명의 고객과 연간 15조원 이상의 결제를 처리중으로 배달, 택시등 지역사회에 필요한 모든 서비스를 제공 중임.
국내 결제 플랫폼 성공을 바탕으로 Open API 기반 해외 결제 서비스를 준비 중이며, 신사업으로 블록체인 플랫폼, 메타버스 플랫폼, TSM 기반 정보 판매 서비스 및 MVNO 등을 추진중임.
출처 : 에프앤가이드","플랫폼, 결제"
한국정보인증,"공인인증서, PKI솔루션 등",'소프트웨어 개발 및 공급업',소프트웨어,"기업개요
동사는 국내 최초의 인증기관으로서 인증서의 발급, PKI 솔루션 개발 및 판매, SSL(웹보안서버) 판매, 바이오인증서비스 등을 영위하고 있음.
OTP(One Time Password: 일회용 비밀번호)제품을 주사업으로 영위 하고 있는 ㈜미래테크놀로지와 '21.09.15일부로 합병을 완료함.
가상자산 서비스 사업, 지문인증 서비스 사업 등의 분야로 확장을 추진 중임.
출처 : 에프앤가이드","서버, 인증"
가비아,"도메인,호스팅",'소프트웨어 개발 및 공급업',소프트웨어,"기업개요
동사는 1999년 설립되어 기업을 대상으로 클라우드, 그룹웨어, 보안, 도메인, 호스팅 등을 제공하는 IT 서비스업을 영위하고 있음.
종속회사를 통해 쇼핑몰 서비스 및 홈페이지 제작, SI 및 멀티미디어 솔루션, 보안상품 및 서비스, 그리드 CDN 및 MS의 SPLA, CSP 라이선스를 제공하고 있음.
기업용 그룹웨어 솔루션 '하이웍스' 는 2019년에 그룹웨어 및 메일서비스 분야에서 시장 점유율 1위를 기록하였음.
출처 : 에프앤가이드","클라우드, 호스팅"
이스트소프트,"온라인게임(카발온라인),알툴즈S/W,스토리지S/W",'소프트웨어 개발 및 공급업',소프트웨어,"기업개요
동사는 1993년 설립된 소프트웨어 개발회사로, 최근 인공지능(AI)사업(AI 휴먼 사업)을 전개하고 있음.
동사와 주요 종속회사의 사업영역은 유틸리티(알툴즈 등), 보안(알약), 포털(줌닷컴), 게임(카발) 등이 있음.
이외 커머스(아이웨어 가상피팅앱 라운즈), 금융(엑스포넨셜자산운용) 사업을 영위함. 신사업으로 유료 포인트 사업, NFT 사업, 교육사업 등을 추진하고 있음.
출처 : 에프앤가이드","금융, 앱, AI"
쿠콘,"페이먼트서비스(65.2%), 데이터서비스(29.1%) 등",'소프트웨어 개발 및 공급업',소프트웨어,"기업개요
동사는 API 상품을 개발하여 비즈니스 데이터를 제공하는 것을 주력사업으로 하고 있음.
주요 사업은 제공되는 정보의 유형에 따라 데이터 서비스(개인정보 API, 기업정보 API, 글로벌 API)와 페이먼트 서비스(간편결제 API, 전자금융 API)로 나뉨.
주요 거래처로는 은행, 보험사, 증권사, 카드사 등의 금융기관과 카카오페이, 네이버 등의 빅테크/핀테크 기업 등이 있음.
출처 : 에프앤가이드","금융, 결제, 은행"
딥노이드,"의료 인공지능플랫폼, 인공지능 임상의사결정 시스템",'소프트웨어 개발 및 공급업',소프트웨어,"기업개요
동사는 의료 진단ㆍ판독 보조 및 질병 조기진단을 위한 솔루션을 개발하는 의료 인공지능 사업을 영위하고 있음.
식약처 인허가를 받은 총 15 개의 DEEP:AI(의료 인공지능 솔루션) 제품을 보유하고 있으며, 이는 각종 의료 데이터를 인공지능으로 분석하여 질환 분류, 병변 영역 검출, 예후 예측 등의 역할을 수행함.
이외에도 DEEP:PHI (인공지능 개발툴), DEEP:STORE (인공지능 마켓플레이스) 등을 자체 개발함.
출처 : 에프앤가이드","플랫폼, AI"
KG모빌리언스,유무선전화결제서비스,'소프트웨어 개발 및 공급업',소프트웨어,"기업개요
온라인/오프라인 상에서 디지털 컨텐츠 및 실물을 구매할 경우에 유/무선(휴대폰) 전화를 이용하여 결제를 할 수 있도록 결제 솔루션을 제공하는 전자지불결제(PG) 업체임.
약 2만7500여개 가맹점에 결제 서비스를 제공함. 케이지에듀원과 케이지에프앤비를 연결대상 종속회사로 보유함.
동사는 24시간 운영을 위해 시스템 및 인력을 추가 배치하여 결제장애 또는 가맹점 문의사항을 즉시 해결하고 있으며, 비상대책시스템을 상시 운영하고 있음.
출처 : 에프앤가이드",결제
MDS테크,"임베디드개발솔루션,임베디드소프트웨어",'소프트웨어 개발 및 공급업',소프트웨어,"기업개요
동사는 1998년 설립되어 임베디드 시스템 토탈 솔루션 공급 사업을 영위하고 있음.
동사의 사업부문은 임베디드 SW 개발 솔루션부문, 임베디드 시스템 SW 솔루션부문, 기타부문으로 구성되어있음.
동사는 현재 각 지역에서 현재 내수 위주로 사업을 전개하고 있음. 2008년 합병을 통한 호주법인 보유 및 2014년 홍콩법인, 2015년 인도법인, 2018년 중국법인 등을 설립하여 해외로 진출하고 있음.
출처 : 에프앤가이드",기타 하드웨어
웹케시,"에스이알피, 브랜치, 인하우스",'소프트웨어 개발 및 공급업',소프트웨어,"기업개요
동사는 기업용 금융 핀테크 플랫폼 제공을 주 사업으로 하며, 기타 기업 업무에 필요한 다양한 솔루션의 개발/제공으로 사업 영역을 확장하고 있음.
동사의 금융 핀테크 플랫폼은 금융기관과 기업내부시스템(ERP)을 연계하여, 금융과 회계가 통합된 기업자금관리시스템을 제공함.
사업모델 구조조정을 통해 저마진 'SI 비즈니스'에서 고마진 'SaaS 비즈니스'로의 수익모델 변경을 이루어냄.
출처 : 에프앤가이드","플랫폼, 금융"
맥스트,AR 개발 플랫폼/AR솔루션,'소프트웨어 개발 및 공급업',소프트웨어,"기업개요
동사는 2010년 10월 설립되었으며, AR 원천기술 개발 사업을 영위하고있음.
2019년부터 AR 원천기술을 반도체, 자동차, 조선 등 제조 현장에 적용하여 산업용 증강현실 솔루션을 제공하고 있음.
축적된 AR 및 XR 기술을 기반으로 메타버스 플랫폼 연구개발에 주력, 2022년 11월 XR 메타버스 통합 플랫폼인 '맥스버스(MAXVERSE)' 오픈 베타 버전을 출시함.
출처 : 에프앤가이드",플랫폼
마음AI,종합 인공지능 엔진 및 플랫폼,'소프트웨어 개발 및 공급업',소프트웨어,"기업개요
동사는 응용 소프트웨어 개발 및 공급업, 인공지능 기반 제품의 개발, 연구를 주요 사업으로 영위하고 있음.
23년 4월 초, 기존의 플랫폼을 한층 고도화한 maum.ai 2.0을 출시하였음.
마음 AI 2.0 플랫폼에 뷰티·법률·경제·헬스케어 등 12개 도메인(업무영역)별 특화지식이 학습되어 개개 영역에 최적화된 답변을 제공할 수 있는 마음GPT 12종을 라인업하였음.
출처 : 에프앤가이드","플랫폼, AI"
알서포트,"원격지원,제어 솔루션",'소프트웨어 개발 및 공급업',소프트웨어,"기업개요
동사는 2010년 7월 20일 설립되어 2013년 12월 20일 알서포트(주)와 합병하였으며, 상호를 알서포트(주)로 변경함.
동사와 종속회사는 원격지원 및 제어, 화상회의 등과 같은 원격 관련 소프트웨어 개발 및 공급 사업을 영위하고 있음.
주요 제품군으로는 원격지원 제품인 Remote Call, 원격제어 제품인 RemoteView, 화상회의 제품인 RemoteMeeting, 기타 회상회의 부스인 콜라박스 등이 있음.
출처 : 에프앤가이드","앱, 프로그램"
엑셈,"DB, E2E 성능관리 SW",'소프트웨어 개발 및 공급업',소프트웨어,"기업개요
동사는 데이터베이스(DB) 튜닝을 위한 소프트웨어 설계ㆍ개발 및 판매와 컨설팅 등을 사업목적으로 하여 2001년 1월 2일에 설립됨.
DB 성능 관리, IT 전구간 성능 관리를 위한 APM, 빅데이터 통합 관리, 클라우드 통합 모니터링, 인공지능(AI) 기반 IT 운영 지능화 솔루션의 개발, 공급을 주요 사업으로 영위하고 있음.
동사의 주요종속회사인 신시웨이는 DB 보안 관련 소프트웨어 개발 및 공급 사업을 영위하고 있음.
출처 : 에프앤가이드","클라우드, 데이터베이스, AI"
라온피플,"카메라 모듈 검사기, AI 머신비전, 골프센서",'소프트웨어 개발 및 공급업',소프트웨어,"기업개요
동사는 2010년 1월 설립 이후 4차 산업혁명의 핵심 기술인 인공지능을 이용한 비전 솔루션을 제공하는 전문기업임.
AI 머신비전 솔루션, AI스마트비전 솔루션, 골프센서, 카메라모듈 검사기의 개발, 제조 및 판매를 주 사업으로 영위하고 있음.
자회사 라온로드를 통해 교통제어 시스템 사업 진출을 진행중이며, 자회사 라온메디를 통해 AI와 3D 기술을 접목한 덴탈 소프트웨어 솔루션 사업을 영위하고 있음.
출처 : 에프앤가이드","AI, 프로그램"
버넥트,산업용 XR 솔루션,'소프트웨어 개발 및 공급업',소프트웨어,"기업개요
컴퓨터 비전 기반의 증강현실기술을 바탕으로 확장현실 기술 트렌드를 선도하며 산업현장의 문제를 해결할 수 있는 XR 솔루션을 전문적으로 개발함.
자체 개발 트랙 프레임워크에서 기인하는 확장성, 자체 콘텐츠 파일 포맷의 독립성, 멀티 플랫폼을 지원하는 사용성, 멀티 인프라 지원에 기반하는 운영성을 가짐.
세계적인 수준의 컴퓨터 비전기술을 이용하여 현실세계와 가상세계를 실시간으로 연결하여 XR을 구현함.
출처 : 에프앤가이드","인프라, 플랫폼"
이노시뮬레이션,"스마트 모빌리티 시뮬레이터, XR 가상훈련 시스템 등",'소프트웨어 개발 및 공급업',소프트웨어,"기업개요
동사의 명칭은 ㈜이노시뮬레이션으로, 영문으로는 INNOSIMULATION CO., LTD라 표기. 2000년 5월 24일에 설립됨.
스마트 모빌리티를 위한 XR 솔루션 기업으로 스마트 모빌리티 시뮬레이터, XR 가상훈련, XR 디바이스 및 XR 실감 콘텐츠를 주력 사업으로 함.
CES 2017 전시회 출품을 통해 VR 멀미를 크게 줄일 수 있는 기술을 선보임. 이후 80개 국가에 1,000여 대를 수출하며 품질과 안정성을 입증함.
출처 : 에프앤가이드",프로그램
갤럭시아머니트리,전자결제,'소프트웨어 개발 및 공급업',소프트웨어,"기업개요
동사는 1994년 설립된 전자지급결제를 위한 결제 전문 대행사임. 동사의 사업부문은 전자결제사업, O2O사업, 기타 사업으로 구분됨.
전자결제사업부문에서는 휴대폰 결제, 신용카드 결제, 계좌이체 등의 서비스를 제공하고 있음. O2O사업부문에서는 모바일 상품권 및 쿠폰 발행과 판매, 편의점 기반 결제 서비스를 제공하고 있음.
기타 사업부문에서는 간편결제 플랫폼 '머니트리’, NFT 플랫폼 '메타갤럭시아’등의 서비스를 제공하고 있음.
출처 : 에프앤가이드","플랫폼, 결제"
라온시큐어,소프트웨어 개발 및 공급,'소프트웨어 개발 및 공급업',소프트웨어,"기업개요
동사는 1998년 4월 16일 설립되었으며, 소프트웨어 개발, 판매 및 공급을 목적으로함.
금융, 공공기관 및 일반기업을 대상으로 모바일 보안솔루션(모바일백신, 가상키보드, PKI 암호인증, 모바일단말관리 EMM) 등의 사업을 영위.
블록체인 DID 및 FIDO 생체인증 기반 신원증명 플랫폼(OmniOne)과 B2C 개인이용자 대상으로 보안 인증 서비스를 제공하는 ICT 정보보안 선도기업임.
출처 : 에프앤가이드","인증, 플랫폼, 금융"
케이사인,,'소프트웨어 개발 및 공급업',소프트웨어,"기업개요
동사는 1999년 11월 12일 설립되었으며 시스템 보안, 컨텐츠/정보유출 방지보안, 암호/인증, 보안관리 분야 사업을 영위하고 있음.
동사는 인공지능(딥러닝) 기반의 악성파일 탐지기술, 악성코드 유사도 측정 기술 등의 지속적인 개발 및 솔루션판매로 빠르게 성장을 해나가고 있음.
통합인증 분야에서 19년에 CC(Common Criteria) 인증확보를 통해 국내 정부기관을 포함하여 해외수출도 계획하고 있음.
출처 : 에프앤가이드",인증
오브젠,CRM 소프트웨어,'소프트웨어 개발 및 공급업',소프트웨어,"기업개요
동사의 제품은 기업이 고객에게 개인화된 경험을 제공하기 위해 필요한 모든 단계를 지원하는 국내 유일의 완성도 높은 AI마케팅 솔루션임.
지난 20여 년간 국내 선도 기업의 비즈니스 요구사항을 지속적으로 반영하여 AI마케팅 분야 전반에 걸친 독자적 기술력을 공고히 함.
AI마케팅 분야의 보다 혁신적인 제품을 제공하고, 기술력을 바탕으로 한 유관 분야 확장을 목적으로 신규 사업을 추진 중.
출처 : 에프앤가이드","AI, 분석"
원티드랩,채용 플랫폼,'소프트웨어 개발 및 공급업',소프트웨어,"기업개요
동사는 구직자와 기업 등 플랫폼의 이용자들이 효율적으로 매칭 될 수 있도록 매칭 인공지능(AI)을 개발함.
개인 고객에게는 이직과 인적 네트워킹, 자기 계발 등 '라이프 커리어 플랫폼', 기업 고객에게는 채용/조직관리/전자결재 등의 인사관리 서비스를 제공하는 종합 HR 솔루션.
채용 매칭 사업 '원티드' 플랫폼을 통한 채용매출과 커리어(원티드플러스), 프리랜스 매칭(원티드 긱스)로 구성됨. 2022년 2월 원티드랩 파트너스 설립.
출처 : 에프앤가이드","플랫폼, AI"
비즈니스온,전자세금계산서 발행서비스(스마트빌),'소프트웨어 개발 및 공급업',소프트웨어,"기업개요
동사는 2007년 12월 13일에 설립되었으며, 2017년 11월 30일자로 코스닥시장에 상장하였음.
동사는 전자세금계산서 발급 서비스를 기반으로 전자계약, 매입통합, 지능형 빅데이터 등 서비스를 주요 사업으로 영위함.
동사가 영위하는 전자세금계산서 시장은 전자세금계산서를 통한 부가가치세 신고를 기반으로 한 시장이며, 부가가치세는 GDP와 높은 상관관계가 있음.
출처 : 에프앤가이드","데이터베이스, 분석"
투비소프트,"MiPlatform, X Platform",'소프트웨어 개발 및 공급업',소프트웨어,"기업개요
동사는 2000년 설립된 기업용 소프트웨어 개발 및 공급업을 영위하는 기업임.
2023년 1분기 기준 매출액 중 넥사크로플랫폼 개발용역 매출이 26.66%, 유지보수 용역 매출이 23.19%, 넥사크로플랫폼 소프트웨어 제품매출이 20.01%의 비중을 차지하고 있음.
넥사크로플랫폼은 국내 약 7,000여 개의 레퍼런스 사이트를 확보하고 있는 UI/UX 분야 국내 시장 점유율 1위의 제품임.
출처 : 에프앤가이드",플랫폼
씨유박스,"AI얼굴인식 시스템, AI얼굴인증 솔루션, AI 객체인식 솔루션, AI데이터 플랫폼",'소프트웨어 개발 및 공급업',소프트웨어,"기업개요
동사의 명칭은 ""주식회사 씨유박스""이며, 영문으로는 ""CUBOX Co., Ltd""로 표기함. 2010년 5월 31일에 설립됨.
동사는 AI 알고리즘 개발, AI 학습데이터 구축/가공/정제, 얼굴인식 관련 하드웨어 및 소프트웨어의 설계, 개발을 영위하고 있는 AI 전문기업임.
주요 제품으로는 AI 얼굴인식 시스템, AI 얼굴인증 솔루션, AI 객체인식 솔루션, AI 데이터 플랫폼이 있음.
출처 : 에프앤가이드","인증, 플랫폼, AI"
오상자이엘,CATIA Solution,'소프트웨어 개발 및 공급업',소프트웨어,"기업개요
동사는 PLM과 SI으로 구성되는 IT부문사업과 화장품, 신소재,과수포장재, 미생물제재 등을 생산판매하는 BT부문사업을 영위하고 있음.
동사 및 동사의 연결대상종속회사는 정부로부터 인가받은 1개의 연구소와 1개의 연구 전담부서를 설립하여, 각 부문별 사업화에 필요한 제품 및 디자인 개발 연구활동을 하고 있음.
향후 농업바이오분야, 포장분야, 신소재분야, 화장품분야 등으로 사업분야 확장을 추진하고 있음.
출처 : 에프앤가이드",IT연구 및 개발
한국전자인증,"개인용이메일 보안,인증업무,전자상거래관련 인증서비스/기업용 인증솔루션 제공",'소프트웨어 개발 및 공급업',소프트웨어,"기업개요
동사는 1999년 3월 17일 설립되어 전자인증서(기업&개인), 글로벌SSL인증, 생체인증, IoT인증 등 보안솔루션을 주요사업으로 영위함.
국내 아웃소싱 인증 시장 인증서비스는 동사에서 유일하게 제공중이며 간편인증 기술인 FIDO인증서비스와 클라우드 전자서명서비스를 론칭함.
최근 글로벌자체 인증서비스인 CCMPKI를 개발하여 글로벌 인증평가인 웹트러스트 인증을 획득하였고, eIDAS 호환되는 클라우드 전자서명 기술 등을 개발함.
출처 : 에프앤가이드","클라우드, 인증"
핑거,"스마트 금융 플랫폼, 핀테크 금융 솔루션",'소프트웨어 개발 및 공급업',소프트웨어,"기업개요
핀테크 기술과 금융업무 노하우를 중심으로 제1,2금융권을 비롯한 다양한 금융기관들에게 스마트 금융 플랫폼을 제공함.
금융시장의 업무경험과 기술력을 기반으로 비금융시장인 이커머스, 모빌리티 등 신규시장에 페이, 결제, Open API 등을 적용하여 금융업무를 산업 전반에 확장 중임.
BIG(스크래핑), 오케스트라(모바일플랫폼), F-Chain(블록체인) 등 자체 개발 솔루션을 사용하여 핀테크 영역의 전반적인 프로젝트를 수행함.
출처 : 에프앤가이드","플랫폼, 금융, 결제"
파수,기업용 문서보안 솔루션,'소프트웨어 개발 및 공급업',소프트웨어,"기업개요
동사는 1999년 삼성SDS 사내 벤처포트로 출발, 2000년 분사하며 설립된 보안소프트웨어업체임.
동사는 데이터보안사업, 애플리케이션보안 분야 사업, 정보보호컨설팅 사업, 엔터프라이즈 문서 플랫폼 사업과 외부 협업 플랫폼, 개인정보 비식별화 사업을 영위하고 있음.
애플리케이션보안 분야는 사업경쟁력 강화 및 사업 역량 집중을 위해서 2018년 물적분할을 통해 (주)스패로우를 설립하여 사업을 진행 중에 있음.
출처 : 에프앤가이드",플랫폼
브리지텍,"컨택센터솔루션,BcN솔루션,ASP서비스사업",'소프트웨어 개발 및 공급업',소프트웨어,"기업개요
1995년 3월 설립되어 2008년 6월 코스닥시장에 상장함.
AI, 음성봇, 챗봇, 음성인식, 화자인식, AICC, IPCC, 클라우드 컨택센터(CSAP인증), IP기반의 유ㆍ무선 멀티미디어 서비스 관련 소프트웨어를 개발·공급함.
자사 제품을 활용하여 인프라를 구축한 후 기업고객에게 임대하고 사용하는 기간동안 비용을 지급받는 클라우드 환경의 소프트웨어 임대서비스 사업을 영위하고 있는 소프트웨어 전문업체임.
출처 : 에프앤가이드","인프라, 클라우드, 인증, AI"
나무기술,응용소프트웨어 개발 및 공급업,'소프트웨어 개발 및 공급업',소프트웨어,"기업개요
동사는 사업 초기 가상화 분야에서 글로벌 선두업체인 Citrix사와의 파트너 체결을 통해 데스크톱 가상화 시장에 본격적으로 진출하였음.
주요 성장 축의 하나인 클라우드 사업부문에서는 클라우드 네이티브 통합관리 플랫폼인 칵테일클라우드(Cocktail Cloud)를 개발 및 공급 중.
지난 2017년부터 2019년까지 국내 클라우드 서비스별 매출액은 2조 4,059억원에서 3조 3,713억원으로 40% 성장함.
출처 : 에프앤가이드","클라우드, 플랫폼"
바이브컴퍼니,"소셜 빅데이터 기반 인공지능 서비스 (소셜메트릭스), 문제 해결 솔루션 (AI Solver)",'소프트웨어 개발 및 공급업',소프트웨어,"기업개요
동사는 2000년에 설립되어 2020년에 상호를 변경하고 코스닥 시장에 상장함.
인공지능을 기술을 이용해 빅데이터 분석 플랫폼, 디지털 트윈, 메타버스, 핀테크 등 다양한 사업을 영위하고 있으며, 제품별로는 썸트렌드, AI Solver, AI Assistant가 있음.
데이터 거래, 디지털트윈, 메타버스, 핀테크 시장 등 시장을 4개로 세분화해 시장 선점 및 신사업 확장 중.
출처 : 에프앤가이드","플랫폼, 분석, AI"
비트나인,"그래프데이터베이스, 그래프분석서비스",'소프트웨어 개발 및 공급업',소프트웨어,"기업개요
동사는 국내 유일의 그래프 데이터베이스 전문 기술기업으로, 그래프 데이터베이스 소프트웨어를 제작, 판매하고, 이러한 소프트웨어를 기반으로 한 다양한 그래프 기술 전문서비스를 수행하는 기업임.
주요 사업모델은 그래프 데이터베이스 소프트웨어 License 판매와 그래프 데이터베이스 기술서비스 판매임.
세계 최초로 관계형 데이터베이스와 그래프 데이터베이스를 함께 묶어놓은 하이브리드 그래프 데이터베이스를 개발함.
출처 : 에프앤가이드","앱, 프로그래램, 데이터베이스"
한컴위드,전자상거래 보안 솔루션,'소프트웨어 개발 및 공급업',소프트웨어,"기업개요
당사는 1999년 설립되어 전자상거래의 보안 인프라를 제공하는 사업을 영위하고 있으며, 공공기관, 금융기관, 대기업 등 현재 1,050여 고객사를 확보하고 있습니다.
2018년 스마트시티 관제 플랫폼 회사인 한컴엔플럭스의 지분을 취득하고, 블록체인 솔루션 및 플랫폼을 출시하며 블록체인과 스마트 시티 중심의 플랫폼 사업으로 사업영역을 확대하고 있음.
2019년 디지털포렌식 사업을 영위하는 한컴지엠디와의 합병을 완료하였음.
출처 : 에프앤가이드","인프라, 플랫폼, 금융"
모아데이타,인공지능 기반 ICT 시스템 이상탐지 및 예측 솔루션,'소프트웨어 개발 및 공급업',소프트웨어,"기업개요
동사는 AI 기반의 ICT 시스템 이상탐지 및 예측용 장비 개발 및 제조를 주요 사업으로 영위.
2015년 출시한 AIOps 제품인 ""페타온 포케스터""는 ICT 시스템의 장애 예측 및 선제 대응 수요 해결을 위한 제품으로 현재 초기 시장인 AIOps 시장을 선점함.
2021년 종합물류기업과 택배 근로자 신체의 이상 상태를 감지하는 웨어러블 디바이스 공급 및 근로자 과로사 방지를 위한 건강이상 예측 및 탐지 서비스 계약을 체결함.
출처 : 에프앤가이드","기타 하드웨어, AI, 모바일 악세사리"
지니언스,"네트워크 접근 제어 솔루션(NAC), 단말기반 지능형 위협 탐지 대응 솔루션(EDR)",'소프트웨어 개발 및 공급업',소프트웨어,"기업개요
2005년 1월 6일 설립된 동사는 네트워크 접근제어(NAC) 솔루션 개발 사업을 주요 사업으로 함.
매출형태는 정보 보안 제품의 판매와 솔루션 도입고객에 대한 유지 보수 및 기술지원 용역으로 구분. 제품으로는 기업 내부의 네트워크를 보호해 주는 NAC, EDR, PC 보안 진단 솔루션인 GPI가 있음.
EDR 사업은 2022년 누적 고객 139곳을 돌파, 국내 최다 고객을 확보함.
출처 : 에프앤가이드",네트워크
위세아이텍,"빅데이터분석, 인공지능, 데이터품질관리 솔루션",'소프트웨어 개발 및 공급업',소프트웨어,"기업개요
동사는 1990년 9월 설립되어 응용소프트웨어 개발 및 공급업을 주요 사업으로 영위하고 있음.
인공지능 분야에서는 AI 프로세스를 체계화하여 코딩없이 AI 프로젝트를 수행할 수 있는 AI 개발 플랫폼 와이즈프로핏(WiseProphet)을 제공하고 있음.
빅데이터 품질관리부터 분석, AI 예측까지 빅데이터 활용을 위한 토탈 소프트웨어(SW)를 보유하여 고객 수요에 맞게 제공하고 있음.
출처 : 에프앤가이드",플랫폼
아톤,"모바일금융솔루션, mOTP 개발",'소프트웨어 개발 및 공급업',소프트웨어,"기업개요
동사는 1999년 10월 13일에 시스템 소프트웨어 개발 및 공급업을 영위할 목적으로 설립되었으며 현재 핀테크 보안 솔루션과 간편인증 서비스를 주 사업으로 영위하고 있음.
제품 및 서비스는 ‘핀테크 보안 솔루션’, ‘핀테크 플랫폼’, ‘티머니 솔루션’, ‘스마트 뱅킹’으로 나뉨.
계열회사는 동사를 포함하여 비즈인포그룹, 케이에프씨, 에이티애널리틱스 등 4개사임. 2019년 10월 17일 코스닥 시장에 상장함.
출처 : 에프앤가이드","인증, 플랫폼, 금융"
키네마스터,"NexMFW, NexPlayer EMB",'소프트웨어 개발 및 공급업',소프트웨어,"기업개요
동사는 2002년 9월 9일에 응용소프트웨어 개발 및 공급업을 사업목적으로 설립되었음.
동사의 주요 제품은 크게 모바일 동영상 편집앱 키네마스터(KineMaster)와 고품질의 동영상 플레이어를 구현할 수 있는 소프트웨어인 NexPlyaer SDK가 있음.
기존 NexPlayer SDK사업은 2022년도 게임시장에서 신규 매출 확보를 위해 사업을 진행해 나가고 있음.
출처 : 에프앤가이드",앱
엠아이큐브솔루션,"스마트팩토리 솔루션, 제조지능화 솔루션",'소프트웨어 개발 및 공급업',소프트웨어,"기업개요
동사의 명칭은 '엠아이큐브솔루션 주식회사'라 표기하고, 영문으로는 'MICUBE SOLUTION, INC.'라고 표기함.
소프트웨어 개발 및 판매업 영위를 목적으로 2005년 08월 23일에 설립됨.
기존의 AI Dev/Ops 플랫폼은 기계 학습을 자동으로 진행하는 기술을 탑재한 MLOps(Machine Learning Operations) 플랫폼으로 고도화를 완료함. 차기 버전은 2022년 말까지 개발 완료함.
출처 : 에프앤가이드","플랫폼, AI"
이루온,이동통신 핵심망 및 서비스망 솔루션 개발 공급,'소프트웨어 개발 및 공급업',소프트웨어,"기업개요
동사는 이동통신 솔루션 및 부가서비스 전문기업으로 1998년 창업된 이래 통신산업에서 핵심 솔루션 및 관련 서비스를 지속적으로 공급하고 있음.
기타 시스템 통합 및 관리업, 정보서비스업 등 스토리지 장비 및 스마트 카드발급/발송 시스템 및 방송분야의 디지털 아카이브 관련 사업을 영위.
기술력과 다양한 제품군에 대한 실적 레퍼런스를 기반으로 국내 이동통신사업자인 KT 및 LG U+ 등에 이동통신 주요 솔루션 및 시스템을 공급함.
출처 : 에프앤가이드","네트워크, 인프라"
티라유텍,스마트팩토리 솔루션,'소프트웨어 개발 및 공급업',소프트웨어,"기업개요
동사는 스마트 팩토리 구축에 필요한 SCM, MES 및 설비 자동화 소프트웨어를 공급하고 있음.
동사는 삼성전자, SK하이닉스, 삼성디스플레이, LG화학, 한화큐셀, 현대모비스, 한화테크윈 등 다양한 산업군의 국내 대기업들을 고객으로 확보하고 있음.
동사의 매출 구성은 IT서비스 및 SW 약 73.12%, 상품 약 24.89%, 기타 1.99% 로 이루어져 있음.
출처 : 에프앤가이드",프로그램
이노뎁,영상인식 및 데이터플랫폼 솔루션,'소프트웨어 개발 및 공급업',소프트웨어,"기업개요
동사는 2008년 1월 설립되었으며, 객체 인식기술을 기반으로 각종 산업에서 요구되는 데이터처리 솔루션을 연구·개발하고 있음.
영상데이터의 처리를 필요로 하는 일련의 하드웨어 및 소프트웨어 일체를 통합하여 플랫폼 형태로 제공함.
대한민국의 지방자치단체 CCTV통합관제센터 시장의 절반 이상을 점유하고 있는 1위 기업으로 관련 업종과 공무원들에게는 확고한 브랜드 영향력을 끼치고 있음.
출처 : 에프앤가이드",플랫폼
플래티어,E-Commerce Platform 구축,'소프트웨어 개발 및 공급업',소프트웨어,"기업개요
동사는 기업고객의 디지털 비즈니스를 위한 SW 및 IT서비스를 제공하는 디지털 플랫폼 솔루션 전문기업임.
이커머스 솔루션 사업부문에서는 이커머스 플랫폼의 설계, 구축 및 개발/운영, AI, 빅데이터 등 첨단 IT기술 기반의 마케팅 및 커머스를 위한 SW제품 개발 등 D2C 솔루션 사업을 수행함.
통합 디지털 전환 사업부문에서는 데브옵스/협업 플랫폼 구축 및 컨설팅 등의 사업을 영위함.
출처 : 에프앤가이드","플랫폼, AI"
핸디소프트,"EKP, BPM, 네트워크장비",'소프트웨어 개발 및 공급업',소프트웨어,"기업개요
동사는 공공기관 및 금융/일반기업을 대상으로 협업과 커뮤니케이션, 프로세스 관리등을 지원하는 B2B 소프트웨어를 개발, 구축 및 서비스하고 있음.
동사의 솔루션은 그룹웨어, 포털, 모바일 등 협업 업무환경 지원을 위한 제품과 BPM, PAL 등 프로세스 자동화를 지원하는 제품 등으로 구분됨.
동사는 축적된 경험과 기술력을 바탕으로 지속적인 제품개발을 진행하며 국내 EKP/BPM 시장에서 강자의 위치를 유지하고 있음.
출처 : 에프앤가이드","네트워크, 금융"
스코넥,"XR 교육/훈련 시스템, VR 게임 콘텐츠 등",'소프트웨어 개발 및 공급업',소프트웨어,"기업개요
동사는 'XR(eXtended Reality) 교육ㆍ훈련 사업', '메타버스 VR 게임 사업', 'XR 미래 사업' 등 게임 콘텐츠 개발업을 영위하고 있음.
가상 서비스 플랫폼에 대하여 자체 연구를 진행하여 자이로센서, 가속도센서, 지자기센서를 결합한 복합 센서를 독자 개발함.
VR 게임 최초의 건슈팅 게임을 개발, 삼성과의 협력을 통해 세계 최초 VR 게임 ‘모탈블리츠VR’ 상용화에 성공함.
출처 : 에프앤가이드",플랫폼
엔텔스,운용지원솔루션,'소프트웨어 개발 및 공급업',소프트웨어,"기업개요
동사는 2000년 7월 19일에 설립되어 유/무선 통신 서비스 사업자를 위한 운용지원시스템 개발 및 공급을 주요사업으로 하고 있음.
유무선 통신서비스 사업자에게 필요한 서비스 가입, 개통, 고객관리, 상품 관리, 과금 및 정산 관리를 위한 통합운영지원솔루션을 공급·운영함.
SKT, KT, LGU+ 등 국내 이동통신 3사가 주요 고객사이며, 해외 채널 파트너로 삼성전자, KT, SK텔레콤, HP, Cisco, Nokia 등이 있음.
출처 : 에프앤가이드","네트워크, 인프라, 이동통신 서비스"
영림원소프트랩,"ERP Package, 유지 관리 등",'소프트웨어 개발 및 공급업',소프트웨어,"기업개요
동사는 전사적자원관리(ERP)솔루션 개발 및 공급 및 유지관리용역의 제공 등을 주요사업으로 영위하고 있음.
1997년 국내 최초로 한국형 ERP 패키지인 'K-System'을 개발,공급 하였으며, 중소기업의 기업정보시스템의 역사와 함께 성장함.
동사의 Cloud 제품은 표준화된 업무프로세스 기반의 패키지형식으로 서비스를 제공하기 때문에, 고객 기업이 별도의 개발을 할 필요가 없으며 설정만으로 편리하게 사용 할 수 있음.
출처 : 에프앤가이드","클라우드, 프로그램"
링크제니시스,"반도체, 디스플레이, 자동화 S/W 및 시스템 테스트 자동화 솔루션 개발(XCOMPRO, XGEM, MAT)",'소프트웨어 개발 및 공급업',소프트웨어,"기업개요
동사는 시스템 검증 자동화 분야에서 주로 블랙박스 테스팅을 중심으로 사업을 진행하고 있음.
AI 기술을 도입하여 자동화 효율을 향상 시킬 수 있도록 수년간 지속적으로 연구개발을 수행하고 있으며 기존 제품의 기능을 향상 시킨 신 버전을 출시하여 고객사에 공급하고 있음.
생산정보 자동화 산업은 산업의 폐쇄성으로 인하여 신규 업체가 진입하기 매우 어려운 산업이며 당사는 제품의 안정성으로 경쟁우위를 가지고 있음.
출처 : 에프앤가이드","기타 하드웨어, AI"
모니터랩,"웹방화벽,유해사이트솔루션,가시성SSL 솔루션, SASE플랫폼기반 SECaaS",'소프트웨어 개발 및 공급업',소프트웨어,"기업개요
B2B SaaS(서비스로서의 소프트웨어) 전문기업으로 자리매김하며 웹방화벽과 보안웹게이트웨이 서비스 분야에서 국내 시장을 리딩하고 있음.
모든 제품에는 자체 개발한 OS인 AIOS를 탑재하고 고성능 Proxy엔진을 탑재하여 인터넷트래픽과 애플리케이션에 대해 완벽한 보안을 제공함.
SECaaS(Security as a Service)형태의 클라우드 보안서비스 개발을 통해 국내 클라우드 보안시장의 흐름을 주도해 오고 있음.
출처 : 에프앤가이드","클라우드, 플랫폼"
웨이버스,금융 지원 서비스,'소프트웨어 개발 및 공급업',소프트웨어,"기업개요
동사는 공간정보 플랫폼 기반 사업, 공간정보 SI사업, IT컨설팅 및 인프라 구축 사업 등을 영위하고 있음.
지방자치단체와 국토교통부의 업무 시스템(한국토지정보시스템, 부동산종합공부시스템)을 구축하고 운영함.
Cloud Paas 기반의 공간정보 플랫폼인 GeOnPaaS의 경우 다수의 협력업체로부터 국내 유일한 제품기술력을 인정받아 해당시장에서 독보적인 위치를 선점하고 있음.
출처 : 에프앤가이드","인프라, 플랫폼, 금융"
씨이랩,빅데이터플랫폼,'소프트웨어 개발 및 공급업',소프트웨어,"기업개요
새로운 데이터 시대를 맞이하여 글로벌 기술기업을 목표로, 대용량 데이터 처리기술을 내재화하여 미래 성장동력을 확보하는데 주력하였음.
국내 최초로 영상데이터의 전처리를 통해 영상데이터를 초고속으로 분석할 수 있는 기술근간을 마련하였음.
성장기와 도약기에 매진한 빅데이터 처리 기반 기술과 AI 솔루션을 토대로 대용량 영상데이터를 초고속으로 분석할 수 있는 AI 플랫폼 사업을 진행 중임.
출처 : 에프앤가이드","플랫폼, AI, 분석"
샌즈랩,사이버 위협 인텔리전스(CTI),'소프트웨어 개발 및 공급업',소프트웨어,"기업개요
동사는 2004년 11월 ""세인트시큐리티""로 설립되었으며, 2021년 7월 1일 ""샌즈랩""으로 사명을 변경함.
다양한 채널로부터 수집한 악성코드 등의 사이버 위협 정보를 인공지능, 빅데이터를 활용한 자체 분석 기술로 자동 분석하고 인텔리전스를 고객에게 제공하는 사업을 영위함.
자체적으로 개발한 malwares.com 이라는 플랫폼을 통해 사이버 위협 인텔리전스를 국내외 다양한 산업군에 정보 제공함.
출처 : 에프앤가이드","플랫폼, 분석"
네오리진,네트워크장비공급및인터넷트래픽솔루션,'소프트웨어 개발 및 공급업',소프트웨어,"기업개요
동사는 2007년 설립되었고, 2012년 정보보안솔루션 개발 및 판매회사인 (주)정보보호기술을 흡수합병하였음.
동사의 사업 부문은 정보보안사업부문과 게임사업부문으로 구분됨. 정보보안사업에서는 유선보안부문(TESS TMS), 무선보안부문(TESS AIRTMS) 사업을 영위하고 있음.
게임사업부문에서는 2021년 한중합작 방치형 RPG게임인 ‘Idle Angels: 여신전쟁’을 출시하여 서비스하고 있음.
출처 : 에프앤가이드","네트워크, AI"
산돌,리테일 폰트 등,'소프트웨어 개발 및 공급업',소프트웨어,"기업개요
동사는 폰트 제작 사업과 클라우드형 폰트 플랫폼 사업을 영위하고 있으며 2022년 10월 코스닥 시장에 상장함.
산돌구름이라는 클라우드형 플랫폼을 자체 개발해 해당 플랫폼을 통해 폰트를 공급하고 있으며 폰트 월간 또는 연간 정액제 구독형 서비스를 통해 수익을 창출함.
최근에는 인공지능 기술을 적용한 폰트검색 서비스를 오픈하였으며, 기존에 묶음형태로 판매하던 폰트를 낱개폰트로도 구매할 수 있도록 하여 고객 만족도를 높여가고 있음.
출처 : 에프앤가이드","클라우드, 플랫폼"
디지캡,"보호솔루션, 방송서비스솔루션 등",'소프트웨어 개발 및 공급업',소프트웨어,"기업개요
동사는 보호솔루션, 방송서비스 솔루션, N-스크린 솔루션 등의 사업을 영위할 목적으로 2000년에 설립되었으며, 2018년 코스닥시장에 상장됨.
주 고객은 유료방송 사업자와 지상파 방송사업자, 이동통신사업자, 유통플랫폼 사업자 등 각 분야 산업을 주도하고 있는 사업자로 안정적인 고객군을 확보하고 있음.
디지털방송 보호를 위해 방송의 수신을 제어하는 CAS 솔루션과 멀티미디어 콘텐츠를 관리·보호하는 DRM 솔루션을 공급함.
출처 : 에프앤가이드",플랫폼
아이퀘스트,"패키지 ERP, 구축형 ERP 등",'소프트웨어 개발 및 공급업',소프트웨어,"기업개요
동사는 중소기업 대상으로 ASP 기반의 SaaS방식의 패키지 소프트웨어와 SI 방식의 구축형ERP 개발 및 판매를 주요사업으로 영위하고 있음.
비대면 관리 형태의 ERP 솔루션으로 데이터 처리와 빅데이터 기반의 인공지능(AI)의 회계처리, 블록체인을 활용한 보안과 계약증빙 기술을 가지고 있음.
소상공인 사업관리부터 중소, 중견기업 ERP까지 규모와 업종에 관계없이 모두 적용 할 수 있는 다양한 제품과 서비스를 가지고 있음.
출처 : 에프앤가이드","프로그램, 데이터베이스, AI"
미디어젠,음성인식 소프트웨어 기술개발,'소프트웨어 개발 및 공급업',소프트웨어,"기업개요
동사는 음성인식 및 음성합성 원천기술 보유 기업으로 음성인식 소프트웨어 개발을 주력 사업으로 영위하고 있음.
음성인식 시스템 설계 및 개발, 사용성 평가, 성능 평가 등 음성인식 전반에 걸친 통합 서비스와 AI 기술 접목을 통한 다양한 영역까지 사업을 확장함.
음성인식 및 시스템 연계/통합에 관련된 모든 Business Area를 포괄하는 사업영역을 전개하고 있음.
출처 : 에프앤가이드","프로그램, AI"
누리플렉스,"지능형검침인프라(AMI),에너지관리시스템, 플랫폼 SW",'소프트웨어 개발 및 공급업',소프트웨어,"기업개요
동사는 통신소프트웨어를 기반으로 광범위한 무선통신솔루션의 핵심기술개발과 다양한 제품군으로 사업을 영위할 목적으로 1992년 3월 16일 설립되었음.
동사는 직접 지배하는 계열사는 7개사가 있으며, 계열회사는 현재 비상장 회사임.
동사는 AMI 기술기반의 EMS 분야(AMI-EMS)와 ESS 기반의 EMS분야(ESS-EMS), 태양광 등 에너지 자립섬 구축을 위한 솔루션을 확보하고 있음.
출처 : 에프앤가이드","인프라, 플랫폼"
토마토시스템,"UI/UX솔루션, 대학정보화사업 SW",'소프트웨어 개발 및 공급업',소프트웨어,"기업개요
동사는 소프트웨어의 개발 및 판매를 목적으로 2000년10월 27일에 설립되었으며, 본사는 서울특별시 강남구 논현로에 위치하고 있음.
동사는 2020년 11월 30일자로 AI기술 접목 및 사업분야 확장을 위해서 주식회사 솔샘사로부터 빅데이터기반 통합해설 플랫폼 개발사업을 양수하였음. 주요 주주는 이상돈(대표이사, 32%)임.
2021년 10월 14일 코넥스시장에 신규 상장함.
출처 : 에프앤가이드","플랫폼, AI"
브레인즈컴퍼니,IT 인프라 통합관리 솔루션,'소프트웨어 개발 및 공급업',소프트웨어,"기업개요
동사는 2000년 3월 16일 IT 인프라 통합 관리 솔루션 개발 및 판매를 주 사업으로 영위할 목적으로 설립됨.
초기 서버 관리로 시작하여 지속적인 버전업을 통해 지능형 IT 인프라 및 서비스 통합관리솔루션인 “Zenius EMS”를 완성함.
IT 인프라 통합관리 솔루션을 개발 공급하며, 솔루션의 업그레이드 버전 출시 및 SaaS 플랫폼, Cloud 모니터링 개발 등을 통한 시장 확대 추진
출처 : 에프앤가이드","인프라, 서버, 플랫폼"
수산아이앤티,"공유단말접속관리서비스, 보안솔루션 등",'소프트웨어 개발 및 공급업',소프트웨어,"기업개요
인터넷 관련 소프트웨어의 개발, 판매 및 용역제공 등을 주요 사업으로 영위함.
국내에서 유일하게 트래픽 필터링만으로 인터넷에 연결된 단말 식별이 가능한 기술을 보유하고 있음.
인터넷 접속관리 솔루션 ""eWalker SWG V9""을 기반으로, 메일 메신저 감시 기능을 강화한 ""eWalker DLP V9"", SSL통신 복호화를 가능하게 해주는 ""ePrism SSL VA"" 등을 개발함.
출처 : 에프앤가이드",네트워크
인지소프트,"금융솔루션,동기화솔루션",'소프트웨어 개발 및 공급업',소프트웨어,"기업개요
동사는 이미지 프로세싱 기술 기반의 소프트웨어, ECM, RPA 솔루션 사업을 영위하고 있음.
동사는 광학 문자 인식 기술 및 전자서식 기술을 바탕으로 한 디지털 창구 시스템 및 이미지 시스템, 비대면 본인확인 솔루션 및 RPA솔루션 등 금융권 대상의 SW 솔루션 사업을 주로 영위하고 있음.
동사 솔루션의 주요 타겟 시장은 금융권으로 은행, 증권사, 보험사의 업무 시스템 구축에 활용되고 있음.
출처 : 에프앤가이드","금융, 은행"
시큐센,"디지털 금융 서비스 구축, 모바일 보안솔루션, 생체인증 전자서명",'소프트웨어 개발 및 공급업',소프트웨어,"기업개요
동사는 핀테크 보안기술 전문업체로 2015년 아이티센 계열사로 편입되면서 모바일 보안 전문업체인 바른소프트기술과 합병함. 시스템통합(SI)사업자 아이티센의 자회사임.
2016년 코넥스시장에 상장하며 처음으로 증시에 입성함. 동사의 매출 대부분은 모바일 서비스 및 솔루션 부문에서 발생하고 있음.
통신사와 카드사 등을 대상으로 로그인 도용방지 서비스, 전화번호 안심로그인 서비스, 인증서 유출방지 서비스 등을 제공함.
출처 : 에프앤가이드","인증, 금융"
세중,여행,'소프트웨어 개발 및 공급업',소프트웨어,"기업개요
동사는 1995년 12월에 ""주식회사 한컴리서치""라는 이름으로 설립되어 2000년 6월 코스닥시장에 등록되었음.
주요사업의 내용으로는 여행 사업부문, 에쓰앤씨 사업부문, 정보기술 사업부문을 영위하고 있음.
여행사업은 법인 고객사 임직원의 해외출장 시 개별적인 출장 일정을 총체적으로 담당하여 년간 계약관게로 진행되어 진입장벽이 높아 타사가 진입하기 어려운 시장구조를 갖고 있음.
출처 : 에프앤가이드",프로그램
포시에스,기업용 리포팅 소프트웨어 솔루션(OZ-Report 등),'소프트웨어 개발 및 공급업',소프트웨어,"기업개요
웹 및 모바일 환경에서 사용할 수 있는 전자문서 생성 솔루션과 리포팅 솔루션 등을 자체 기술로 개발하여 공공기관, 금융기관, 일반 기업 등에 공급하는 전문 소프트웨어 기업.
현재 클라우드 기반 전자문서 서비스까지 분야를 확대. AI, 챗봇, 블록체인 등을 접목한 지능형 전자문서 플랫폼 연구개발 지속.
주요 제품은 리포트 부문의 OZ Report와 전자문서 부문의 OZ e-Form, eformsign부문의 eFormSign이 있음.
출처 : 에프앤가이드","클라우드, 플랫폼, 금융, AI"
시큐브,"시스템보안관리솔루션, 정보유출방지솔루션",'소프트웨어 개발 및 공급업',소프트웨어,"기업개요
2000년 설립된 동사는 '전자서명인증기반 Secure OS'기술을 국내 최초로 상용화하여 보안소프트웨어 기술 및 시장에서 경쟁력을 보유하고 있는 기업임.
동사는 현재 보안운영체제(Secure OS) 분야에서 외산 제품의 수입을 상당부분 대체하여 시장 점유율 1위를 확고하게 유지하고 있음.
「모바일인증」, 「Multi-modal 생체인증」분야의 R&D 투자에도 집중하며 응용 서비스 사업영역으로 융합·확장해가고 있음.
출처 : 에프앤가이드",인증
이니텍,정보보안 및 인증솔루션,'소프트웨어 개발 및 공급업',소프트웨어,"기업개요
동사는 1997년 설립된 금융 보안 전문 기업으로 보안사업과 금융IT사업을 영위하고 있음.
보안사업은 1999년 국내 최초 인터넷뱅킹 통합보안 서비스를 시작으로 암호, 인증 분야에서 공개키기반구조(PKI), DB보안, 통합접근관리(SSO/EAM) 솔루션을 제공하고 있음.
금융IT사업은 SI, ITO, IDC를 통한 ASP 등으로 구성되며 금융기관, 카드사, 보험사 등의 고객사를 대상으로 서비스를 제공하고 있음.
출처 : 에프앤가이드","인증, 금융"
핀텔,AI 영상 분석 솔루션 및 소프트웨어,'소프트웨어 개발 및 공급업',소프트웨어,"기업개요
동사는 소프트웨어 개발 및 공급업을 주요 사업으로 하고 있으며, 스마트 시티와 지능형 교통체계 관련 인공지능 영상분석 솔루션을 개발 및 판매하고 있음.
고화질 영상을 원본 해상도의 손실 없이 실시간으로 분석하는 독보적인 기술을 확보하였음.
동사는 공공 영상분석 시장을 타깃으로 한 AVAX 솔루션을 개발하여 제품화하였으며, 2017년 조달청 우수제품으로 지정되고, 국방부 우수상용품 군용 적합 제품으로 선정됨.
출처 : 에프앤가이드","AI, 분석"
알티캐스트,"디지털 방송용 소프트웨어(셋톱박스용 미들웨어 등), CAS(수신제한시스템)",'소프트웨어 개발 및 공급업',소프트웨어,"기업개요
동사는 1999년 설립된 디지털 방송용 소프트웨어 솔루션 개발 및 공급 기업임. 동사는 휴맥스그룹에 속한 계열회사임.
동사의 주요사업은 디지털 방송용 소프트웨어 사업 및 모빌리티 플랫폼 사업과 종속회사 오윈이 영위하는 인카페이먼트 및 커넥티드카 커머스 사업으로 구성되어 있음.
현재는 Cloud 기반의 방송용 소프트웨어 공급 및 소프트웨어 품질 검증 사업(QA) 등을 집중적으로 추진하고 있음.
출처 : 에프앤가이드",플랫폼
SGA,"산업용컴퓨터 제조, 판매",'소프트웨어 개발 및 공급업',소프트웨어,"기업개요
1997년 설립되어 2001년 코스닥 시장에 상장함. 공공기관, 금융사, 기업 등의 서버, 스토리지를 설계하고 구축, 유지보수하는 것을 주요 사업으로 영위함.
2008년 12월 06일스캐니글로벌과의 합병을 통해 통합보안분야로 사업영역을 확장했고, 이후 M&A와 계열분리 등을 통해 현재의 사업구조를 갖추게 되었음.
정부부처를 비롯한 공공기관 및 금융기관, 기업 등에 IT서비스를 제공함.
출처 : 에프앤가이드","서버, 금융"
SGA솔루션즈,보안솔루션,'소프트웨어 개발 및 공급업',소프트웨어,"기업개요
동사는 보안운영체제, 응용보안 및 전자문서 솔루션 사업, 엔드포인트 보안의 정보보안 사업, 모토로라솔루션 무전솔루션판매를 통한 물리보안 사업을 진행중임.
정보보안은 네트워크 보안 시스템 개발, 시스템보안 솔루션 개발 분야의 매출 비중이 높음.
'패치체이서(Patch Chaser)'는 자사의 패치관리시스템으로 국내 최초로 CC인증을 획득하였으며, 현재 공공기관 시장에서 높은 점유율을 차지함.
출처 : 에프앤가이드","네트워크, 인증"
엑스게이트,통합 네트워크 보안 솔루션,'소프트웨어 개발 및 공급업',소프트웨어,"기업개요
2010년에 설립되었으며 VPN, 방화벽, UTM 등 정보보안을 위한 필수적인 제품을 개발, 생산 및 판매하는 통합 네트워크 보안 솔루션 기업임.
동사는 정보보호산업 내 정보보안 제품 및 서비스, 그 중에서도 네트워크보안 시스템 개발 부분을 주사업으로 영위함.
동사의 주요 제품군은 AXGATE Series, 유무선통합보안솔루션&원격전원제어솔루션, 통합관리시스템(TMS), SSL INSIDE이 있음.
출처 : 에프앤가이드",네트워크
코닉오토메이션,금융 지원 서비스(SPAC),'소프트웨어 개발 및 공급업',소프트웨어,"기업개요
동사는 제어SW 사업, 스마트팩토리 사업, IT인프라 사업 등을 영위하고 있음.
반도체 설비 제어 SW인 EasyCluster 솔루션은 지난 25년간 전 세계 6,000 Copy 이상 설치되어 안정성 및 효율성을 인정받음.
실험실 자동화 시스템인 K-LAS 솔루션은 2차전지 핵심 소재인 양극재 품질 검사에 최적화 되어 에코프로비엠, 에코프로이엠 등 국내 양극재 소재 회사들에 납품되고 있음.
출처 : 에프앤가이드","인프라, 금융"
소프트캠프,통합보안솔루션,'소프트웨어 개발 및 공급업',소프트웨어,"기업개요
기업의 내부 정보를 지키고 외부 위협을 제거하는 솔루션을 제공하여 기업으로 하여금 안전하게 업무 할수 있는 환경을 제공하는 사업을 영위.
주요 목표시장은 정보유출방지 보안시장으로 DRM 기술을 적용한 문서보안 프로그램(Document Security)과 영역보안 제품인 S-Work.
신규사업으로 클라우드 환경에서 보안을 유지하면서 데이터사용과 협업을 할 수 있는 보안 클라우드 서비스인 Security365 서비스를 런칭.
출처 : 에프앤가이드","클라우드, 프로그램"
비투엔,"데이터컨설팅, 품질관리 솔루션",'소프트웨어 개발 및 공급업',소프트웨어,"기업개요
동사는 2004년 10월 13일에 설립되어 응용소프트웨어 개발 및 공급업을 주요 사업으로 영위하고 있음. 2014년 12월 23일 비투엔컨설팅에서 비투엔으로 사명을 변경함.
데이터 전략수립, 빅데이터 시스템 설계 및 구축, 데이터 품질관리와 거버넌스 정책 수립, AI/ML 분석 기법을 활용한 컨설팅 및 구축 서비스를 수행하고 있음.
2021년 11월 18일 상상인이안제1호기업인수목적 주식회사와 합병하여 코스닥 시장에 신규상장함.
출처 : 에프앤가이드","IT연구 및 개발, 데이터베이스, 분석"
이노룰스,"InnoRules, InnoProduct",'소프트웨어 개발 및 공급업',소프트웨어,"기업개요
동사는 이노룰스(InnoRules)를 기반으로 하여 사용하는 5가지의 디지털 전환 자동화 SW 솔루션을 공급함.
'디지털 전환 자동화 SW 솔루션'은 디지털 전환을 빠르고 효과적으로 진행시킬 수 있어 금융 분야 뿐 아니라 제조, 공공, 유통, 서비스 등 모든 산업분야에 적용되고 있음.
기업의 디지털 전환 대상(노하우, 규칙, 처리 절차, 정책)을 이노룰스 제품에 탑재하는 것 만으로도 목표했던 디지털 전환을 효율적으로 달성함.
출처 : 에프앤가이드",금융
비플라이소프트,"아이서퍼, 위고몬 등",'소프트웨어 개발 및 공급업',소프트웨어,"기업개요
동사는 1998년 08월 25일에 설립되어 2022년 06월 20일에 코스닥 시장에 상장함.
미디어 빅데이터와 인공지능 기술 기반의 구독형 컨텐츠 서비스 플랫폼을 운영하는 기업으로, 다년간에 걸쳐 국내 최대 규모의 미디어 빅데이터를 구축하였음.
핵심 서비스는 당사 매출액의 75% 이상을 차지하며 B2G, B2B를 주요 거래처로 확보하고 있는 <아이서퍼(Eyesurfer)> SssS 플랫폼을 중심으로 운용되고 있음.
출처 : 에프앤가이드",플랫폼
휴네시온,망간자료전송(i-oneNet),'소프트웨어 개발 및 공급업',소프트웨어,"기업개요
동사는 제품에 대한 판매를 진행하는 솔루션사업본부, 클라우드사업본부와 사업초기 고객환경 분석 및 제안 등을 담당하는 컨설팅그룹을 운영하고 있음.
정보보호 분야의 사업을 주로 하고 있으며 망연계 솔루션 시장에 집중함과 동시에 다양한 보안 솔루션을 제공하는 사업을 영위.
동사가 개발한 보안 솔루션은 서버에 탑재하여 고객사에 공급하고 있어 원재료는 서버의 비중이 가장 높음.
출처 : 에프앤가이드","서버, 클라우드, 분석"
와이더플래닛,빅데이터/인공지능 마케팅플랫폼 및 데이터플랫폼,'소프트웨어 개발 및 공급업',소프트웨어,"기업개요
동사는 2010년 7월 17일에 설립하여 소프트웨어, 데이터베이스, 정보처리 및 제공기술, 시스템 개발 등을 주요 사업으로 영위하고 있음.
주로 빅데이터분석 및 인공지능에 기반한 자동화된 프로그래매틱 마케팅 서비스플랫폼을 기업에게 제공하고 마케팅과 광고 성과에 기준하여 수익을 창출하고 있음.
자연어 처리 및 사용자 문맥 인식, 사용자 프로파일링, 성과 예측, 최적화술, 매체 효율 제어, DPA와 같은 핵심 기술들을 개발하고 있음.
출처 : 에프앤가이드",플랫폼
싸이버원,보안관제 및 보안컨설팅 등,'소프트웨어 개발 및 공급업',소프트웨어,"기업개요
동사는 정보보안 관련 서비스 사업을 영위하고 있으며, 그 중 보안관제 및 보안 컨설팅을 주력 사업으로 영위함.
동사는 과학기술정보통신부로부터 정보보호 전문서비스 기업으로 지정 및 행정안전부로부터 개인정보영향 평가기관으로 지정되어있음.
동사는 오랜 보안컨설팅 역량을 바탕으로 고객사 비즈니스 및 IT 환경에 필요한 정보보호전략 수립부터 기타 정보보호 운영 지원 등 전 분야에 대한 One Stop Service를 제공하고 있음.
출처 : 에프앤가이드","보안, 고객 지원"
지란지교시큐리티,보안 소프트웨어,'소프트웨어 개발 및 공급업',소프트웨어,"기업개요
동사는 2014년 지란지교소프트 보안사업본부에서 분사하여 설립되었음.
보안기술이 적용된 제품을 제조 또는 판매하거나, 보안기술 및 보안제품을 활용하여 재난·재해·범죄 등에 대응하거나 관련 장비·시설을 안전하게 운용하기 위한 모든 서비스 제공과 관련된 사업을 영위하고 있음.
주요 제품군으로는 스팸차단 SW(스팸차단 솔루션), 콘텐츠보안(문서중앙화/보안웹파일서버), 모바일보안(통합모바일보안 솔루션) 3분야가 있음.
출처 : 에프앤가이드",서버
에스에스알,"취약점 진단 솔루션, 모의해킹 컨설팅",'소프트웨어 개발 및 공급업',소프트웨어,"기업개요
정보보호 컨설팅 및 보안 소프트웨어 기업으로 정보 보안제품의 판매와 솔루션 도입 고객에 대한 유지보수 및 기술지원 용역을 제공하는 정보보안 회사임.
동사의 제품은 보안관리 제품에 속하는 취약점 분석 시스템, 보안컨설팅 서비스에 속하는 진단 및 모의해킹 서비스가 있음.
취약점 자동화 솔루션인 솔리드스텝은 시장에서 58%(CCE 기준)의 점유율을 지닌 제품으로 소상공인과 중소기업에 필수적인 솔루션으로 자리매김하고 있음.
출처 : 에프앤가이드","해킹, 분석"
모코엠시스,"연계솔루션, 보안솔루션, APM솔루션",'소프트웨어 개발 및 공급업',소프트웨어,"기업개요
동사는 2019년 코스닥시장에 상장하여 기업 고객을 대상으로 연계솔루션, 보안솔루션, APM솔루션을 개발, 판매 사업을 영위하고 있음.
현재 제조, 금융, 서비스, 공공 등 전 분야의 기업 고객을 대상으로 연계솔루션, 보안솔루션, APM솔루션을 개발, 판매, 구축, 유지보수하는 사업을 수행하고 있음.
스팩합병을 통해 사업을 확장 및 안정화 하여 재무적 부담 없는 외형 확장과 경쟁력 제고를 목표로 하고 있음.
출처 : 에프앤가이드",금융
아이티아이즈,"디지털금융솔루션 제공 및 AI, Big Data 서비스, 클라우드 통합 플랫폼 (GURMWI)",'소프트웨어 개발 및 공급업',소프트웨어,"기업개요
동사는 2012년 8월 7일 설립되어, 금융권 IT Compliance를 비롯하여 클라우드 기반 디지털 플랫폼 등으로 사업분야를 확장시키고있는 금융서비스를 주요사업으로 영위하고 있음.
연결대상 종속회사로 컴퓨터시스템통합자문 및 구축 서비스업을 주요사업으로 하고 있는 씨에이웨이브가 있음. 독자적인 기술로 클라우드 기반의 디지털 플랫폼인 GURMWI™를 개발함.
2021년 코스닥시장에 신규 상장함.
출처 : 에프앤가이드","클라우드, 플랫폼, 금융"