반도체 장비,반도체 소재,반도체 제조,반도체 설계,반도체 기타,네트워크 및 인프라,보안,플랫폼,고객 지원,금융 및 결제 서비스,IT연구 및 개발,빅데이터,기타 소프트웨어,스마트폰 및 태블릿,노트북 및 컴퓨터,오디오 및 비디오 장비,조명 및 전등,스위치 및 플러그,배터리 및 충전기,전기선 및 케이블,디스플레이,디스플레이 제조,디스플레이 기술,디스플레이 부품,디스플레이 장비,카메라 및 사진장비,휴대폰 및 이동통신,자동차 부품,기타 하드웨어,에너지 장비,종합 석유 및 가스,석유와 가스 탐사 및 생산,석유와 가스 정제 및 마케팅,석유와 가스 저장 및 수송,석탄 및 소모 연료,에너지,전기 생산,전기 배급,가스 제조,복합 공익 사업체,독립 전력 생산,에너지 거래,유틸리티,다각화된 통신서비스,무선통신서비스,광고,방송과 엔터테인먼트,출판,게임엔터테인먼트,양방향 미디어와 서비스,커뮤니케이션,약품 소매,식품 도매,식품 소매,하이퍼마켓과 대형 쇼핑센터,음료,식품,가정용품,개인용품,다각화된 은행,지역 은행,창업투자,카드,기타금융,손해보험,생명보험,다각화된 REIT,모기지 REIT,사무실 REIT,주택 REIT,소매점 REIT,특수 REIT,부동산 관리 및 개발,범용 화학제품,다각화된 화학제품,화학비료와 농약,산업용 가스,특수 화학제품,금속 및 유리 용기,종이 포장지,알루미늄,다각화된 금속과 채광,금,귀금속과 고급 광물,철강,목재,종이 제품,우주항공과 국방,건축제품,건축자재,건설,기구,전기장비,복합기업,기계,조선,무역회사와 판매업체,상업용 인쇄,다각화된 상업 서비스,환경 및 시설 서비스,사무 서비스와 사무용품,인적 자원 및 고용 서비스,신용평가 서비스,항공화물 운송과 물류,항공사,해운사,도로와 철도운송,운송 인프라,자동차부품,자동차,가정용 기기와 용품,레저용 장비와 제품,"섬유, 의류, 신발, 호화품",화장품,문구류,호텔,카지노와 게임,리조트,크루즈,레저 시설,레스토랑,다각화된 소비자 서비스,판매업체,인터넷과 카탈로그 소매,백화점과 일반상점,전문소매,교육서비스,건강관리 장비와 용품,건강관리 업체 및 서비스,건강관리 기술,생물공학,제약,생명과학 도구 및 서비스
싸이맥스,이엔에프테크놀로지,윈팩,동운아나텍,파두,광무,씨유박스,슈어소프트테크,코난테크놀로지,KG모빌리언스,메디프론,아이퀘스트,아이퀘스트,알로이스,큐로컴,아남전자,신화콘텍,경인전자,하나기술,,서울바이오시스,인지디스플레,LG디스플레이,코이즈,디바이스이엔지,삼양옵틱스,주연테크,티로보틱스,티로보틱스,에스에너지,SK이노베이션,제이씨케미칼,HD현대,DGP,,윌링스,한전산업,한전산업,E1,삼천리,지역난방공사,한전산업,한전기술,스카이문스테크놀로지,스카이문스테크놀로지,SM C&C,캐리소프트,디앤씨미디어,캐리소프트,THE E&M,인스코비,엠에스씨,한성기업,한성기업,,제주맥주,한성기업,삼정펄프,CJ프레시웨이,하나금융지주,하나금융지주,스틱인베스트먼트,하나금융지주,하나금융지주,하나금융지주,하나금융지주,한국캐피탈,SK디앤디,SK디앤디,SK디앤디,SK디앤디,한양증권,하나금융지주,켐트로닉스,동방아그로,동방아그로,삼보판지,켐트로닉스,금비,금양,케이피티유,알루코,동방아그로,한창제지,DSR제강,무림P&P,삼보판지,에이트원,서희건설,서희건설,서희건설,대양전기공업,제룡전기,제룡전기,서희건설,하이록코리아,서희건설,대원,SK네트웍스,제룡전기,SK네트웍스,SK네트웍스,SK네트웍스,서희건설,티웨이항공,아이에스동서,서희건설,SK네트웍스,인지컨트롤스,패션플랫폼,세이브존I&C,동일고무벨트,세이브존I&C,본느,삼성출판사,신세계,GKL,롯데관광개발,롯데관광개발,본느,신세계푸드,인지컨트롤스,제닉,세기상사,패션플랫폼,인지컨트롤스,유비온,오스테오닉,나노엔텍,오스테오닉,에이디엠코리아,부광약품,나노엔텍
서진시스템,GST,하나기술,텔레칩스,한국전자홀딩스,주연테크,케이사인,알로이스,성문전자,한네트,오상자이엘,코난테크놀로지,알로이스,유비벨록스,아비코전자,인터엠,이지트로닉스,,성일하이텍,,코텍,제이엠티,일진디스플,HB테크놀러지,이엘피,아이디스,아이엠,에스텍,알엔투테크놀로지,스페코,중앙에너비스,DGP,S-Oil,,,중앙에너비스,한전KPS,한전KPS,한국가스공사,,한전KPS,한전KPS,,미투온,와이어블,엠게임,KX,웅진,엠게임,에코마케팅,핑거스토리,한국맥널티,오뚜기,큐로홀딩스,,대한제분,오뚜기,TS트릴리온,보라티알,한국캐피탈,JB금융지주,SK디앤디,삼성생명,한국캐피탈,JB금융지주,흥국화재,SK디앤디,한국토지신탁,한국토지신탁,우리종금,한국토지신탁,SK디앤디,JB금융지주,코오롱플라스틱,켐트로닉스,켐트로닉스,에코앤드림,코오롱플라스틱,알루코,삼보판지,알루코,승일,조선선재,KCI,휴스틸,원익큐브,동방아그로,아시아나항공,에쎈테크,삼성중공업,제룡전기,기신정기,일진홀딩스,에쎈테크,제룡전기,삼성중공업,제룡전기,국영지앤엠,한양이엔지,SK네트웍스,한양이엔지,한양이엔지,한양이엔지,혜인,아시아나항공,,삼성중공업,한양이엔지,동일고무벨트,인지컨트롤스,한국화장품,넥센타이어,제이에스코퍼레이션,한국화장품,모나미,롯데관광개발,롯데관광개발,남화산업,,세기상사,디딤이앤에프,동일고무벨트,,GS리테일,세이브존I&C,세이브존I&C,로보로보,나노엔텍,부광약품,나노엔텍,삼성제약,신신제약,부광약품
에이프로,아진엑스텍,하나마이크론,칩스앤미디어,유니퀘스트,포커스에이치엔에스,유니온커뮤니티,인포뱅크,파이오링크,핑거,이브이첨단소재,휴네시온,에스트래픽,모아데이타,삼진,삼진,에이디칩스,,엔켐,,소룩스,코이즈,,와이엠씨,위지트,재영솔루텍,에스코넥,아모센스,SBW생명과학,HD현대에너지솔루션,SK디스커버리,SK이노베이션,,,,바이온,지역난방공사,지역난방공사,인천도시가스,,,한국가스공사,,키다리스튜디오,세종텔레콤,네오위즈,SM C&C,JYP Ent.,네오위즈,키이스트,드림어스컴퍼니,큐로홀딩스,미래생명자원,오뚜기,,교촌에프앤비,미래생명자원,전진바이오팜,TS트릴리온,JB금융지주,카카오뱅크,한양증권,KB금융,JB금융지주,흥국화재,코리안리,한국자산신탁,한국자산신탁,한국자산신탁,한국자산신탁,한국자산신탁,한국토지신탁,SK디앤디,에코앤드림,코오롱플라스틱,코오롱플라스틱,페이퍼코리아,에코앤드림,승일,영보화학,파버나인,동방아그로,해성산업,제이스코홀딩스,만호제강,성창기업지주,켐트로닉스,한양이엔지,삼성중공업,에쎈테크,HDC랩스,삼영이엔씨,HDC랩스,삼성중공업,에쎈테크,현대미포조선,삼성중공업,상지카일룸,HDC랩스,한양이엔지,HDC랩스,HDC랩스,HDC랩스,팬오션,,,SK네트웍스,HDC랩스,동양피스톤,동일고무벨트,위닉스,위닉스,위닉스,이노진,,모두투어,파라다이스,아난티,,세이브존I&C,,세기상사,,세이브존I&C,위닉스,동양피스톤,YBM넷,디알텍,신신제약,에이디엠코리아,셀트리온헬스케어,에이디엠코리아,에이디엠코리아
비츠로셀,오디텍,덕산하이메탈,제주반도체,한양디지텍,롯데정보통신,시큐센,유비벨록스,싸이버원,인지소프트,서울반도체,엠브레인,큐로컴,엘디티,팅크웨어,LG전자,대보마그네틱,,동양이엔피,,우리이앤엘,이엘피,,오성첨단소재,디아이티,하이비젼시스템,엠씨넥스,재영솔루텍,아이엠,수산인더스트리,흥구석유,서남,,,,SDN,대성에너지,대성에너지,SK가스,,,SK가스,,SBS콘텐츠허브,SK텔레콤,엔피,THE E&M,SM Life Design,밸로프,LG유플러스,FSN,스피어파워,정다운,미래생명자원,,삼양식품,정다운,모나리자,큐로홀딩스,카카오뱅크,키움증권,LB인베스트먼트,신한지주,스틱인베스트먼트,신영증권,인카금융서비스,키움증권,,,이스타코,,한국자산신탁,LB인베스트먼트,미원화학,에코앤드림,에코앤드림,조선선재,페이퍼코리아,동방아그로,세림B&G,조일알미늄,삼아알미늄,삼양홀딩스,제일연마,황금에스티,유니드,에코앤드림,제이오,와토스코리아,한양이엔지,까뮤이앤씨,제일전기공업,KIB플러그에너지,한양이엔지,SK네트웍스,HJ중공업,에쎈테크,진흥기업,성도이엔지,HDC랩스,성도이엔지,리파인,성도이엔지,한양이엔지,,,일진홀딩스,성도이엔지,넥센타이어,동양피스톤,이노진,이노진,메타랩스,스킨앤스킨,,경방,손오공,용평리조트,,알톤스포츠,,골프존,,삼성출판사,베뉴지,넥센타이어,메가스터디,바이오다인,에이디엠코리아,아미코젠,아미코젠,삼성제약,클리노믹스
ISC,하나머티리얼즈,SK하이닉스,엔시트론,이오테크닉스,지란지교시큐리티,시큐브,모바일어플라이언스,슈프리마에이치큐,시큐센,서울바이오시스,솔트룩스,에프앤가이드,재영솔루텍,,휴맥스,유비벨록스,,롯데에너지머티리얼즈,,상보,에스엔유,,영우디에스피,에스엔유,나무가,자화전자,서진시스템,서진시스템,,한국쉘석유,오르비텍,,,,금양그린파워,한진중공업홀딩스,한진중공업홀딩스,지에스이,,,지역난방공사,,삼화네트웍스,예림당,이노션,덱스터,티비씨,네오위즈홀딩스,인크로스,디지틀조선,대한제당,마니커에프앤지,마니커에프앤지,,푸드웰,마니커에프앤지,태양,메지온,키움증권,삼성카드,미래에셋벤처투자,우리금융지주,SK디앤디,DSC인베스트먼트,메리츠금융지주,한국토지신탁,,,한국토지신탁,,,신영증권,케이피엠테크,미원화학,미원화학,케이피엠테크,해성산업,세림B&G,영풍제지,포스코스틸리온,황금에스티,미원화학,쎄노텍,아주스틸,SUN&L,페이퍼코리아,아스트,한양이엔지,까뮤이앤씨,TKG애강,,수산중공업,포메탈,HDC랩스,HD한국조선해양,SK네트웍스,누리플랜,리파인,성도이엔지,리파인,성도이엔지,리파인,아시아나항공,,,한양이엔지,리파인,핸즈코퍼레이션,넥센타이어,신성델타테크,쿠쿠홈시스,지엔코,글로본,,아난티,아이톡시,파라다이스,,THE MIDONG,,유비온,,이노진,알톤스포츠,위닉스,모나미,클리노믹스,삼성제약,바이오다인,바이오다인,셀트리온헬스케어,에이프로젠 H&G
케이씨텍,케이씨,테크엘,자람테크놀로지,SK스퀘어,오픈베이스,아톤,비플라이소프트,,오파스넷,우리바이오,티로보틱스,이노시뮬레이션,나무가,,인포마크,모바일어플라이언스,,삼성SDI,,위드텍,덕산테코피아,,,케이엔제이,SBW생명과학,에이프로,포커스에이치엔에스,포커스에이치엔에스,,에코바이오,씨에스윈드,,,,지오릿에너지,,,대성에너지,,,대성에너지,,이엠넷,,에코마케팅,키이스트,제일기획,액션스퀘어,나스미디어,티사이언티픽,하림,교촌에프앤비,교촌에프앤비,,MH에탄올,신라교역,,비비씨,다올투자증권,유화증권,신영증권,DGB금융지주,카카오뱅크,키움증권,삼성생명,,,,,,,DSC인베스트먼트,KG케미칼,케이피엠테크,케이피엠테크,피제이메탈,미원화학,삼아알미늄,페이퍼코리아,남선알미늄,조선선재,DSR,아이티센,영흥,풍산홀딩스,조선선재,포메탈,까뮤이앤씨,인선이엔티,수산중공업,,성도이엔지,인선이엔티,일진홀딩스,한라IMS,일진홀딩스,두산,티웨이항공,리파인,티웨이항공,티웨이항공,티웨이항공,제이오,,,HDC랩스,티웨이항공,DRB동일,위닉스,삼성출판사,글로본,화승엔터프라이즈,토니모리,,베뉴지,강원랜드,강원랜드,,이월드,,동양피스톤,,베뉴지,한온시스템,이노진,비상교육,에이프로젠 H&G,디알텍,클리노믹스,클리노믹스,아미코젠,메디톡스
액트로,티이엠씨,케이피에스,에이디칩스,신성이엔지,솔트웨어,인포바인,씨유박스,,에프앤가이드,에이텍,모아데이타,세중,아이엠,,,클라우드에어,,비츠로셀,,에스에이티이엔지,이녹스첨단소재,,,포인트엔지니어링,포커스에이치엔에스,액트로,엠씨넥스,에스코넥,,대성산업,SK디스커버리,,,,DGP,,,한진중공업홀딩스,,,삼천리,,,,덱스터,티비씨,예림당,하이브,모비데이즈,메쎄이상,케이엠제약,CJ제일제당,CJ제일제당,,풀무원,교촌에프앤비,,보락,BNK금융지주,제주은행,DSC인베스트먼트,삼성카드,글로벌텍스프리,다올투자증권,미래에셋생명,,,,,,,삼성카드,애경케미칼,KG케미칼,KG케미칼,원풍,케이피엠테크,황금에스티,율촌화학,삼아알미늄,영흥,케이피엠테크,현대비앤지스틸,동양에스텍,,삼양홀딩스,유니온,TKG애강,성도이엔지,인선이엔티,,동일금속,성도이엔지,한양이엔지,에너토크,한양이엔지,양지사,현대글로비스,현대미포조선,현대리바트,코오롱,현대글로비스,까뮤이앤씨,,,인선이엔티,현대글로비스,디와이씨,이노진,국동,핸즈코퍼레이션,윙스풋,코디,,호텔신라,,,,파라다이스,,삼성출판사,,위즈코프,삼익악기,지엔코,윌비스,진시스템,셀트리온헬스케어,진시스템,에이프로젠 H&G,에이프로젠 H&G,올릭스
에이피티씨,제이아이테크,에이엘티,웰킵스하이텍,매커스,서울반도체,엑스페릭스,이삭엔지니어링,,롯데정보통신,톱텍,씨유박스,코콤,에스코넥,,,성일하이텍,,와이엠텍,,파인디앤씨,엘디티,,,파인텍,엠씨넥스,에이루트,디에이피,엠씨넥스,,극동유화,SGC에너지,,,,SGC에너지,,,삼천리,,,,,,,티비씨,래몽래인,하이브,플레이위드,위지윅스튜디오,플리토,이지바이오,오리온,오리온,,동원F&B,CJ제일제당,,교촌에프앤비,제주은행,BNK금융지주,키움증권,제주은행,한양증권,BNK금융지주,동양생명,,,,,,,나우IB,롯데정밀화학,애경케미칼,애경케미칼,금강철강,KG케미칼,조선선재,영흥,씨큐브,율촌화학,피제이메탈,대호에이엘,POSCO홀딩스,,미원화학,대한항공,포메탈,노루홀딩스,성도이엔지,,지투파워,지투파워,까뮤이앤씨,STX중공업,HDC랩스,동신건설,한화에어로스페이스,티웨이항공,현대글로비스,현대글로비스,한화에어로스페이스,3S,,,성도이엔지,한화에어로스페이스,삼보모터스,지엔코,쿠쿠홈시스,제로투세븐,국동,LG생활건강,,서부T&D,,,,케이비아이동국실업,,메타랩스,,아이에스이커머스,모두투어,쿠쿠홈시스,디지털대성,유비케어,바이오다인,CMG제약,CMG제약,CMG제약,제넥신
큐알티,예스티,비씨엔씨,아이앤씨,엑사이엔씨,라이콤,파이오링크,핑거,,아톤,윤성에프앤씨,포커스에이치엔에스,이스트소프트,액트로,,,휴맥스,,원익피앤이,,금호전기,야스,,,신도기연,한일진공,S&K폴리텍,모아텍,자화전자,,S-Oil,한국쉘석유,,,,한국쉘석유,,,경동도시가스,,,,,,,이엠넷,한국경제TV,미스터블루,바른손이앤에이,아프리카TV,지니뮤직,보락,사조오양,사조오양,,무학,오리온,,현대코퍼레이션홀딩스,컴퍼니케이,다올투자증권,유화증권,,LB인베스트먼트,코리안리,에이플러스에셋,,,,,,,다올투자증권,DL,롯데정밀화학,롯데정밀화학,조일알미늄,애경케미칼,영흥,삼양패키징,대호에이엘,티플랙스,KG케미칼,쎄니트,동일산업,,케이피엠테크,티웨이항공,인선이엔티,현대리바트,동일금속,,에스앤더블류,티웨이항공,KIB플러그에너지,동방선기,까뮤이앤씨,범한퓨얼셀,한라IMS,현대글로비스,한화에어로스페이스,한화에어로스페이스,한라IMS,아스트,,,노루홀딩스,한라IMS,오리엔트정공,핸즈코퍼레이션,감성코퍼레이션,LG생활건강,SG세계물산,애경산업,,파라다이스,,,,부방,,오토앤,,큐렉소,배럴,핸즈코퍼레이션,웅진씽크빅,비스토스,클리노믹스,올릭스,메디톡스,메디톡스,차바이오텍
네패스아크,원익홀딩스,씨아이에스,피델릭스,큐에스아이,엑셈,SGA솔루션즈,나무기술,,한국전자금융,비투엔,이스트소프트,이미지스,드림텍,,,성호전자,,씨아이에스,,루멘스,신화인터텍,,,HB솔루션,디에이피,씨유테크,유일에너테크,에이프로,,GS,태웅,,,,에스아이리소스,,,대성홀딩스,,,,,,,한국경제TV,디어유,오리콤,스카이문스테크놀로지,미스터블루,,CJ제일제당,한국가구,한국가구,,남양유업,사조오양,,DSEN,대신증권,컴퍼니케이,NH투자증권,,미래에셋벤처투자,대신증권,현대해상,,,,,,,코리안리,레이크머티리얼즈,DL,DL,동국산업,롯데정밀화학,티플랙스,동원시스템즈,피제이메탈,서원,조일알미늄,동일철강,DSR,,원풍,하이즈항공,성도이엔지,그린플러스,에스앤더블류,,제노코,현대리바트,TKG애강,HD현대중공업,와토스코리아,,한미글로벌,한화에어로스페이스,한라IMS,한라IMS,한미글로벌,SG&G,,,CJ대한통운,한미글로벌,동아타이어,글로본,THE MIDONG,THE MIDONG,감성코퍼레이션,코스맥스,,강원랜드,,,,KB오토시스,,신성델타테크,,이월드,계양전기,이월드,정상제이엘에스,경보제약,아미코젠,비스토스,셀트리온,대한약품,비올
디에이테크놀로지,비케이홀딩스,시그네틱스,케이알엠,러셀,아시아나IDT,헥토이노베이션,파수,,이스트소프트,,아남전자,알서포트,파인엠텍,,,동양이엔피,,새빗켐,,미래컴퍼니,인베니아,,,야스,탑엔지니어링,센서뷰,씨유테크,잉크테크,,,유니슨,,,,대성산업,,,,,,,,,,인크로스,애니플러스,와이지엔터테인먼트,모비데이즈,에프엔씨엔터,,오리온,삼양식품,삼양식품,,풍국주정,삼양식품,,동서,기업은행,대신증권,나우IB,,신영증권,인카금융서비스,DGB금융지주,,,,,,,리드코프,리더스코스메틱,레이크머티리얼즈,레이크머티리얼즈,고려아연,DL,영풍제지,무림페이퍼,세아메카닉스,DSR,고려아연,태경비케이,대양금속,,애경케미칼,제노코,지투파워,현대글로비스,CJ대한통운,,현대글로비스,제노코,수산중공업,한화오션,TKG애강,,쏘카,한라IMS,한미글로벌,에코프로에이치엔,쏘카,유니온,,,현대미포조선,쏘카,대성파인텍,제로투세븐,큐렉소,코스맥스,스킨앤스킨,코리아나,,,,,,롯데관광개발,,베뉴지,,모나미,에스제이그룹,DRB동일,한세예스24홀딩스,셀바스헬스케어,에이프로젠 H&G,셀트리온,차바이오텍,경보제약,에이비엘바이오
네온테크,미코,마이크로투나노,가온칩스,하이딥,대신정보통신,이니텍,이노뎁,,KG이니시스,,오픈베이스,대아티아이,씨유테크,,,SK아이이테크놀로지,,에이치시티,,우리바이오,덕산네오룩스,,,베셀,액트로,케스피온,캠시스,동일기연,,,대성산업,,,,대명에너지,,,,,,,,,,줌인터넷,알비더블유,알비더블유,룽투코리아,스튜디오드래곤,,한국가구,푸드웰,푸드웰,,농심,푸드웰,,신라에스지,우리금융지주,기업은행,다올투자증권,,DSC인베스트먼트,기업은행,DB금융투자,,,,,,,컴퍼니케이,한농화성,리더스코스메틱,리더스코스메틱,DL,레이크머티리얼즈,서원,연우,삼보산업,피제이메탈,레이크머티리얼즈,동국알앤에스,세아베스틸지주,,롯데정밀화학,모델솔루션,노루홀딩스,DL건설,DL건설,,한화에어로스페이스,그린플러스,인선이엔티,서호전기,인선이엔티,,NICE평가정보,동방선기,쏘카,한미글로벌,NICE평가정보,대한항공,,,티웨이항공,NICE평가정보,현대공업,이월드,아이에스이커머스,DRB동일,영원무역,제이에스티나,,,,,,KG모빌리티,,위즈코프,,BYC,디지털대성,디와이씨,메가엠디,이루다,진시스템,이루다,아이센스,셀트리온,옵티팜
디티앤씨,에프에스티,메카로,에이디테크놀로지,유니트론텍,엑스게이트,다날,누리플렉스,,코나아이,,파이오링크,트윔,대주전자재료,,,옴니시스템,,에이치와이티씨,,디지아이,아이씨디,,,프로이천,코아시아,빅솔론,신라섬유,코아시아,,,극동유화,,,,파루,,,,,,,,,,나스미디어,하이브,에스엠,카카오,티와이홀딩스,,푸드웰,대상,대상,,하이트진로홀딩스,대상,,,DGB금융지주,우리금융지주,BNK금융지주,,삼성카드,메리츠금융지주,롯데손해보험,,,,,,,대신증권,석경에이티,한농화성,한농화성,세토피아,동국산업,락앤락,대영포장,삼화왕관,삼화왕관,대호에이엘,,현대제철,,DL,한국항공우주,현대미포조선,보성파워텍,윈하이텍,,현대에버다임,협진,성도이엔지,한국정밀기계,성도이엔지,,한국종합기술,에코프로에이치엔,NICE평가정보,쏘카,한국종합기술,대한해운,,,현대리바트,한국종합기술,다산솔루에타,LG생활건강,제로투세븐,롯데관광개발,한섬,일신방직,,,,,,이녹스,,로보로보,,KG모빌리티,대구백화점,삼보모터스,세우글로벌,비올,CMG제약,제넥신,큐라티스,제넥신,네오펙트
아이윈플러스,유니셈,비아트론,어보브반도체,,이루온,라온시큐어,카페24,,오픈베이스,,비즈니스온,미디어젠,이미지스,,,삼성SDI,,피엔티,,아이엘사이언스,이라이콤,,,엘티씨,코콤,남성,세코닉스,에이루트,,,HD현대에너지솔루션,,,,제이씨케미칼,,,,,,,,,,모비릭스,아센디오,스튜디오산타클로스,컴투스홀딩스,자이언트스텝,,신라에스지,카나리아바이오,카나리아바이오,,진로발효,카나리아바이오,,,DB금융투자,DGB금융지주,메이슨캐피탈,,유화증권,삼성생명,한화손해보험,,,,,,,기업은행,진양산업,석경에이티,석경에이티,대호에이엘,현대비앤지스틸,육일씨엔에쓰,대림제지,,조일알미늄,세아메카닉스,,KG케미칼,,레이크머티리얼즈,한화에어로스페이스,그린플러스,동방선기,한미글로벌,,보성파워텍,성광벤드,동일금속,세진중공업,동일금속,,제주항공,한미글로벌,한국종합기술,NICE평가정보,제주항공,동양고속,,,그린플러스,제주항공,계양전기,코스맥스,DRB동일,삼보모터스,한세실업,바른손,,,,,,바른손,,아이에스이커머스,,일신방직,모다이노칩,오리엔트정공,크레버스,옵티팜,메디톡스,에이비엘바이오,씨엔알리서치,차바이오텍,큐라티스
넥스틴,HLB이노베이션,LB세미콘,넥스트칩,,브레인즈컴퍼니,이글루,맥스트,,쿠콘,,네오리진,DB,슈프리마,,,웰킵스하이텍,,엘앤에프,,이브이첨단소재,디에스케이,,,아바코,드림텍,에스에이티,LG이노텍,라이콤,,,,,,,비에이치아이,,,,,,,,,,모비데이즈,NEW,,미스터블루,SBS,,,MH에탄올,MH에탄올,,SPC삼립,MH에탄올,,,미래에셋증권,DB금융투자,우리벤처파트너스,,NH투자증권,미래에셋생명,신한지주,,,,,,,다우기술,유니드,진양산업,진양산업,한농화성,리더스코스메틱,DSR,효성화학,,고려아연,세아제강지주,,하이스틸,,동국산업,LIG넥스원,협진,윈하이텍,KT서브마린,,한미글로벌,로보티즈,포메탈,일승,리파인,,로보티즈,쏘카,제주항공,LX홀딩스,로보티즈,세방,,,코오롱,로보티즈,HDC현대EP,부방,자이글,동아타이어,더네이쳐홀딩스,에이블씨엔씨,,,,,,까스텔바작,,신세계푸드,,롯데하이마트,크리스에프앤씨,동아타이어,이퓨쳐,네오펙트,대한약품,네오펙트,동아에스티,에이비엘바이오,콜마비앤에이치
필옵틱스,디엔에프,SFA반도체,지니틱스,,이씨에스,카카오페이,아톤,,케이씨에스,,가온그룹,비트나인,솔루스첨단소재,,,와이엠텍,,두산퓨얼셀,,브이원텍,선익시스템,,,비아트론,바이오로그디바이스,리튬포어스,고영,센서뷰,,,,,,,이아이디,,,,,,,,,,와이즈버즈,CJ ENM,,위메이드,포바이포,,,CJ프레시웨이,보라티알,,농심홀딩스,보라티알,,,상상인,미래에셋증권,컴퍼니케이,,키움증권,동양생명,한화생명,,,,,,,에이티넘인베스트,티케이케미칼,유니드,유니드,테이팩스,한농화성,피제이메탈,테이팩스,,레이크머티리얼즈,동일제강,,금강철강,,세토피아,티웨이홀딩스,DL건설,에코프로에이치엔,삼부토건,,쏘카,대동기어,코메론,STX엔진,노루홀딩스,,동아지질,NICE평가정보,로보티즈,한국종합기술,동아지질,CJ대한통운,,,에이치케이,동아지질,경동나비엔,DRB동일,애경산업,엑서지21,F&F,클리오,,,,,,영원무역홀딩스,,한섬,,위니아에이드,신세계,대성파인텍,케이티알파,아이센스,유비케어,한미약품,얼라인드,고려제약,카이노스메드
두산테스나,솔브레인,LB루셈,DB하이텍,,비츠로시스,에스에스알,오비고,,핸디소프트,,샌즈랩,디지아이,슈피겐코리아,,,원익피앤이,,솔브레인홀딩스,,아나패스,케이피에스,,,엔젯,팸텍,이랜텍,디티앤씨,토비스,,,,,,,SK이노베이션,,,,,,,,,,아프리카TV,바른손이앤에이,,더블유게임즈,SM Life Design,,,보라티알,롯데웰푸드,,창해에탄올,롯데웰푸드,,,한국금융지주,상상인,대신증권,,다올투자증권,에이플러스에셋,KB금융,,,,,,,삼성생명,한솔케미칼,티케이케미칼,티케이케미칼,세아메카닉스,석경에이티,삼양패키징,SUN&L,,아이티센,신스틸,,동국산업,,리더스코스메틱,쎄트렉아이,보성파워텍,한미글로벌,한국종합기술,,씨에스베어링,뉴보텍,에스앤더블류,디케이락,에스앤더블류,,태영건설,한국종합기술,동아지질,제주항공,태영건설,티웨이항공,,,현대글로비스,태영건설,대동금속,디와이씨,삼익악기,현대공업,일신방직,엔에프씨,,,,,,씨티알모빌리티,,참좋은여행,,바른손,정상제이엘에스,현대공업,멀티캠퍼스,프리시젼바이오,비스토스,아이센스,JW생명과학,한미약품,제노레이
네오셈,코스텍시스,삼성전자,픽셀플러스,,정원엔시스,한글과컴퓨터,신세계,,이니텍,,링크제니시스,데이타솔루션,유티아이,,,아남전자,,엠플러스,,우리엔터프라이즈,디바이스이엔지,,,에프엔에스테크,옵트론텍,코위버,상아프론테크,퓨런티어,,,,,,,GS,,,,,,,,,,YG PLUS,스카이문스테크놀로지,,웹젠,아시아경제,,,롯데웰푸드,조흥,,매일홀딩스,조흥,,,푸른저축은행,한국금융지주,대성창투,,BNK금융지주,우리금융지주,DB손해보험,,,,,,,미래에셋생명,인바이오,한솔케미칼,한솔케미칼,석경에이티,진양산업,연우,대륙제관,,한창산업,원림,,제이스코홀딩스,,한농화성,진에어,윈하이텍,성광벤드,HD현대인프라코어,,KT서브마린,화천기공,CJ대한통운,메디콕스,현대미포조선,,화천기계,제주항공,태영건설,로보티즈,GS글로벌,하이즈항공,,,한화에어로스페이스,GS글로벌,한주라이트메탈,THE MIDONG,모나미,계양전기,배럴,네오팜,,,,,,ES큐브,,파라다이스,,에이블씨엔씨,메가엠디,다산솔루에타,BGF리테일,HLB생명과학,셀바스헬스케어,큐라티스,싸이토젠,알피바이오,동아에스티
톱텍,시지트로닉스,하이소닉,,,웨이버스,싸이버원,코나아이,,다날,,트윔,티라유텍,비에이치,,,씨아이에스,,디에이테크놀로지,,에이텍,HB테크놀러지,,,,엘컴텍,삼지전자,현우산업,에스에이티,,,,,,,스페코,,,,,,,,,,카카오,JYP Ent.,,카카오게임즈,SBS콘텐츠허브,,,조흥,팜스코,,하이트진로,팜스코,,,신한지주,푸른저축은행,기업은행,,코리안리,현대해상,교보증권,,,,,,,현대차증권,그린케미칼,인바이오,누보,에스폴리텍,유니드,대영포장,TCC스틸,,대호에이엘,케이피티유,,대한제강,,테이팩스,제주항공,에코프로에이치엔,LX홀딩스,남화토건,,동아지질,대양전기공업,현대리바트,대양전기공업,티웨이항공,,GS글로벌,로보티즈,웰크론,HD현대인프라코어,퍼시스,동부건설,,,한라IMS,퍼시스,와이엠,삼보모터스,이월드,전방,폴라리스우노,라파스,,,,,,강원랜드,,모나미,,까스텔바작,크레버스,계양전기,아이비김영,플라즈맵,셀트리온,프리시젼바이오,비피도,대봉엘에스,얼라인드
오로스테크놀로지,KEC,네패스,,,중앙디앤엠,브리지텍,위세아이텍,,SGA,,엠아이큐브솔루션,한글과컴퓨터,팅크웨어,,,삼화전기,,이노메트리,,톱텍,서울반도체,,,,캠시스,기산텔레콤,엔피디,아이씨에이치,,,,,,,에스에너지,,,,,,,,,,갤럭시아에스엠,코퍼스코리아,,조이시티,컴투스,,,팜스코,에스앤디,,보해양조,에스앤디,,,유안타증권,신한지주,에이티넘인베스트,,메이슨캐피탈,DGB금융지주,,,,,,,,한국자산신탁,백광산업,그린케미칼,인바이오,진양산업,세아홀딩스,삼화왕관,포스코엠텍,,한국내화,원일특강,,현대비앤지스틸,,SUN&L,한솔로지스틱스,한미글로벌,삼부토건,태영건설,,HD현대인프라코어,GS글로벌,제노코,제일테크노스,현대리바트,,퍼시스,동아지질,GS글로벌,동아지질,양지사,제노코,,,에코프로에이치엔,케이에스피,우리산업홀딩스,오리엔트정공,한섬,HDC현대EP,윌비스,신세계,,,,,,브랜드엑스코퍼레이션,,청담글로벌,,YW,삼기이브이,HDC현대EP,대교,루트로닉,이루다,플라즈맵,테라젠이텍스,에이프로젠바이오로직스,싸이토젠
인텍플러스,케이엔더블유,알에프세미,,,안랩,슈프리마에이치큐,헥토이노베이션,,라온시큐어,,인포마크,더존비즈온,노바텍,,,피에스텍,,에이에프더블류,,,참엔지니어링,,,,비에이치,텔콘RF제약,인탑스,이수페타시스,,,,,,,에코바이오,,,,,,,,,,플레이디,위지윅스튜디오,,넥슨게임즈,초록뱀미디어,,,에스앤디,풀무원,,우양,고려산업,,,KB금융,유안타증권,메리츠금융지주,,제주은행,DB금융투자,,,,,,,,이스타코,효성첨단소재,백광산업,그린케미칼,원림,티케이케미칼,KPX케미칼,한솔제지,,고려제강,삼영무역,,세토피아,,세아메카닉스,STX엔진,에이테크솔루션,한국종합기술,웰크론,,서호전기,금화피에스시,에이치케이,비엠티,그린플러스,,케이에스피,뉴보텍,퍼시스,태영건설,케이에스피,STX,,,한미글로벌,KTcs,HL만도,동아타이어,LG생활건강,경동나비엔,까스텔바작,아이패밀리에스씨,,,,,,남화산업,,YBM넷,,HDC현대EP,신영와코루,경동나비엔,NE능률,제노레이,제넥신,대봉엘에스,차백신연구소,에스티팜,테라젠이텍스
아이텍,지오엘리먼트,일진디스플,,,한국정보인증,한국정보인증,버넥트,,유비쿼스홀딩스,,엑셈,영림원소프트랩,LG디스플레이,,,에이치와이티씨,,지아이텍,,,유아이디,,,,유티아이,하인크코리아,앤씨앤,인탑스,,,,,,,수산인더스트리,,,,,,,,,,iMBC,CJ CGV,,크래프톤,,,,풀무원,인산가,,매일유업,인산가,,,엠벤처투자,KB금융,미래에셋생명,,리드코프,미래에셋증권,,,,,,,,에이플러스에셋,황금에스티,효성첨단소재,백광산업,동국홀딩스,한솔케미칼,금강철강,깨끗한나라,,태경산업,풍산,,KISCO홀딩스,,석경에이티,와이지-원,씨에스베어링,남화토건,파라텍,,남화토건,알에스오토메이션,현대글로비스,SK오션플랜트,코오롱,,KTcs,태영건설,케이에스피,GS글로벌,KTcs,HJ중공업,,,쏘카,한국공항,SG글로벌,엑서지21,골프존뉴딘홀딩스,에스제이그룹,조광피혁,제닉,,,,,,유니켐,,메가스터디,,영원무역홀딩스,용평리조트,에스제이그룹,골드앤에스,동화약품,차바이오텍,카이노스메드,지노믹트리,광동제약,JW중외제약
레이저쎌,동진쎄미켐,,,,한국전자인증,한국전자인증,케이엘넷,,이노룰스,,한솔인티큐브,키네마스터,엔피디,,,피엔티,,필에너지,,,세진티에스,,,,세코닉스,유아이엘,에이엔피,이랜텍,,,,,,,,,,,,,,,,,에스엠,아프리카TV,,넷마블,,,,인산가,하림지주,,흥국에프엔비,풀무원,,,SK증권,엠벤처투자,현대차증권,,나우IB,롯데손해보험,,,,,,,,리더스 기술투자,송원산업,황금에스티,효성첨단소재,한솔케미칼,인바이오,조일알미늄,세하,,세아메카닉스,금비,,화인베스틸,,에스폴리텍,켄코아에어로스페이스,LX홀딩스,태영건설,금화피에스시,,STX엔진,양지사,한화에어로스페이스,,에이치케이,,한국공항,화천기계,KTcs,퍼시스,한국공항,모델솔루션,,,LX홀딩스,SK,경창산업,대성파인텍,제이에스티나,대동금속,에스제이그룹,휠라홀딩스,,,,,,용평리조트,,롯데관광개발,,커넥트웨이브,크린앤사이언스,대동금속,메가스터디교육,얼라인드,비올,씨엔알리서치,고바이오랩,콜마비앤에이치,바이오인프라
엘디티,,,,,휴네시온,,가온그룹,,미래나노텍,,딥노이드,소프트캠프,한국컴퓨터,,,엘앤에프,,원준,,,에스에이엠티,,,,퓨런티어,우주일렉트로,다산네트웍스,디지아이,,,,,,,,,,,,,,,,,NAVER,YG PLUS,,썸에이지,,,,하림지주,이지바이오,,,이지바이오,,,,SK증권,한국자산신탁,,컴퍼니케이,한국금융지주,,,,,,,,DGB금융지주,와이엠티,송원산업,황금에스티,케이피티유,원일특강,고려아연,태림포장,,대륙제관,삼아알미늄,,문배철강,,진양산업,에어부산,삼부토건,대림통상,남광토건,,지엔씨에너지,SK,현대에버다임,,현대글로비스,,SK,웰크론,한국공항,케이에스피,SK,삼일,,,삼부토건,한진,화신,현대공업,삼양통상,와이엠,영원무역홀딩스,예스24,,,,,,인디에프,,모두투어,,대구백화점,서부T&D,한주라이트메탈,,휴메딕스,고려제약,얼라인드,케이바이오,카이노스메드,알리코제약
와이아이케이,,,,,콤텍시스템,,샌즈랩,,헥토파이낸셜,,에스넷,라온피플,코아시아씨엠,,,휴맥스홀딩스,,에스퓨얼셀,,,풍원정밀,,,,삼성전기,이엠텍,덕우전자,이엠앤아이,,,,,,,,,,,,,,,,,HS애드,스튜디오미르,,넵튠,,,,이지바이오,동원F&B,,,동원F&B,,,,,에이플러스에셋,,대신증권,한화손해보험,,,,,,,,미래에셋증권,이화산업,와이엠티,송원산업,한창제지,그린케미칼,레이크머티리얼즈,펌텍코리아,,국일신동,황금에스티,,고려제강,,유니드,휴림로봇,한국종합기술,엔케이,삼목에스폼,,대양전기공업,한진,한라IMS,,한화에어로스페이스,,한진,지엔씨에너지,SK,KTcs,한진,홈센타홀딩스,,,HD현대중공업,아시아나항공,유니온머티리얼,다산솔루에타,에브리봇,네오팜,비비안,코웰패션,,,,,,서부T&D,,GKL,,이마트,현대퓨처넷,신원,,디알젬,이지케어텍,JW생명과학,대웅제약,일양약품,차백신연구소
프로텍,,,,,인포뱅크,,엠아이큐브솔루션,,갤럭시아머니트리,,미디어젠,안랩,세경하이테크,,,가온그룹,,나인테크,,,토비스,,,,앤씨앤,옵티코어,상신이디피,윤성에프앤씨,,,,,,,,,,,,,,,,,제일기획,갤럭시아에스엠,,드래곤플라이,,,,동원F&B,하림,,,하림,,,,,DGB금융지주,,인카금융서비스,신한지주,,,,,,,,롯데손해보험,대정화금,이화산업,와이엠티,아세아제지,백광산업,아이티센,원림,,엠투엔,동일산업,,한국철강,,신스틸,한국공항,로보티즈,남광토건,우림피티에스,,GS글로벌,넥스턴바이오,협진,,한라IMS,,제이오,GS글로벌,한진,한국공항,제이오,한국항공우주,,,한국종합기술,제이오,DH오토웨어,계양전기,배럴,화신,신원,브이티,,,,,,그리티,,엑서지21,,ES큐브,대현,와이엠,,조아제약,네오펙트,싸이토젠,테고사이언스,씨엔알리서치,HLB테라퓨틱스
미래산업,,,,,벨로크,,라온시큐어,,포시에스,,케이씨티,폴라리스오피스,,,,솔브레인홀딩스,,천보,,,비아트론,,,,코맥스,모아데이타,아모그린텍,홈캐스트,,,,,,,,,,,,,,,,,KNN,팬엔터테인먼트,,위메이드맥스,,,,하림,오에스피,,,하림지주,,,,,리더스 기술투자,,기업은행,한화생명,,,,,,,,다우데이타,태경산업,대정화금,이화산업,대창스틸,효성첨단소재,한창산업,풍산홀딩스,,이구산업,서원,,TCC스틸,,태림포장,금호건설,HD현대인프라코어,삼목에스폼,동원개발,,금화피에스시,강남제비스코,DL건설,,현대에버다임,,동양고속,남광토건,팬스타엔터프라이즈,SK,동양고속,HD한국조선해양,,,제주항공,동양고속,화승알앤에이,전방,바른손,세우글로벌,백산,한국콜마,,,,,,평화산업,,위니아에이드,,모다이노칩,토박스코리아,우리산업홀딩스,,바이오인프라,한미약품,휴메딕스,대원제약,동화약품,지노믹트리
우리이앤엘,,,,,원익피앤이,,디지캡,,아이티아이즈,,마음AI,포스코DX,,,,금호전기,,에코프로비엠,,,핌스,,,,에스티큐브,엘디티,아이티엠반도체,써니전자,,,,,,,,,,,,,,,,,자이언트스텝,카카오,,펄어비스,,,,남양유업,동원수산,,,오에스피,,,,,DB금융투자,,메리츠금융지주,교보증권,,,,,,,,상상인,오공,태경산업,대정화금,인바이오,황금에스티,대호에이엘,삼륭물산,,대창,와이엠티,,KG ETS,,원림,,고려시멘트,조광페인트,HDC현대산업개발,,알에스오토메이션,국보디자인,보성파워텍,,협진,,범한퓨얼셀,퍼시스,제이오,한진,나이스디앤비,현대글로비스,,,HD현대인프라코어,나이스디앤비,원익,HDC현대EP,윌비스,유니온머티리얼,성안,씨앤씨인터내셔널,,,,,,아난티,,HL홀딩스,,신세계,LS네트웍스,대구백화점,,뷰웍스,알피바이오,씨티씨바이오,박셀바이오,동아에스티,제놀루션
엔투텍,,,,,파이오링크,,아이크래프트,,APS,,DB,,,,,팅크웨어,,에이치앤비디자인,,,힘스,,,,덕우전자,드림텍,빛샘전자,대덕전자,,,,,,,,,,,,,,,,,썸에이지,iMBC,,액토즈소프트,,,,오에스피,이지홀딩스,,,체리부로,,,,,미래에셋증권,,우리벤처파트너스,삼성증권,,,,,,,,한국금융지주,에코프로,오공,태경산업,원일특강,송원산업,한국내화,신대양제지,,동남합성,한국내화,,동양철관,,동국홀딩스,,부스타,삼영엠텍,KCC건설,,SK렌터카,인화정공,동방선기,,DL건설,,나이스디앤비,케이에스피,강남제비스코,제이오,유진로봇,한화에어로스페이스,,,고려시멘트,유진로봇,태원물산,경동나비엔,YW,신영와코루,모다이노칩,현대바이오랜드,,,,,,BGF에코머티리얼즈,,비상교육,,웅진씽크빅,경방,이마트,,알리코제약,아이센스,뷰웍스,셀리드,JW생명과학,고바이오랩
코미코,,,,,광전자,,헥토파이낸셜,,카카오페이,,이글루,,,,,에이에프더블류,,필옵틱스,,,미래나노텍,,,,홈캐스트,서원인텍,우주일렉트로,코위버,,,,,,,,,,,,,,,,,오리콤,LG헬로비전,,한빛소프트,,,,동원수산,케이씨피드,,,동원수산,,,,,상상인,,현대차증권,린드먼아시아,,,,,,,,우리종금,켐트로스,에코프로,오공,금비,동일산업,SUN&L,한창제지,,아셈스,태경산업,,포스코엠텍,,한솔케미칼,,서호전기,동원개발,테라사이언스,,한국공항,다스코,윈하이텍,,보성파워텍,,인화정공,KTcs,동양고속,HDC현대산업개발,웰크론한텍,에스엠코어,,,TPC,웰크론한텍,부산주공,에스제이그룹,까스텔바작,디케이앤디,크리스에프앤씨,한국화장품제조,,,,,,호텔신라,,아이윈,,한세예스24홀딩스,하나투어,신세계,,클래시스,프리시젼바이오,코아스템켐온,파마리서치,휴메딕스,케이바이오
파인텍,,,,,SGA솔루션즈,,딥노이드,,미래아이앤지,,포시에스,,,,,필에너지,,더블유씨피,,,제이스텍,,,,해성옵틱스,파인엠텍,제이앤티씨,삼지전자,,,,,,,,,,,,,,,,,SBS,에스엠,,데브시스터즈,,,,이지홀딩스,사조산업,,,동원산업,,,,,한국금융지주,,동양생명,부국증권,,,,,,,,신한지주,동남합성,켐트로스,경농,효성첨단소재,와이엠티,고려제강,아세아제지,,태경비케이,CS홀딩스,,동일제강,,케이피티유,,TPC,덕신하우징,아이에스동서,,조광페인트,유진로봇,한미글로벌,,동방선기,,유진로봇,삼목에스폼,나이스디앤비,동양고속,태웅로직스,동방,,,남화토건,태웅로직스,한독크린텍,대동금속,경동나비엔,한국화장품제조,한세예스24홀딩스,잇츠한불,,,,,,,,디지털대성,,그래디언트,롯데쇼핑,파세코,,세운메디칼,플라즈맵,차백신연구소,에이프로젠,비피도,박셀바이오
씨아이에스,,,,,케이씨에스,,갤럭시아머니트리,,NICE,,바이브컴퍼니,,,,,원준,,브이원텍,,,디아이티,,,,트루엔,KH바텍,,케일럼,,,,,,,,,,,,,,,,,콘텐트리중앙,아이오케이,,티쓰리,,,,케이씨피드,동서,,,케이씨피드,,,,,TS인베스트먼트,,에이플러스에셋,큐캐피탈,,,,,,,,삼성증권,태광산업,동남합성,에코프로,삼아알미늄,이화산업,태경산업,무림P&P,,동국알앤에스,엠투엔,,세아특수강,,한창제지,,뉴보텍,HDC현대산업개발,HD현대건설기계,,우림피티에스,한화시스템,쏘카,,윈하이텍,,웰크론한텍,한국공항,유진로봇,나이스디앤비,선광,태웅로직스,,,태영건설,선광,세동,쿠쿠홀딩스,아이윈,DH오토웨어,브랜드엑스코퍼레이션,내츄럴엔도텍,,,,,,,,커넥트웨이브,,휠라홀딩스,진도,한세예스24홀딩스,,지노믹트리,대봉엘에스,케이바이오,영진약품,테라젠이텍스,셀리드
티씨케이,,,,,가온그룹,,모니터랩,,에이텍모빌리티,,비트나인,,,,,삼진,,신흥에스이씨,,,AP시스템,,,,코아시아씨엠,솔루스첨단소재,,아모그린텍,,,,,,,,,,,,,,,,,포바이포,초록뱀컴퍼니,,위메이드플레이,,,,사조산업,농심,,,우성,,,,,SBI인베스트먼트,,현대해상,KB금융,,,,,,,,상상인증권,경인양행,태광산업,켐트로스,황금에스티,대정화금,세아메카닉스,무림SP,,삼보산업,포스코스틸리온,,엠투엔,,아세아제지,,남화토건,제이오,웰크론한텍,,팬스타엔터프라이즈,노루페인트,씨에스베어링,,에코프로에이치엔,,태웅로직스,SK,웰크론한텍,아이에스동서,티웨이홀딩스,선광,,,화천기공,티웨이홀딩스,금호에이치티,신원,PN풍년,오로라,GH신소재,현대퓨처넷,,,,,,,,이마트,,예스24,광주신세계,그래디언트,,제놀루션,에이프로젠바이오로직스,라이프시맨틱스,휴온스글로벌,JW중외제약,압타바이오
피에스케이,,,,,트윔,,휴림네트웍스,,한국정보통신,,원티드랩,,,,,아비코전자,,탑머티리얼,,,LG디스플레이,,,,제이앤티씨,유티아이,,기산텔레콤,,,,,,,,,,,,,,,,,아시아경제,에프엔씨엔터,,미투온,,,,동서,신라에스지,,,사조산업,,,,,우리종금,,우리금융지주,DB손해보험,,,,,,,,한국토지신탁,무림P&P,경인양행,동남합성,송원산업,태경산업,대륙제관,한국팩키지,,풍산홀딩스,대창,,SHD,,한국특강,,태영건설,이건산업,세보엠이씨,,에이비프로바이오,대원전선,에이테크솔루션,,한미글로벌,,선광,한진,태웅로직스,HD현대건설기계,쎄트렉아이,티웨이홀딩스,,,STX엔진,쎄트렉아이,KR모터스,와이엠,쿠쿠홀딩스,화승알앤에이,두올,원익,,,,,,,,아이톡시,,태평양물산,평화산업,HL만도,,녹십자엠에스,루트로닉,셀리드,SK바이오사이언스,일성신약,CJ 바이오사이언스
서플러스글로벌,,,,,리노스,,율호,,에이치앤비디자인,,에스에스알,,,,,나인테크,,LG에너지솔루션,,,베셀,,,,,세코닉스,,화인써키트,,,,,,,,,,,,,,,,,SBS콘텐츠허브,씨씨에스,,엔씨소프트,,,,농심,선진,,,이지홀딩스,,,,,신한지주,,DGB금융지주,한화투자증권,,,,,,,,유안타증권,SH에너지화학,무림P&P,태광산업,동일산업,오공,국일신동,삼영,,대동스틸,에코프로,,포스코스틸리온,,인바이오,,대림통상,국보디자인,범양건영,,범한퓨얼셀,와이지-원,성광벤드,,NICE평가정보,,티웨이홀딩스,제이오,선광,유진로봇,삼성엔지니어링,천일고속,,,웰크론,삼성엔지니어링,대유에이텍,한주라이트메탈,와이엠,씨티케이,씨앤투스,씨티케이,,,,,,,,강원랜드,,세우글로벌,아난티,SG글로벌,,케이바이오,제노레이,파마리서치,한올바이오파마,씨티씨바이오,신라젠
테스,,,,,모니터랩,,마음AI,,엑스큐어,,인성정보,,,,,천보,,,,,아바코,,,,,노바텍,,유아이엘,,,,,,,,,,,,,,,,,엔비티,제일기획,,컴투스,,,,신라에스지,해태제과식품,,,동우팜투테이블,,,,,코리아에셋투자증권,,리더스 기술투자,SK증권,,,,,,,,부국증권,엔피케이,SH에너지화학,경인양행,서원,한솔제지,TCC스틸,,,케이피티유,동남합성,,경남스틸,,원일특강,,화천기계,KCC건설,한일홀딩스,,다스코,도화엔지니어링,LS,,성광벤드,,쎄트렉아이,동양고속,티웨이홀딩스,웰크론한텍,한화시스템,쏘카,,,엔케이,한화시스템,서연탑메탈,네오팜,라파스,롯데쇼핑,휠라홀딩스,제이준코스메틱,,,,,,,,모다이노칩,,코웰패션,이원컴포텍,경창산업,,대웅제약,광동제약,압타바이오,큐라클,조아제약,SK바이오사이언스
라온테크,,,,,삼진,,포시에스,,코닉오토메이션,,데이타솔루션,,,,,에스씨디,,,,,영우디에스피,,,,,기가레인,,중앙디앤엠,,,,,,,,,,,,,,,,,와이지엔터테인먼트,스튜디오드래곤,,SAMG엔터,,,,선진,엠에스씨,,,동서,,,,,한화생명,,DB금융투자,,,,,,,,,SV인베스트먼트,후성,엔피케이,무림P&P,이화산업,에코프로,엠투엔,,,동국S&C,무림P&P,,NI스틸,,스타플렉스,,웰크론,다스코,신원종합개발,,테라사이언스,비츠로테크,KT서브마린,,LX홀딩스,,삼성엔지니어링,나이스디앤비,효성,태웅로직스,한일홀딩스,효성,,,대양전기공업,한일홀딩스,풍강,우리산업홀딩스,네오팜,아난티,효성티앤씨,아우딘퓨쳐스,,,,,,,,웅진씽크빅,,한세엠케이,한독크린텍,화신,,라이프시맨틱스,콜마비앤에이치,CJ 바이오사이언스,에이비온,바이오인프라,한올바이오파마
기가레인,,,,,포시에스,,알티캐스트,,동아엘텍,,플래티어,,,,,파워넷,,,,,에프엔에스테크,,,,,와이솔,,아이티엠반도체,,,,,,,,,,,,,,,,,YTN,와이지엔터테인먼트,,대원미디어,,,,해태제과식품,삼양사,,,농심,,,,,스톤브릿지벤처스,,미래에셋증권,,,,,,,,,한화투자증권,케이디켐,후성,SH에너지화학,하이스틸,켐트로스,이구산업,,,남선알미늄,쎄노텍,,쎄니트,,그린케미칼,,파라텍,아이에스동서,희림,,대성하이텍,자이에스앤디,삼부토건,,삼부토건,,한화시스템,다스코,쎄트렉아이,선광,희림,유진기업,,,남광토건,희림,유라테크,이마트,이마트,실리콘투,아가방컴퍼니,실리콘투,,,,,,,,정상제이엘에스,,이퓨쳐,현대백화점,세우글로벌,,대원제약,일양약품,신라젠,알테오젠,알리코제약,제일약품
유진테크,,,,,유비쿼스,,바이브컴퍼니,,모코엠시스,,오브젠,,,,,뉴인텍,,,,,필옵틱스,,,,,세경하이테크,,우주일렉트로,,,,,,,,,,,,,,,,,,티와이홀딩스,,모비릭스,,,,엠에스씨,팜스토리,,,신라에스지,,,,,케이프,,롯데손해보험,,,,,,,,,SK증권,미원에스씨,케이디켐,엔피케이,태경산업,동남합성,대창,,,쎄노텍,SH에너지화학,,광진실업,,풍산,,엔케이,웰크론한텍,대원전선,,HD현대건설기계,KSS해운,HD현대중공업,,HD현대중공업,,한일홀딩스,아이에스동서,삼성엔지니어링,삼표시멘트,도화엔지니어링,쎄트렉아이,,,대동,도화엔지니어링,오토앤,신세계,모다이노칩,방림,태평양물산,올리패스,,,,,,,,브랜드엑스코퍼레이션,,현대홈쇼핑,아이비김영,신영와코루,,파마리서치,씨엔알리서치,앱클론,강스템바이오텍,코아스템켐온,큐라클
코맥스,,,,,아이티아이즈,,아이티아이즈,,씨아이테크,,핀텔,,,,,파인디지털,,,,,피엔에이치테크,,,,,제이앤티씨,,대한광통신,,,,,,,,,,,,,,,,,,KNN,,에이스토리,,,,삼양사,진로발효,,,선진,,,,,린드먼아시아,,다우데이타,,,,,,,,,,코스모신소재,미원에스씨,후성,CS홀딩스,태광산업,동남합성,,,제일연마,엔터파트너즈,,신스틸,,백광산업,,대양전기공업,일신석재,두산에너빌리티,,에스비비테크,한국기업평가,한국종합기술,,한국종합기술,,신원종합개발,에스비비테크,한화시스템,티웨이홀딩스,KSS해운,진에어,,,KTcs,KSS해운,삼원강재,파세코,ES큐브,코스메카코리아,한세엠케이,아모레퍼시픽,,,,,,,,아이패밀리에스씨,,휴비스,손오공,인디에프,,앱클론,동화약품,국전약품,유바이오로직스,HLB테라퓨틱스,에이비온
오픈엣지테크놀로지,,,,,이노인스트루먼트,,스코넥,,웨이버스,,토마토시스템,,,,,LG전자,,,,,동아엘텍,,,,,와이제이엠게임즈,,이엠텍,,,,,,,,,,,,,,,,,,삼화네트웍스,,,,,,팜스토리,SPC삼립,,,해태제과식품,,,,,한국토지신탁,,상상인,,,,,,,,,,SKC,코스모신소재,케이디켐,한솔제지,경인양행,태경비케이,,,나노씨엠에스,케이디켐,,한국선재,,금비,,알에스오토메이션,효성,프리엠스,,서산,아스플로,로보티즈,,제주항공,,희림,유진로봇,한일홀딩스,효성,한국기업평가,한화오션,,,한국공항,한국기업평가,알톤스포츠,한세예스24홀딩스,파세코,호텔신라,코웰패션,코스나인,,,,,,,,씨앤투스,,신세계인터내셔날,삼천리자전거,화승알앤에이,,피엔케이피부임상연구센타,동아에스티,피엔케이피부임상연구센타,지니너스,환인제약,알테오젠
엠케이전자,,,,,코맥스,,와이더플래닛,,한컴위드,,엠젠솔루션,,,,,우리엔터프라이즈,,,,,디이엔티,,,,,알로이스,,옵티코어,,,,,,,,,,,,,,,,,,NHN벅스,,,,,,진로발효,대한제당,,,마니커,,,,,CNH,,한국금융지주,,,,,,,,,,WISCOM,SKC,미원에스씨,엠투엔,무림P&P,태림포장,,,한국팩키지,파버나인,,부국철강,,효성첨단소재,,남광토건,삼성엔지니어링,도화엔지니어링,,삼표시멘트,유신,기신정기,,로보티즈,,도화엔지니어링,웰크론한텍,희림,쎄트렉아이,롯데렌탈,수성샐바시온,,,SK,롯데렌탈,모토닉,HL만도,덕성,세동,코데즈컴바인,코스메카코리아,,,,,,,,예스24,,젬백스링크,형지I&C,태원물산,,바텍,얼라인드,제일약품,이노테라피,세운메디칼,노바렉스
제우스,,,,,플랜티넷,,현대오토에버,,로지시스,,브리지텍,,,,,신흥에스이씨,,,,,LX세미콘,,,,,엔텔스,,파트론,,,,,,,,,,,,,,,,,,자이언트스텝,,,,,,빙그레,농심홀딩스,,,엠에스씨,,,,,부국증권,,푸른저축은행,,,,,,,,,,코오롱인더,WISCOM,코스모신소재,대창,SH에너지화학,펌텍코리아,,,대호특수강,알루코,,세아홀딩스,,삼아알미늄,,퍼시스,에이스침대,자이에스앤디,,삼익THK,롯데렌탈,동아지질,,기신정기,,상지카일룸,태웅로직스,한국카본,삼성엔지니어링,유신,범양건영,,,SK렌터카,유신,일진하이솔루스,SG글로벌,브랜드엑스코퍼레이션,금호에이치티,신영와코루,현대바이오,,,,,,,,코웨이,,토박스코리아,메가스터디교육,롯데쇼핑,,레이,휴메딕스,큐라클,보로노이,아미노로직스,강스템바이오텍
HPSP,,,,,피피아이,,원티드랩,,웹케시,,현대에이치티,,,,,LG에너지솔루션,,,,,DMS,,,,,나무가,,에스텍,,,,,,,,,,,,,,,,,,스튜디오산타클로스,,,,,,SPC삼립,샘표,,,삼양사,,,,,엠벤처투자,,우리종금,,,,,,,,,,AK홀딩스,코오롱인더,SKC,켐트로스,엔피케이,동국알앤에스,,,풍산,승일,,동국홀딩스,,황금에스티,,양지사,대한전선,상지카일룸,,효성,광명전기,HD현대인프라코어,,HD현대인프라코어,,KSS해운,선광,도화엔지니어링,한화시스템,LG,한솔로지스틱스,,,조광페인트,LG,대원강업,경창산업,아이패밀리에스씨,청담글로벌,메디앙스,청담글로벌,,,,,,,,크레버스,,경방,,광주신세계,,이노테라피,비피도,알테오젠,아스타,보령,엔케이맥스
제이티,,,,,브리지텍,,에이치앤비디자인,,알체라,,라온피플,,,,,TJ미디어,,,,,프로이천,,,,,와이팜,,모아데이타,,,,,,,,,,,,,,,,,,SBS,,,,,,대한제당,크라운해태홀딩스,,,팜스토리,,,,,큐캐피탈,,SK증권,,,,,,,,,,무림페이퍼,AK홀딩스,WISCOM,동남합성,후성,삼보산업,,,KG스틸,티플랙스,,동국알앤에스,,송원산업,,대동,범양건영,한신공영,,쎄트렉아이,이화공영,부스타,,고려시멘트,,한국기업평가,티웨이홀딩스,코아스,노루페인트,베노티앤알,제주항공,,,삼영엠텍,베노티앤알,KB오토시스,화신,휠라홀딩스,대우부품,디케이앤디,,,,,,,,,남화산업,,BGF리테일,,부산주공,,아스타,테라젠이텍스,레이,서린바이오,제놀루션,유바이오로직스
제이엠티,,,,,현대에이치티,,산돌,,,,엠로,,,,,,,,,,나래나노텍,,,,,텔레필드,,이랜시스,,,,,,,,,,,,,,,,,,콘텐트리중앙,,,,,,농심홀딩스,케이엠제약,,,진로발효,,,,,우리기술투자,,한화손해보험,,,,,,,,,,한국알콜,무림페이퍼,코오롱인더,쎄니트,케이디켐,풍산홀딩스,,,케이디켐,AK홀딩스,,유에스티,,동양에스텍,,케이에스피,노루페인트,비엠티,,대한전선,HDC,대동기어,,부스타,,한신공영,쎄트렉아이,상지카일룸,한일홀딩스,팬오션,인터지스,,,한진,팬오션,엠에스오토텍,세우글로벌,아가방컴퍼니,풍강,현대홈쇼핑,,,,,,,,,코웰패션,,롯데쇼핑,,방림,,유한양행,JW중외제약,강스템바이오텍,압타머사이언스,고바이오랩,지니너스
KX하이텍,,,,,한컴위드,,브레인즈컴퍼니,,,,씨이랩,,,,,,,,,,한국컴퓨터,,,,,아이즈비전,,상신전자,,,,,,,,,,,,,,,,,,포바이포,,,,,,모나리자,샘표식품,,,빙그레,,,,,SV인베스트먼트,,신한지주,,,,,,,,,,롯데케미칼,한국알콜,AK홀딩스,엔피케이,미원에스씨,대동스틸,,,백광산업,세아베스틸지주,,대동스틸,,서원,,삼목에스폼,한일홀딩스,롯데렌탈,,세보엠이씨,세방,TPC,,서호전기,,롯데렌탈,삼성엔지니어링,KSS해운,희림,동양,현대무벡스,,,아시아나항공,동양,평화홀딩스,유니온머티리얼,코웨이,유라테크,휴비스,,,,,,,,,성우하이텍,,광주신세계,,한독크린텍,,제이브이엠,일성신약,지니너스,팜스빌,녹십자엠에스,보로노이
옴니시스템,,,,,엠로,,플래티어,,,,비투엔,,,,,,,,,,엘엠에스,,,,,대주전자재료,,삼영에스앤씨,,,,,,,,,,,,,,,,,,SM Life Design,,,,,,샘표,우양,,,SPC삼립,,,,,한화투자증권,,코리아에셋투자증권,,,,,,,,,,효성화학,롯데케미칼,무림페이퍼,미원에스씨,코스모신소재,신대양제지,,,,무림페이퍼,,동국S&C,,와이엠티,,조광페인트,신원종합개발,유신,,범양건영,삼일,남화토건,,대동기어,,유신,세보엠이씨,한국기업평가,HD현대일렉트릭,드림시큐리티,와이엔텍,,,HDC현대산업개발,드림시큐리티,SNT모티브,신영와코루,태평양물산,삼성출판사,인디에프,,,,,,,,,이퓨쳐,,방림,,신성통상,,서린바이오,디알젬,이노테라피,헬릭스미스,대웅제약,서린바이오
디아이,,,,,텔코웨어,,투비소프트,,,,유엔젤,,,,,,,,,,예선테크,,,,,이미지스,,파이버프로,,,,,,,,,,,,,,,,,,탑코미디어,,,,,,크라운해태홀딩스,신송홀딩스,,,대한제당,,,,,SK증권,,한화생명,,,,,,,,,,한일화학,효성화학,한국알콜,DSR제강,SKC,삼륭물산,,,,삼화왕관,,디씨엠,,대양금속,,삼영엠텍,희림,대원,,한화시스템,대창단조,태영건설,,TPC,,LG,한화시스템,롯데렌탈,도화엔지니어링,유수홀딩스,한국카본,,,아스트,유수홀딩스,캐스텍코리아,디케이앤디,에스맥,오토앤,대현,,,,,,,,,코데즈컴바인,,현대백화점,,호텔신라,,진매트릭스,이글벳,보로노이,종근당홀딩스,테고사이언스,진매트릭스
이라이콤,,,,,유엔젤,,토마토시스템,,,,,,,,,,,,,,,,,,,알에프텍,,제이씨현시스템,,,,,,,,,,,,,,,,,,쇼박스,,,,,,현대코퍼레이션홀딩스,한국맥널티,,,농심홀딩스,,,,,,,스톤브릿지벤처스,,,,,,,,,,미원상사,한일화학,롯데케미칼,코스모신소재,만호제강,케이피티유,,,,TCC스틸,,한국특강,,현대제철,,우림피티에스,두산에너빌리티,대우건설,,노루페인트,SG,STX엔진,,남화토건,,대원,한일홀딩스,유신,KSS해운,GS건설,웰바이오텍,,,레인보우로보틱스,GS건설,HL홀딩스,한국화장품제조,피코그램,삼원강재,신세계인터내셔날,,,,,,,,,아이스크림에듀,,아이비김영,,세동,,엘앤케이바이오,씨티씨바이오,아스타,일동홀딩스,대원제약,엘앤케이바이오
저스템,,,,,우리넷,,웨이버스,,,,,,,,,,,,,,,,,,,신라섬유,,코콤,,,,,,,,,,,,,,,,,,SBS콘텐츠허브,,,,,,DSEN,크라운제과,,,샘표,,,,,,,케이프,,,,,,,,,,원익머트리얼즈,미원상사,효성화학,알루코,WISCOM,동국S&C,,,,이구산업,,세아제강,,대영포장,,팬스타엔터프라이즈,도화엔지니어링,케이피에프,,한일홀딩스,롯데지주,화천기공,,태영건설,,베노티앤알,희림,LG,한국기업평가,세방,한익스프레스,,,이건산업,세방,YW,DH오토웨어,메디앙스,알톤스포츠,젬백스링크,,,,,,,,,크린앤사이언스,,호텔신라,,아이스크림에듀,,이오플로우,조아제약,진매트릭스,신테카바이오,에이프로젠,압타머사이언스
티에프이,,,,,솔트룩스,,한컴위드,,,,,,,,,,,,,,,,,,,에치에프알,,드림텍,,,,,,,,,,,,,,,,,,컴투스,,,,,,샘표식품,에이치피오,,,크라운해태홀딩스,,,,,,,삼성증권,,,,,,,,,,일진다이아,원익머트리얼즈,한일화학,승일,코오롱인더,아세아제지,,,,경남스틸,,대호특수강,,하이스틸,,동원개발,메디콕스,베노티앤알,,한국정밀기계,현대로템,화천기계,,대림통상,,팬오션,도화엔지니어링,베노티앤알,유신,동부건설,부산산업,,,SIMPAC,동부건설,폴라리스세원,인디에프,위니아,토니모리,토박스코리아,,,,,,,,,코드네이처,,형지I&C,,금호에이치티,,더블유에스아이,뷰웍스,팜스빌,동구바이오제약,삼아제약,헬릭스미스
제너셈,,,,,엔텔스,,폴라리스오피스,,,,,,,,,,,,,,,,,,,머큐리,,서원인텍,,,,,,,,,,,,,,,,,,SAMG엔터,,,,,,보해양조,대주산업,,,현대코퍼레이션홀딩스,,,,,,,상상인증권,,,,,,,,,,진양홀딩스,아셈스,미원상사,만호제강,AK홀딩스,남선알미늄,,,,태경비케이,,동일철강,,대림제지,,덕신하우징,켄코아에어로스페이스,이화공영,,제일전기공업,한화오션,웰크론,,화천기공,,누리플랜,상지카일룸,팬오션,롯데렌탈,STX,와이지-원,,,동양고속,STX,씨티알모빌리티,화승알앤에이,신일전자,코리아나,LS네트웍스,,,,,,,,,내츄럴엔도텍,,윙스풋,,대유에이텍,,인터로조,알리코제약,헬릭스미스,루닛,파마리서치,지아이이노베이션
엘오티베큠,,,,,나무기술,,웹케시,,,,,,,,,,,,,,,,,,,아이크래프트,,광전자,,,,,,,,,,,,,,,,,,대원미디어,,,,,,우양,스피어파워,,,DSEN,,,,,,,이베스트투자증권,,,,,,,,,,원익큐브,일진다이아,원익머트리얼즈,WISCOM,세아베스틸지주,쎄노텍,,,,경동인베스트,,대창스틸,,대정화금,,HDC현대산업개발,자이에스앤디,동양,,HD현대일렉트릭,사람인,파라텍,,화천기계,,동양,KSS해운,동양,LG,STX중공업,금호건설,,,강남제비스코,삼호개발,구영테크,원익,인팩,대원강업,대한방직,,,,,,,,,서연,,,,서연탑메탈,,덴티스,코아스템켐온,이오플로우,HLB바이오스텝,영진약품,더블유에스아이
테크윙,,,,,카페24,,씨이랩,,,,,,,,,,,,,,,,,,,고영,,파인엠텍,,,,,,,,,,,,,,,,,,초록뱀이앤엠,,,,,,신송홀딩스,CJ씨푸드,,,샘표식품,,,,,,,유안타증권,,,,,,,,,,OCI홀딩스,진양홀딩스,태경비케이,티플랙스,무림페이퍼,제일연마,,,,한국선재,,원일특강,,한국내화,,아스트,상지카일룸,HDC,,대원전선,세진중공업,대양전기공업,,웰크론,,드림시큐리티,한국기업평가,드림시큐리티,베노티앤알,디와이,켄코아에어로스페이스,,,국보디자인,STX중공업,커넥트웨이브,씨티케이,DH오토웨어,KB오토시스,경방,,,,,,,,,젬백스링크,,,,GS리테일,,덴티움,클래시스,일동홀딩스,바이오톡스텍,신라젠,아시아종묘
오킨스전자,,,,,인포바인,,TJ미디어,,,,,,,,,,,,,,,,,,,휴림네트웍스,,팸텍,,,,,,,,,,,,,,,,,,YTN,,,,,,한국맥널티,한일사료,,,우양,,,,,,,CNH,,,,,,,,,,삼영,원익큐브,일진다이아,코오롱인더,한국알콜,나노씨엠에스,,,,동국알앤에스,,KG스틸,,오공,,넥스턴바이오,제일테크노스,GS건설,,두산에너빌리티,일승,GS글로벌,,엔케이,,유수홀딩스,유신,유수홀딩스,팬오션,한화오션,GS글로벌,,,인화정공,우원개발,한일단조,태원물산,오텍,자이글,케이엠,,,,,,,,,노랑풍선,,,,대우부품,,노을,차백신연구소,지아이이노베이션,코오롱생명과학,휴온스글로벌,바이오에프디엔씨
오션브릿지,,,,,핸디소프트,,윈스,,,,,,,,,,,,,,,,,,,엔피디,,펨트론,,,,,,,,,,,,,,,,,,초록뱀미디어,,,,,,크라운제과,보락,,,신송홀딩스,,,,,,,부국증권,,,,,,,,,,국도화학,OCI홀딩스,진양홀딩스,AK홀딩스,롯데케미칼,한국팩키지,,,,삼보산업,,,,한솔제지,,제이오,한신공영,삼성물산,,프리엠스,에스원,금화피에스시,,대양전기공업,,GS건설,롯데렌탈,GS건설,동양,사람인,흥아해운,,,다스코,디와이,삼성공조,이상네트웍스,코드네이처,엠에스오토텍,엠에프엠코리아,,,,,,,,,LS네트웍스,,,,풍강,,동구바이오제약,환인제약,신테카바이오,휴젤,SK바이오사이언스,HLB바이오스텝
유니테스트,,,,,한국정보공학,,,,,,,,,,,,,,,,,,,,,에이스테크,,KH바텍,,,,,,,,,,,,,,,,,,에이스토리,,,,,,에이치피오,커머스마이너,,,한국맥널티,,,,,,,엠벤처투자,,,,,,,,,,태경케미컬,삼영,효성오앤비,효성화학,효성화학,대호특수강,,,,대동스틸,,,,경농,,레인보우로보틱스,아스플로,동부건설,,에스에프에이,비나텍,알에스오토메이션,,GS글로벌,,세방,LG,세방,드림시큐리티,에스원,에어부산,,,테라사이언스,한화오션,한국큐빅,아난티,하츠,SNT모티브,진도,,,,,,,,,하나투어,,,,유라테크,,더메디팜,세운메디칼,하나제약,마이크로디지탈,앱클론,바이오톡스텍
비아트론,,,,,SGA,,,,,,,,,,,,,,,,,,,,,케이엠더블유,,영풍,,,,,,,,,,,,,,,,,,,,,,,,대주산업,흥국에프엔비,,,매일유업,,,,,,,큐캐피탈,,,,,,,,,,금양,국도화학,원익큐브,문배철강,한일화학,풍산,,,,동국S&C,,,,엠투엔,,이건산업,유신,KD,,메디콕스,효성중공업,남광토건,,금화피에스시,,동부건설,대우건설,동부건설,HDC,현대무벡스,HMM,,,아이에스동서,사람인,모베이스전자,부산주공,원익,캐스텍코리아,롯데쇼핑,,,,,,,,,BGF리테일,,,,삼성출판사,,대웅,지노믹트리,인터로조,팬젠,국전약품,중앙백신
바이옵트로,,,,,아이크래프트,,,,,,,,,,,,,,,,,,,,,성우전자,,에스에이엠티,,,,,,,,,,,,,,,,,,,,,,,,CJ씨푸드,사조씨푸드,,,크라운제과,,,,,,,KB금융,,,,,,,,,,대한화섬,태경케미컬,OCI홀딩스,한일화학,미원상사,KG스틸,,,,나노씨엠에스,,,,포스코스틸리온,,강남제비스코,대원,홈센타홀딩스,,비츠로테크,DL이앤씨,퍼시스,,알에스오토메이션,,STX,HSD엔진,STX,포스코인터내셔널,와이엔텍,LX인터내셔널,,,에스와이,에스원,휠라홀딩스,방림,젬백스링크,위니아에이드,방림,,,,,,,,,이상네트웍스,,,,메타랩스,,신흥,아미노로직스,덴티스,시너지이노베이션,한올바이오파마,코오롱생명과학
포인트엔지니어링,,,,,디모아,,,,,,,,,,,,,,,,,,,,,상신이디피,,유티아이,,,,,,,,,,,,,,,,,,,,,,,,한일사료,사조대림,,,에이치피오,,,,,,,우리기술투자,,,,,,,,,,대한유화,금양,삼영,TCC스틸,원익머트리얼즈,케이디켐,,,,한솔홀딩스,,,,대창,,범한퓨얼셀,대우건설,SG,,상지카일룸,꿈비,양지사,,양지사,,국영지앤엠,베노티앤알,STX중공업,유수홀딩스,SCI평가정보,KSS해운,,,HD현대건설기계,현대무벡스,엔브이에이치코리아,한독크린텍,노랑풍선,HL홀딩스,호전실업,,,,,,,,,광주신세계,,,,오토앤,,HLB,보령,에스씨엠생명과학,지씨셀,녹십자홀딩스,녹십자웰빙
더코디,,,,,에스넷,,,,,,,,,,,,,,,,,,,,,웨이브일렉트로,,삼진엘앤디,,,,,,,,,,,,,,,,,,,,,,,,보락,,,,대주산업,,,,,,,SV인베스트먼트,,,,,,,,,,육일씨엔에쓰,대한화섬,국도화학,원익머트리얼즈,깨끗한나라,,,,,대한화섬,,,,켐트로스,,국보디자인,베노티앤알,삼호개발,,아스플로,동방,대동,,대동,,STX중공업,팬오션,디와이,GS건설,HMM,퍼시스,,,웰크론한텍,와이엔텍,효성티앤씨,코스메카코리아,제이준코스메틱,에이블씨엔씨,신성통상,,,,,,,,,실리콘투,,,,삼원강재,,인바디,제놀루션,비보존 제약,제일바이오,피엔케이피부임상연구센타,JW신약
필에너지,,,,,이노와이어리스,,,,,,,,,,,,,,,,,,,,,CS,,세코닉스,,,,,,,,,,,,,,,,,,,,,,,,커머스마이너,,,,CJ씨푸드,,,,,,,한화투자증권,,,,,,,,,,레몬,대한유화,태경케미컬,세아특수강,일진다이아,,,,,영흥,,,,동남합성,,KCC건설,우진아이엔에스,에넥스,,비엠티,흥국,케이에스피,,KTcs,,디와이,이화공영,한화오션,세방,삼영이엔씨,CJ,,,태웅로직스,SCI평가정보,삼기이브이,신성통상,LS네트웍스,YW,형지엘리트,,,,,,,,,아난티,,,,모토닉,,디오,녹십자엠에스,노을,바이넥스,제일약품,샤페론
티에스이,,,,,에이스테크,,,,,,,,,,,,,,,,,,,,,블루콤,,아이디피,,,,,,,,,,,,,,,,,,,,,,,,흥국에프엔비,,,,사조동아원,,,,,,,교보증권,,,,,,,,,,씨큐브,율촌화학,금양,이구산업,진양홀딩스,,,,,미원홀딩스,,,,쎄니트,,다스코,이화공영,AJ네트웍스,,유일로보틱스,이엔코퍼레이션,삼목에스폼,,삼목에스폼,,한화오션,누리플랜,사람인,동부건설,삼일씨엔에스,SK렌터카,,,선광,HMM,에스맥,세동,아모레퍼시픽,까스텔바작,형지I&C,,,,,,,,,손오공,,,,일진하이솔루스,,씨젠,대웅제약,바이오에프디엔씨,우진비앤지,알테오젠,오스코텍
라온텍,,,,,APS,,,,,,,,,,,,,,,,,,,,,한국컴퓨터,,노바텍,,,,,,,,,,,,,,,,,,,,,,,,사조씨푸드,,,,한일사료,,,,,,,,,,,,,,,,,나노캠텍,육일씨엔에쓰,대한화섬,깨끗한나라,원익큐브,,,,,레몬,,,,태광산업,,테라사이언스,동양,유진기업,,롯데렌탈,코윈테크,SK렌터카,,한국공항,,사람인,동양,에스원,STX,동방,한신공영,,,서산,삼영이엔씨,코웰패션,금호에이치티,코스나인,디딤이앤에프,LF,,,,,,,,,아이비김영,,,,큐렉소,,피플바이오,테고사이언스,동구바이오제약,쎌바이오텍,동국제약,에스바이오메딕스
에스티아이,,,,,한국정보통신,,,,,,,,,,,,,,,,,,,,,쏠리드,,서울전자통신,,,,,,,,,,,,,,,,,,,,,,,,사조대림,,,,보락,,,,,,,,,,,,,,,,,나노브릭,레몬,대한유화,아셈스,한솔홀딩스,,,,,아이티센,,,,신대양제지,,아이에스동서,HDC,우원개발,,광명전기,하이록코리아,한국공항,,SK,,에스원,드림시큐리티,현대무벡스,STX중공업,KTis,한국공항,,,삼표시멘트,동방,금호타이어,KR모터스,삼천리자전거,대원화성,공구우먼,,,,,,,,,대교,,,,대원강업,,마이크로디지탈,케이바이오,루닛,미코바이오메드,강스템바이오텍,휴젤
APS,,,,,지니언스,,,,,,,,,,,,,,,,,,,,,한솔테크닉스,,기가레인,,,,,,,,,,,,,,,,,,,,,,,,,,,,커머스마이너,,,,,,,,,,,,,,,,,코스모화학,씨큐브,육일씨엔에쓰,태경비케이,OCI홀딩스,,,,,한창산업,,,,삼륭물산,,에스와이,포스코인터내셔널,디와이,,대우건설,대창솔루션,CNT85,,SK렌터카,,현대무벡스,유수홀딩스,와이엔텍,디와이,이엔코퍼레이션,국보,,,티웨이홀딩스,KTis,우수AMS,대유에이텍,블리츠웨이,비비안,,,,,,,,,,NE능률,,,,모나미,,프로테옴텍,라이프시맨틱스,바이오톡스텍,에스디바이오센서,엔케이맥스,일동제약
피엠티,,,,,코닉오토메이션,,,,,,,,,,,,,,,,,,,,,아모센스,,유비쿼스,,,,,,,,,,,,,,,,,,,,,,,,,,,,흥국에프엔비,,,,,,,,,,,,,,,,,KG ETS,나노캠텍,레몬,일진다이아,삼영,,,,,고려제강,,,,경인양행,,에스비비테크,GS건설,한화오션,,케이피에프,HL D&I,삼영엠텍,,조광페인트,,와이엔텍,포스코인터내셔널,SCI평가정보,한화오션,에이트원,롯데렌탈,,,효성,이엔코퍼레이션,유니켐,서연탑메탈,영원무역,구영테크,,,,,,,,,,호텔신라,,,,자이글,,모비스,대원제약,샤페론,티움바이오,서흥,지엘팜텍
월덱스,,,,,영림원소프트랩,,,,,,,,,,,,,,,,,,,,,유비벨록스,,엔시스,,,,,,,,,,,,,,,,,,,,,,,,,,,,사조씨푸드,,,,,,,,,,,,,,,,,남해화학,대륙제관,성보화학,광진실업,국도화학,,,,,대륙제관,,,,무림P&P,,웰크론한텍,삼성물산,케이엔솔,,이화공영,대모,우림피티에스,,삼영엠텍,,SCI평가정보,유니온,HMM,사람인,SG&G,한진,,,모헨즈,에이트원,티피씨글로벌,대우부품,아이스크림에듀,엔에프씨,,,,,,,,,,골드앤에스,,,,KB오토시스,,시너지이노베이션,에이프로젠,인바디,제테마,엔지켐생명과학,셀바스AI
샘씨엔에스,,,,,링네트,,,,,,,,,,,,,,,,,,,,,재영솔루텍,,앤디포스,,,,,,,,,,,,,,,,,,,,,,,,,,,,사조대림,,,,,,,,,,,,,,,,,KCI,나노브릭,씨큐브,동국알앤에스,태경케미컬,,,,,국일신동,,,,쎄노텍,,서산,동부건설,디와이피엔에프,,HDC,대한해운,팬스타엔터프라이즈,,팬스타엔터프라이즈,,HMM,GS건설,삼영이엔씨,에스원,대한해운,토탈소프트,,,쎄트렉아이,SG&G,도이치모터스,풍강,청담글로벌,커넥트웨이브,,,,,,,,,,한국콜마홀딩스,,,,엠에스오토텍,,리메드,삼아제약,마크로젠,에이치엘사이언스,신풍제약,동성제약
한미반도체,,,,,소프트캠프,,,,,,,,,,,,,,,,,,,,,하이비젼시스템,,코맥스,,,,,,,,,,,,,,,,,,,,,,,,,,,,,,,,,,,,,,,,,,,,,나노,코스모화학,나노캠텍,진양홀딩스,금양,,,,,동양철관,,,,무림SP,,삼표시멘트,STX,와이엔텍,,한창,신진에스엠,한진,,우림피티에스,,동신건설,세방,꿈비,현대무벡스,뉴로메카,,,,에이스침대,세명전기,DN오토모티브,한국화장품,,삼성공조,,,,,,,,,,멀티캠퍼스,,,,평화홀딩스,,대한과학,파마리서치,셀바스AI,케어젠,하이텍팜,큐리언트
에이팩트,,,,,폴라리스오피스,,,,,,,,,,,,,,,,,,,,,컨버즈,,바이오스마트,,,,,,,,,,,,,,,,,,,,,,,,,,,,,,,,,,,,,,,,,,,,,동성화인텍,KG ETS,나노브릭,원익큐브,대한화섬,,,,,BGF,,,,엔피케이,,삼익THK,KD,부산산업,,현대지에프홀딩스,가온전선,동원개발,,제이오,,삼영이엔씨,동부건설,동방,와이엔텍,나이스정보통신,,,,대한전선,대한해운,에스엘,유라테크,,강원랜드,,,,,,,,,,,,,,SNT모티브,,EDGC,비트컴퓨터,프로테옴텍,바이오니아,유바이오로직스,제이엘케이
원익IPS,,,,,삼성에스디에스,,,,,,,,,,,,,,,,,,,,,한일진공,,에스유홀딩스,,,,,,,,,,,,,,,,,,,,,,,,,,,,,,,,,,,,,,,,,,,,,세하,남해화학,코스모화학,세아제강,대한유화,,,,,풍산홀딩스,,,,엔터파트너즈,,티웨이홀딩스,홈센타홀딩스,삼일기업공사,,동부건설,제이엠아이,에이비프로바이오,,HDC현대산업개발,,꿈비,STX,KTis,비나텍,아이마켓코리아,,,,범양건영,뉴로메카,평화산업,삼성출판사,,성안,,,,,,,,,,,,,,위니아에이드,,솔고바이오,압타바이오,애드바이오텍,코렌텍,보로노이,대한과학
피에스케이홀딩스,,,,,포스코DX,,,,,,,,,,,,,,,,,,,,,디에이피,,피피아이,,,,,,,,,,,,,,,,,,,,,,,,,,,,,,,,,,,,,,,,,,,,,디씨엠,KCI,KG ETS,한솔홀딩스,육일씨엔에쓰,,,,,남선알미늄,,,,파버나인,,일신석재,국영지앤엠,효성중공업,,대창단조,아이마켓코리아,제이오,,아스트,,동방,홈센타홀딩스,이엔코퍼레이션,SCI평가정보,모델솔루션,,,,노루페인트,나이스정보통신,모베이스,메타랩스,,한국큐빅,,,,,,,,,,,,,,캐스텍코리아,,젠큐릭스,영진약품,제이엘케이,진원생명과학,유한양행,제일바이오
젬백스,,,,,윈스,,,,,,,,,,,,,,,,,,,,,씨엔플러스,,덕우전자,,,,,,,,,,,,,,,,,,,,,,,,,,,,,,,,,,,,,,,,,,,,,KBG,나노,남해화학,POSCO홀딩스,레몬,,,,,제일연마,,,,케이디켐,,효성,STX중공업,동신건설,,SG,진성티이씨,HDC현대산업개발,,넥스턴바이오,,KTis,국영지앤엠,에이트원,아세아시멘트,이크레더블,,,,대원전선,아이마켓코리아,새로닉스,삼원강재,,아이패밀리에스씨,,,,,,,,,,,,,,HL홀딩스,,유유제약,CJ 바이오사이언스,팬젠,엘앤씨바이오,경동제약,EDGC
리노공업,,,,,쏠리드,,,,,,,,,,,,,,,,,,,,,바이오로그디바이스,,대덕,,,,,,,,,,,,,,,,,,,,,,,,,,,,,,,,,,,,,,,,,,,,,LG화학,동성화인텍,KCI,국도화학,성보화학,,,,,대호특수강,,,,미원에스씨,,모헨즈,롯데지주,DL이앤씨,,AJ네트웍스,HD한국조선해양,넥스턴바이오,,이건산업,,이엔코퍼레이션,SG,SG&G,HMM,에스엠코어,,,,웰바이오텍,모델솔루션,디아이씨,알톤스포츠,,씨앤투스,,,,,,,,,,,,,,에이블씨엔씨,,미코바이오메드,SK바이오사이언스,대한과학,애니젠,서울제약,우진비앤지
마이크로컨텍솔,,,,,수산아이앤티,,,,,,,,,,,,,,,,,,,,,옵트론텍,,해성옵틱스,,,,,,,,,,,,,,,,,,,,,,,,,,,,,,,,,,,,,,,,,,,,,동성케미컬,디씨엠,나노,태경케미컬,씨큐브,,,,,KG스틸,,,,DSR제강,,우진,유진기업,흥국,,우진플라임,성신양회,레인보우로보틱스,,레인보우로보틱스,,에이트원,삼호개발,대한해운,효성중공업,두산,,,,한익스프레스,이크레더블,대원산업,모토닉,,모베이스전자,,,,,,,,,,,,,,YW,,에스디바이오센서,앱클론,지씨셀,파멥신,압타머사이언스,젠큐릭스
원익QnC,,,,,재영솔루텍,,,,,,,,,,,,,,,,,,,,,슈프리마,,코리아써키트,,,,,,,,,,,,,,,,,,,,,,,,,,,,,,,,,,,,,,,,,,,,,KPX케미칼,KBG,동성화인텍,금양,나노캠텍,,,,,,,,,코스모신소재,,삼성엔지니어링,케이엔솔,혜인,,현대로템,에너토크,강남제비스코,,SIMPAC,,SG&G,STX중공업,뉴로메카,DL이앤씨,에쓰씨엔지니어링,,,,도화엔지니어링,에스엠코어,화신정공,일진하이솔루스,,휠라홀딩스,,,,,,,,,,,,,,까스텔바작,,한컴라이프케어,국전약품,비씨월드제약,이수앱지스,이오플로우,에스디바이오센서
에스앤에스텍,,,,,에스트래픽,,,,,,,,,,,,,,,,,,,,,캠시스,,카스,,,,,,,,,,,,,,,,,,,,,,,,,,,,,,,,,,,,,,,,,,,,,KPX홀딩스,LG화학,조비,영보화학,고려제강,,,,,,,,,알루코,,에이스침대,세진중공업,HL D&I,,일승,LIG넥스원,범한퓨얼셀,,동양고속,,대한해운,에넥스,나이스정보통신,삼영이엔씨,코엔텍,,,,비츠로테크,두산,디젠스,토니모리,,효성티앤씨,,,,,,,,,,,,,,폴라리스세원,,피제이전자,한올바이오파마,제일바이오,드림씨아이에스,종근당홀딩스,티움바이오
와이씨켐,,,,,컨버즈,,,,,,,,,,,,,,,,,,,,,디스플레이텍,,라이트론,,,,,,,,,,,,,,,,,,,,,,,,,,,,,,,,,,,,,,,,,,,,,,한국팩키지,디씨엠,휴스틸,나노브릭,,,,,,,,,승일,,대한전선,일승,두산밥캣,,티에스아이,보광산업,하이즈항공,,강남제비스코,,뉴로메카,우원개발,제이엠아이,동방,천일고속,,,,흥아해운,에쓰씨엔지니어링,CBI,코리아나,,삼기이브이,,,,,,,,,,,,,,씨티알모빌리티,,메디아나,녹십자홀딩스,EDGC,프레스티지바이오로직스,일동홀딩스,제테마
에스에이티이엔지,,,,,오파스넷,,,,,,,,,,,,,,,,,,,,,슈피겐코리아,,청호ICT,,,,,,,,,,,,,,,,,,,,,,,,,,,,,,,,,,,,,,,,,,,,,,동성케미컬,KBG,율촌화학,코스모화학,,,,,,,,,SKC,,범양건영,LX하우시스,일성건설,,퍼스텍,에쓰씨엔지니어링,KCC건설,,국보디자인,,나이스정보통신,디와이,아이마켓코리아,KTis,고려신용정보,,,,자이에스앤디,코엔텍,서연이화,대원강업,,에스맥,,,,,,,,,,,,,,비비안,,제테마,피엔케이피부임상연구센타,뷰노,셀트리온제약,현대약품,농우바이오
미래반도체,,,,,누리플렉스,,,,,,,,,,,,,,,,,,,,,비에이치,,하이소닉,,,,,,,,,,,,,,,,,,,,,,,,,,,,,,,,,,,,,,,,,,,,,,KPX케미칼,LG화학,씨큐브,KG ETS,,,,,,,,,WISCOM,,노루페인트,비나텍,대한해운,,효성중공업,프럼파스트,인화정공,,인화정공,,아이마켓코리아,한화오션,모델솔루션,이엔코퍼레이션,진에어,,,,상지카일룸,천일고속,한온시스템,KB오토시스,,금호타이어,,,,,,,,,,,,,,구영테크,,피씨엘,바텍,우진비앤지,셀레믹스,하나제약,세종메디칼
두산퓨얼셀,,,,,파인테크닉스,,,,,,,,,,,,,,,,,,,,,다보링크,,씨아이테크,,,,,,,,,,,,,,,,,,,,,,,,,,,,,,,,,,,,,,,,,,,,,,KPX홀딩스,동성케미컬,KISCO홀딩스,남해화학,,,,,,,,,티플랙스,,한일홀딩스,부산산업,코오롱글로벌,,다원시스,에어부산,테라사이언스,,하이즈항공,,모델솔루션,사람인,이크레더블,에이트원,한솔로지스틱스,,,,KSS해운,고려신용정보,체시스,자이글,,코웰패션,,,,,,,,,,,,,,커넥트웨이브,,티앤엘,레이,젠큐릭스,제넨바이오,녹십자,케어젠
엑시콘,,,,,네오리진,,,,,,,,,,,,,,,,,,,,,RF머트리얼즈,,시노펙스,,,,,,,,,,,,,,,,,,,,,,,,,,,,,,,,,,,,,,,,,,,,,,,KPX케미칼,고려제강,KCI,,,,,,,,,락앤락,,신원종합개발,자연과환경,HJ중공업,,동신건설,한화,대성하이텍,,테라사이언스,,이크레더블,일승,에스엠코어,대창솔루션,영풍정밀,,,,한국기업평가,진에어,SNT다이내믹스,엠에스오토텍,,이퓨쳐,,,,,,,,,,,,,,한일단조,,레이언스,동국제약,미코바이오메드,디엔에이링크,더블유에스아이,바이오니아
램테크놀러지,,,,,버넥트,,,,,,,,,,,,,,,,,,,,,LG디스플레이,,파워로직스,,,,,,,,,,,,,,,,,,,,,,,,,,,,,,,,,,,,,,,,,,,,,,,KPX홀딩스,대륙제관,나노,,,,,,,,,삼양패키징,,희림,태광,진성티이씨,,삼영이엔씨,토탈소프트,아이에스동서,,대성하이텍,,에스엠코어,에스원,두산,현대코퍼레이션,디와이파워,,,,한신공영,한솔로지스틱스,로보로보,평화홀딩스,,유니켐,,,,,,,,,,,,,,삼성공조,,세종메디칼,강스템바이오텍,아이큐어,인트론바이오,에스씨엠생명과학,에이치엘사이언스
주성엔지니어링,,,,,다보링크,,,,,,,,,,,,,,,,,,,,,엑스큐어,,파크시스템스,,,,,,,,,,,,,,,,,,,,,,,,,,,,,,,,,,,,,,,,,,,,,,,,코스모화학,한국주강,,,,,,,,,무림페이퍼,,HD현대일렉트릭,유니드비티플러스,보광산업,,동방,HDC랩스,HD현대건설기계,,아이에스동서,,두산,현대무벡스,한샘,SG&G,휴림로봇,,,,유신,영풍정밀,세종공업,원풍물산,,우수AMS,,,,,,,,,,,,,,크리스에프앤씨,,케어젠,서흥,제테마,퀀타매트릭스,비보존 제약,코렌텍
원준,,,,,소프트센,,,,,,,,,,,,,,,,,,,,,뉴프렉스,,아모텍,,,,,,,,,,,,,,,,,,,,,,,,,,,,,,,,,,,,,,,,,,,,,,,,동양철관,동성화인텍,,,,,,,,,연우,,대원전선,삼일기업공사,에쓰씨엔지니어링,,혜인,수산중공업,에스비비테크,,에스와이,,에쓰씨엔지니어링,와이엔텍,에쓰씨엔지니어링,대한해운,현대건설,,,,롯데렌탈,디와이파워,케이비아이동국실업,SNT모티브,,위니아,,,,,,,,,,,,,,한국큐빅,,바이오니아,신풍제약,피씨엘,바이젠셀,바이오에프디엔씨,코스맥스엔비티
타이거일렉,,,,,유비쿼스홀딩스,,,,,,,,,,,,,,,,,,,,,코아시아씨엠,,제이앤티씨,,,,,,,,,,,,,,,,,,,,,,,,,,,,,,,,,,,,,,,,,,,,,,,,남해화학,조비,,,,,,,,,와이오엠,,한국카본,벽산,프럼파스트,,HL D&I,리파인,다스코,,HD현대건설기계,,코엔텍,비나텍,코엔텍,뉴로메카,SGC이테크건설,,,,LG,휴림로봇,피에이치에이,캐스텍코리아,,메디앙스,,,,,,,,,,,,,,모베이스전자,,휴비츠,지니너스,제노포커스,바이오솔루션,동구바이오제약,메타바이오메드
베셀,,,,,한솔인티큐브,,,,,,,,,,,,,,,,,,,,,,,에스피지,,,,,,,,,,,,,,,,,,,,,,,,,,,,,,,,,,,,,,,,,,,,,,,,나노,풍산홀딩스,,,,,,,,,삼화왕관,,웰바이오텍,동신건설,화성산업,,티에스넥스젠,노루홀딩스,유진로봇,,유진로봇,,천일고속,디케이락,천일고속,나이스정보통신,CJ,,,,대원,현대건설,기아,위니아에이드,,씨앤씨인터내셔널,,,,,,,,,,,,,,휠라홀딩스,,코렌텍,하이텍팜,티앤엘,티앤알바이오팹,더메디팜,애니젠
로체시스템즈,,,,,율호,,,,,,,,,,,,,,,,,,,,,,,삼양옵틱스,,,,,,,,,,,,,,,,,,,,,,,,,,,,,,,,,,,,,,,,,,,,,,,,동성화인텍,디씨엠,,,,,,,,,한국알콜,,지누스,라이온켐텍,진흥기업,,대모,한라IMS,웰크론한텍,,웰크론한텍,,고려신용정보,부산산업,오하임아이엔티,아이마켓코리아,레드캡투어,,,,광명전기,SGC이테크건설,삼기,에이블씨엔씨,,세화피앤씨,,,,,,,,,,,,,,엔브이에이치코리아,,메타바이오메드,유바이오로직스,세종메디칼,파나진,그린생명과학,우정바이오
한솔아이원스,,,,,AP위성,,,,,,,,,,,,,,,,,,,,,,,옵티시스,,,,,,,,,,,,,,,,,,,,,,,,,,,,,,,,,,,,,,,,,,,,,,,,세하,KBG,,,,,,,,,제이스코홀딩스,,한익스프레스,코윈테크,금강공업,,두산밥캣,동방선기,삼표시멘트,,선광,,진에어,SCI평가정보,고려신용정보,모델솔루션,한일현대시멘트,,,,대우건설,CJ,KG모빌리티,까스텔바작,,휴비스,,,,,,,,,,,,,,삼기이브이,,멕아이씨에스,제이브이엠,케어젠,원바이오젠,명문제약,파멥신
영우디에스피,,,,,산돌,,,,,,,,,,,,,,,,,,,,,,,아이디스,,,,,,,,,,,,,,,,,,,,,,,,,,,,,,,,,,,,,,,,,,,,,,,,조비,LG화학,,,,,,,,,대한제강,,두산에너빌리티,한솔홈데코,SNT에너지,,일성건설,윈하이텍,삼익THK,,서산,,한솔로지스틱스,자연과환경,진에어,이크레더블,신세계건설,,,,팬오션,레드캡투어,롯데하이마트,폴라리스세원,,에스엘,,,,,,,,,,,,,,에스맥,,엘앤씨바이오,경동제약,에이치엘사이언스,비엘,HLB바이오스텝,이수앱지스
씨앤지하이테크,,,,,인텔리안테크,,,,,,,,,,,,,,,,,,,,,,,소니드,,,,,,,,,,,,,,,,,,,,,,,,,,,,,,,,,,,,,,,,,,,,,,,,디씨엠,동성케미컬,,,,,,,,,롯데케미칼,,와이지-원,대창솔루션,서한,,나이스정보통신,쏘카,효성,,삼표시멘트,,진흥기업,태광,한솔로지스틱스,에스엠코어,,,,,이화공영,한일현대시멘트,대유플러스,대원화성,,하츠,,,,,,,,,,,,,,코웰패션,,우정바이오,엘앤케이바이오,휴비츠,아이진,네이처셀,드림씨아이에스
해성디에스,,,,,인성정보,,,,,,,,,,,,,,,,,,,,,,,나무가,,,,,,,,,,,,,,,,,,,,,,,,,,,,,,,,,,,,,,,,,,,,,,,,LG화학,KPX케미칼,,,,,,,,,효성화학,,프리엠스,HL D&I,디와이파워,,HJ중공업,LS,모헨즈,,삼익THK,,영풍정밀,HMM,듀오백,제룡산업,,,,,HDC,금호건설,에코플라스틱,씨티알모빌리티,,대한방직,,,,,,,,,,,,,,메디앙스,,이수앱지스,진매트릭스,애니젠,DXVX,바이오톡스텍,JW홀딩스
DMS,,,,,쌍용정보통신,,,,,,,,,,,,,,,,,,,,,,,신도리코,,,,,,,,,,,,,,,,,,,,,,,,,,,,,,,,,,,,,,,,,,,,,,,,남선알미늄,KPX홀딩스,,,,,,,,,미원상사,,도화엔지니어링,오리엔탈정공,현대건설,,진성티이씨,HD현대중공업,쎄트렉아이,,티웨이홀딩스,,디와이파워,다원시스,영풍정밀,두산,,,,,유수홀딩스,신세계건설,티에이치엔,비비안,,케이엠,,,,,,,,,,,,,,우수AMS,,하이로닉,서울제약,파멥신,바이오노트,한미사이언스,종근당
기가비스,,,,,시티랩스,,,,,,,,,,,,,,,,,,,,,,,딜리,,,,,,,,,,,,,,,,,,,,,,,,,,,,,,,,,,,,,,,,,,,,,,,,대호특수강,,,,,,,,,,TCC스틸,,메디콕스,세명전기,SGC이테크건설,,HD한국조선해양,기신정기,우진,,일신석재,,휴림로봇,동신건설,디와이파워,에쓰씨엔지니어링,,,,,GS건설,,영화금속,구영테크,,모베이스,,,,,,,,,,,,,,위니아,,드림씨아이에스,팜스빌,수젠텍,일신바이오,중앙백신,인벤티지랩
뉴파워프라즈마,,,,,가비아,,,,,,,,,,,,,,,,,,,,,,,옴니시스템,,,,,,,,,,,,,,,,,,,,,,,,,,,,,,,,,,,,,,,,,,,,,,,,동일철강,,,,,,,,,,원익머트리얼즈,,흥아해운,일성건설,한일현대시멘트,,해성티피씨,태영건설,삼성엔지니어링,,효성,,현대건설,DL이앤씨,휴림로봇,코엔텍,,,,,한창,,덕성,엔에프씨,,올리패스,,,,,,,,,,,,,,유니켐,,원텍,현대약품,프레스티지바이오로직스,프롬바이오,코오롱생명과학,셀레믹스
티엘비,,,,,케이아이엔엑스,,,,,,,,,,,,,,,,,,,,,,,와이팜,,,,,,,,,,,,,,,,,,,,,,,,,,,,,,,,,,,,,,,,,,,,,,,,KPX케미칼,,,,,,,,,,이구산업,,코아스,코오롱글로벌,금호건설,,나라엠앤디,웰크론,세보엠이씨,,모헨즈,,SGC이테크건설,삼영이엔씨,현대건설,KC코트렐,,,,,대한항공,,모다이노칩,한일단조,,새로닉스,,,,,,,,,,,,,,휴비스,,수젠텍,신테카바이오,인벤티지랩,나이벡,녹십자웰빙,제넨바이오
코세스,,,,,다산네트웍스,,,,,,,,,,,,,,,,,,,,,,,포인트모바일,,,,,,,,,,,,,,,,,,,,,,,,,,,,,,,,,,,,,,,,,,,,,,,,KPX홀딩스,,,,,,,,,,깨끗한나라,,자이에스앤디,HJ중공업,한화,,에너토크,지엔씨에너지,범양건영,,쎄트렉아이,,CJ,동방,SGC이테크건설,천일고속,,,,,현대지에프홀딩스,,현대모비스,삼성공조,,화신정공,,,,,,,,,,,,,,티피씨글로벌,,씨유메디칼,녹십자,셀레믹스,삼성바이오로직스,JW신약,레고켐바이오
,,,,,,,,,,,,,,,,,,,,,,,,,,,,RFHIC,,,,,,,,,,,,,,,,,,,,,,,,,,,,,,,,,,,,,,,,,,,,,,,,,,,,,,,,,,NI스틸,,상지카일룸,아이마켓코리아,신세계건설,,제룡산업,대동,한화시스템,,에이스침대,,레드캡투어,KTis,CJ,고려신용정보,,,,,세방,,동원금속,성안,,CBI,,,,,,,,,,,,,,도이치모터스,,한국비엔씨,더블유에스아이,레고켐바이오,진바이오텍,샤페론,지놈앤컴퍼니
,,,,,,,,,,,,,,,,,,,,,,,,,,,,대주전자재료,,,,,,,,,,,,,,,,,,,,,,,,,,,,,,,,,,,,,,,,,,,,,,,,,,,,,,,,,,아셈스,,제일테크노스,제룡산업,,,보광산업,우림피티에스,노루페인트,,대한전선,,한일현대시멘트,이엔코퍼레이션,레드캡투어,진에어,,,,,동부건설,,모트렉스,크리스에프앤씨,,감성코퍼레이션,,,,,,,,,,,,,,하츠,,엠아이텍,인터로조,에이프릴바이오,동아쏘시오홀딩스,대웅,에이프릴바이오
,,,,,,,,,,,,,,,,,,,,,,,,,,,,오이솔루션,,,,,,,,,,,,,,,,,,,,,,,,,,,,,,,,,,,,,,,,,,,,,,,,,,,,,,,,,,태경비케이,,KSS해운,두산,,,우리기술,동원개발,한일홀딩스,,범양건영,,신세계건설,에이트원,한일현대시멘트,한솔로지스틱스,,,,,STX,,네오티스,한국큐빅,,SNT다이내믹스,,,,,,,,,,,,,,DN오토모티브,,제넨바이오,덴티스,한스바이오메드,,오스코텍,디엔에이링크
,,,,,,,,,,,,,,,,,,,,,,,,,,,,링크제니시스,,,,,,,,,,,,,,,,,,,,,,,,,,,,,,,,,,,,,,,,,,,,,,,,,,,,,,,,,,일진다이아,,아스플로,에쓰씨엔지니어링,,,KC코트렐,아시아나항공,한국정밀기계,,한화시스템,,,HL D&I,신세계건설,SNT에너지,,,,,삼일,,인팩,아이패밀리에스씨,,로보로보,,,,,,,,,,,,,,에스엘,,한스바이오메드,아시아종묘,펩트론,,경남제약,안국약품
,,,,,,,,,,,,,,,,,,,,,,,,,,,,알에프텍,,,,,,,,,,,,,,,,,,,,,,,,,,,,,,,,,,,,,,,,,,,,,,,,,,,,,,,,,,광진실업,,한신공영,프럼파스트,,,천일고속,덕신하우징,신원종합개발,,노루페인트,,,오리엔탈정공,,영풍정밀,,,,,홈센타홀딩스,,현대위아,씨앤투스,,세종공업,,,,,,,,,,,,,,평화산업,,퀀타매트릭스,덴티움,인트론바이오,,에스바이오메딕스,퀀타매트릭스
,,,,,,,,,,,,,,,,,,,,,,,,,,,,한국정보공학,,,,,,,,,,,,,,,,,,,,,,,,,,,,,,,,,,,,,,,,,,,,,,,,,,,,,,,,,,한국선재,,비엠티,화성산업,,,로보스타,HDC현대산업개발,희림,,한일홀딩스,,,3S,,LX인터내셔널,,,,,국영지앤엠,,브이씨,모베이스전자,,코디,,,,,,,,,,,,,,모베이스,,티앤알바이오팹,비보존 제약,엔젠바이오,,HLB,엔젠바이오
,,,,,,,,,,,,,,,,,,,,,,,,,,,,자비스,,,,,,,,,,,,,,,,,,,,,,,,,,,,,,,,,,,,,,,,,,,,,,,,,,,,,,,,,,동국알앤에스,,유신,진흥기업,,,스맥,레인보우로보틱스,대원전선,,한국정밀기계,,,SG&G,,디와이파워,,,,,한국항공우주,,오텍,휠라홀딩스,,피에이치에이,,,,,,,,,,,,,,현대백화점,,파나진,노을,바이젠셀,,휴젤,바이젠셀
,,,,,,,,,,,,,,,,,,,,,,,,,,,,고영,,,,,,,,,,,,,,,,,,,,,,,,,,,,,,,,,,,,,,,,,,,,,,,,,,,,,,,,,,삼보산업,,대원,동화기업,,,피앤씨테크,범한퓨얼셀,두산에너빌리티,,제일전기공업,,,대한해운,,휴림로봇,,,,,SG,,SNT홀딩스,엔브이에이치코리아,,삼기,,,,,,,,,,,,,,아이비김영,,원바이오젠,동구바이오제약,바이오솔루션,,일동제약,티앤알바이오팹
,,,,,,,,,,,,,,,,,,,,,,,,,,,,센코,,,,,,,,,,,,,,,,,,,,,,,,,,,,,,,,,,,,,,,,,,,,,,,,,,,,,,,,,,진양홀딩스,,대우건설,서한,,,일진파워,나이스디앤비,와이지-원,,신원종합개발,,,코오롱글로벌,,CJ,,,,,에넥스,,에코캡,효성티앤씨,,F&F,,,,,,,,,,,,,,골드앤에스,,지더블유바이텍,루닛,티앤알바이오팹,,지엘팜텍,지더블유바이텍
,,,,,,,,,,,,,,,,,,,,,,,,,,,,삼성전기,,,,,,,,,,,,,,,,,,,,,,,,,,,,,,,,,,,,,,,,,,,,,,,,,,,,,,,,,,대동스틸,,케이피에프,LX인터내셔널,,,서한,하이즈항공,프리엠스,,대원전선,,,뉴로메카,,현대건설,,,,,롯데지주,,화승코퍼레이션,삼기이브이,,KG모빌리티,,,,,,,,,,,,,,디아이씨,,오리엔트바이오,더메디팜,솔본,,위더스제약,비엘
,,,,,,,,,,,,,,,,,,,,,,,,,,,,케이엠더블유,,,,,,,,,,,,,,,,,,,,,,,,,,,,,,,,,,,,,,,,,,,,,,,,,,,,,,,,,,동국S&C,,베노티앤알,플래스크,,,현대건설,KCC건설,에스에프에이,,웰바이오텍,,,나이스정보통신,,SGC이테크건설,,,,,AJ네트웍스,,유니크,에스맥,,롯데하이마트,,,,,,,,,,,,,,대원산업,,디티앤씨알오,명문제약,파나진,,코미팜,HLB제약
,,,,,,,,,,,,,,,,,,,,,,,,,,,,성우전자,,,,,,,,,,,,,,,,,,,,,,,,,,,,,,,,,,,,,,,,,,,,,,,,,,,,,,,,,,효성오앤비,,이화공영,현대건설,,,빅텍,웰크론한텍,도화엔지니어링,,한익스프레스,,,HJ중공업,,레드캡투어,,,,,유진기업,,이원컴포텍,금호타이어,,배럴,,,,,,,,,,,,,,화신정공,,제이시스메디칼,한미사이언스,종근당바이오,,국제약품,오리엔트바이오
,,,,,,,,,,,,,,,,,,,,,,,,,,,,에스티큐브,,,,,,,,,,,,,,,,,,,,,,,,,,,,,,,,,,,,,,,,,,,,,,,,,,,,,,,,,,원익큐브,,누리플랜,SGC이테크건설,,,,태웅로직스,자이에스앤디,,지누스,,,아이마켓코리아,,한일현대시멘트,,,,,현대로템,,세방전지,유니켐,,클리오,,,,,,,,,,,,,,디젠스,,바디텍메드,중앙백신,삼일제약,,애드바이오텍,디티앤씨알오
,,,,,,,,,,,,,,,,,,,,,,,,,,,,아이디스홀딩스,,,,,,,,,,,,,,,,,,,,,,,,,,,,,,,,,,,,,,,,,,,,,,,,,,,,,,,,,,세아제강,,동양,이엔플러스,,,,티웨이홀딩스,상지카일룸,,와이지-원,,,모델솔루션,,신세계건설,,,,,우원개발,,케이카,우수AMS,,조광피혁,,,,,,,,,,,,,,CBI,,바이오노트,코오롱생명과학,비엘,,동성제약,HK이노엔
,,,,,,,,,,,,,,,,,,,,,,,,,,,,상신이디피,,,,,,,,,,,,,,,,,,,,,,,,,,,,,,,,,,,,,,,,,,,,,,,,,,,,,,,,,,나노씨엠에스,,드림시큐리티,에스피시스템스,,,,모헨즈,KSS해운,,프리엠스,,,이크레더블,,,,,,,디와이,,세원정공,위니아,,에코플라스틱,,,,,,,,,,,,,,서연이화,,일신바이오,녹십자웰빙,아이진,,큐리언트,아이진
,,,,,,,,,,,,,,,,,,,,,,,,,,,,심텍홀딩스,,,,,,,,,,,,,,,,,,,,,,,,,,,,,,,,,,,,,,,,,,,,,,,,,,,,,,,,,,SK케미칼,,HDC,한일현대시멘트,,,,에이스침대,한국기업평가,,비츠로테크,,,에스엠코어,,,,,,,한화오션,,명신산업,메디앙스,,티에이치엔,,,,,,,,,,,,,,베뉴지,,인피니트헬스케어,JW신약,DXVX,,대성미생물,DXVX
,,,,,,,,,,,,,,,,,,,,,,,,,,,,라닉스,,,,,,,,,,,,,,,,,,,,,,,,,,,,,,,,,,,,,,,,,,,,,,,,,,,,,,,,,,OCI홀딩스,,유니온,신세계건설,,,,신원종합개발,아스플로,,켄코아에어로스페이스,,,에너토크,,,,,,,사람인,,신성델타테크,씨앤씨인터내셔널,,ES큐브,,,,,,,,,,,,,,한온시스템,,한독,대웅,유틸렉스,,메디포스트,바디텍메드
,,,,,,,,,,,,,,,,,,,,,,,,,,,,웨이브일렉트로,,,,,,,,,,,,,,,,,,,,,,,,,,,,,,,,,,,,,,,,,,,,,,,,,,,,,,,,,,국도화학,,GS건설,,,,,희림,한신공영,,메디콕스,,,두산,,,,,,,TYM,,동아화성,세화피앤씨,,덕성,,,,,,,,,,,,,,체시스,,바이오플러스,신흥,바이오노트,,팬젠,유틸렉스
,,,,,,,,,,,,,,,,,,,,,,,,,,,,푸른기술,,,,,,,,,,,,,,,,,,,,,,,,,,,,,,,,,,,,,,,,,,,,,,,,,,,,,,,,,,삼영,,아이쓰리시스템,,,,,웰바이오텍,비엠티,,흥아해운,,,에쓰씨엔지니어링,,,,,,,케이엔솔,,스킨앤스킨,휴비스,,모다이노칩,,,,,,,,,,,,,,감성코퍼레이션,,나이벡,오스코텍,바이오플러스,,시너지이노베이션,바이오노트
,,,,,,,,,,,,,,,,,,,,,,,,,,,,블루콤,,,,,,,,,,,,,,,,,,,,,,,,,,,,,,,,,,,,,,,,,,,,,,,,,,,,,,,,,,태경케미컬,,동부건설,,,,,한익스프레스,유일로보틱스,,자이에스앤디,,,코엔텍,,,,,,,인터지스,,우리산업,티피씨글로벌,,브랜드엑스코퍼레이션,,,,,,,,,,,,,,SNT다이내믹스,,휴마시스,경남제약,나이벡,,한국유니온제약,일신바이오
,,,,,,,,,,,,,,,,,,,,,,,,,,,,피씨디렉트,,,,,,,,,,,,,,,,,,,,,,,,,,,,,,,,,,,,,,,,,,,,,,,,,,,,,,,,,,금양,,KD,,,,,에스에프에이,유신,,코아스,,,KC코트렐,,,,,,,세진중공업,,오스템,DN오토모티브,,현대모비스,,,,,,,,,,,,,,세종공업,,동아쏘시오홀딩스,에스바이오메딕스,삼진제약,,비씨월드제약,랩지노믹스
,,,,,,,,,,,,,,,,,,,,,,,,,,,,태성,,,,,,,,,,,,,,,,,,,,,,,,,,,,,,,,,,,,,,,,,,,,,,,,,,,,,,,,,,영보화학,,삼일,,,,,상지카일룸,롯데렌탈,,상지카일룸,,,천일고속,,,,,,,에스원,,넥센,에스엘,,모트렉스,,,,,,,,,,,,,,한섬,,,인바디,메드팩토,,제일바이오,한독
,,,,,,,,,,,,,,,,,,,,,,,,,,,,한솔테크닉스,,,,,,,,,,,,,,,,,,,,,,,,,,,,,,,,,,,,,,,,,,,,,,,,,,,,,,,,,,대한유화,,홈센타홀딩스,,,,,한신공영,대원,,한국기업평가,,,고려신용정보,,,,,,,현대무벡스,,삼익악기,하츠,,피코그램,,,,,,,,,,,,,,케이비아이동국실업,,,HLB,,,바이넥스,바이오플러스
,,,,,,,,,,,,,,,,,,,,,,,,,,,,아모센스,,,,,,,,,,,,,,,,,,,,,,,,,,,,,,,,,,,,,,,,,,,,,,,,,,,,,,,,,,세림B&G,,국영지앤엠,,,,,LG,광명전기,,아스플로,,,진에어,,,,,,,와이엔텍,,이녹스,대한방직,,네오티스,,,,,,,,,,,,,,더네이쳐홀딩스,,,디오,,,우진비앤지,삼성바이오로직스
,,,,,,,,,,,,,,,,,,,,,,,,,,,,MDS테크,,,,,,,,,,,,,,,,,,,,,,,,,,,,,,,,,,,,,,,,,,,,,,,,,,,,,,,,,,휴스틸,,한국항공우주,,,,,HSD엔진,대우건설,,비엠티,,,한솔로지스틱스,,,,,,,비나텍,,아이에이,케이엠,,인팩,,,,,,,,,,,,,,피에이치에이,,,휴젤,,,한국파마,진바이오텍
,,,,,,,,,,,,,,,,,,,,,,,,,,,,디케이티,,,,,,,,,,,,,,,,,,,,,,,,,,,,,,,,,,,,,,,,,,,,,,,,,,,,,,,,,,영풍제지,,대창단조,,,,,팬오션,케이피에프,,유일로보틱스,,,화성산업,,,,,,,부산산업,,새론오토모티브,평화산업,,브이씨,,,,,,,,,,,,,,기아,,,일동제약,,,진양제약,메드팩토
,,,,,,,,,,,,,,,,,,,,,,,,,,,,하이비젼시스템,,,,,,,,,,,,,,,,,,,,,,,,,,,,,,,,,,,,,,,,,,,,,,,,,,,,,,,,,,율촌화학,,SG,,,,,누리플랜,HSD엔진,,롯데렌탈,,,진흥기업,,,,,,,티에스아이,,다이나믹디자인,모베이스,,에코캡,,,,,,,,,,,,,,삼기,,,마크로젠,,,쎌바이오텍,
,,,,,,,,,,,,,,,,,,,,,,,,,,,,파커스,,,,,,,,,,,,,,,,,,,,,,,,,,,,,,,,,,,,,,,,,,,,,,,,,,,,,,,,,,아주스틸,,롯데지주,,,,,동양,베노티앤알,,유신,,,영풍정밀,,,,,,,SCI평가정보,,아이윈,올리패스,,신세계인터내셔날,,,,,,,,,,,,,,F&F,,,피플바이오,,,유유제약,
,,,,,,,,,,,,,,,,,,,,,,,,,,,,경인전자,,,,,,,,,,,,,,,,,,,,,,,,,,,,,,,,,,,,,,,,,,,,,,,,,,,,,,,,,,영흥,,우진플라임,,,,,포스코인터내셔널,이화공영,,LG,,,서한,,,,,,,태광,,한국타이어앤테크놀로지,현대백화점,,젬백스링크,,,,,,,,,,,,,,KG모빌리티,,,씨젠,,,아이큐어,
,,,,,,,,,,,,,,,,,,,,,,,,,,,,탑엔지니어링,,,,,,,,,,,,,,,,,,,,,,,,,,,,,,,,,,,,,,,,,,,,,,,,,,,,,,,,,,PI첨단소재,,유진기업,,,,,유니온,동양,,대원,,,디와이파워,,,,,,,HMM,,대유에이피,블리츠웨이,,화승코퍼레이션,,,,,,,,,,,,,,롯데하이마트,,,지엘팜텍,,,티움바이오,
,,,,,,,,,,,,,,,,,,,,,,,,,,,,유일에너테크,,,,,,,,,,,,,,,,,,,,,,,,,,,,,,,,,,,,,,,,,,,,,,,,,,,,,,,,,,진양화학,,수성샐바시온,,,,,GS건설,드림시큐리티,,광명전기,,,휴림로봇,,,,,,,벽산,,두올,새로닉스,,아우딘퓨쳐스,,,,,,,,,,,,,,에브리봇,,,위더스제약,,,제테마,
,,,,,,,,,,,,,,,,,,,,,,,,,,,,파인테크닉스,,,,,,,,,,,,,,,,,,,,,,,,,,,,,,,,,,,,,,,,,,,,,,,,,,,,,,,,,,동원시스템즈,,인터지스,,,,,대한항공,HDC,,대우건설,,,현대건설,,,,,,,동신건설,,코웨이,디아이씨,,이원컴포텍,,,,,,,,,,,,,,배럴,,,코미팜,,,퓨쳐켐,
,,,,,,,,,,,,,,,,,,,,,,,,,,,,씨엔플러스,,,,,,,,,,,,,,,,,,,,,,,,,,,,,,,,,,,,,,,,,,,,,,,,,,,,,,,,,,레몬,,현대무벡스,,,,,KD,GS건설,,케이피에프,,,SGC이테크건설,,,,,,,DL이앤씨,,성창오토텍,대원산업,,아모레퍼시픽,,,,,,,,,,,,,,대유플러스,,,국제약품,,,제노포커스,
,,,,,,,,,,,,,,,,,,,,,,,,,,,,바이오로그디바이스,,,,,,,,,,,,,,,,,,,,,,,,,,,,,,,,,,,,,,,,,,,,,,,,,,,,,,,,,,성보화학,,와이엔텍,,,,,국영지앤엠,한창,,HSD엔진,,,CJ,,,,,,,국보,,성우하이텍,화신정공,,코스나인,,,,,,,,,,,,,,에코플라스틱,,,동성제약,,,제일파마홀딩스,
,,,,,,,,,,,,,,,,,,,,,,,,,,,,인터플렉스,,,,,,,,,,,,,,,,,,,,,,,,,,,,,,,,,,,,,,,,,,,,,,,,,,,,,,,,,,파미셀,,LX하우시스,,,,,한국항공우주,현대지에프홀딩스,,팬오션,,,레드캡투어,,,,,,,SK오션플랜트,,유니테크노,디젠스,,현대바이오,,,,,,,,,,,,,,티에이치엔,,,모비스,,,대화제약,
,,,,,,,,,,,,,,,,,,,,,,,,,,,,솔루엠,,,,,,,,,,,,,,,,,,,,,,,,,,,,,,,,,,,,,,,,,,,,,,,,,,,,,,,,,,KISCO홀딩스,,디케이락,,,,,삼호개발,삼성물산,,이화공영,,,한일현대시멘트,,,,,,,동방,,일지테크,CBI,,영원무역,,,,,,,,,,,,,,영화금속,,,큐리언트,,,휴온스,
,,,,,,,,,,,,,,,,,,,,,,,,,,,,옵트론텍,,,,,,,,,,,,,,,,,,,,,,,,,,,,,,,,,,,,,,,,,,,,,,,,,,,,,,,,,,나노캠텍,,부산산업,,,,,STX중공업,세방,,누리플랜,,,금호건설,,,,,,,이엔코퍼레이션,,영화테크,서연이화,,윙스풋,,,,,,,,,,,,,,ES큐브,,,대성미생물,,,케어젠,
,,,,,,,,,,,,,,,,,,,,,,,,,,,,엘컴텍,,,,,,,,,,,,,,,,,,,,,,,,,,,,,,,,,,,,,,,,,,,,,,,,,,,,,,,,,,고려제강,,아세아시멘트,,,,,AJ네트웍스,동부건설,,드림시큐리티,,,지누스,,,,,,,하이록코리아,,신일전자,한온시스템,,세원정공,,,,,,,,,,,,,,모다이노칩,,,메디포스트,,,진원생명과학,
,,,,,,,,,,,,,,,,,,,,,,,,,,,,슈프리마,,,,,,,,,,,,,,,,,,,,,,,,,,,,,,,,,,,,,,,,,,,,,,,,,,,,,,,,,,대륙제관,,자연과환경,,,,,디와이피엔에프,STX,,HDC,,,신세계건설,,,,,,,에이트원,,크린앤사이언스,체시스,,본느,,,,,,,,,,,,,,덕성,,,팬젠,,,옵투스제약,
,,,,,,,,,,,,,,,,,,,,,,,,,,,,캠시스,,,,,,,,,,,,,,,,,,,,,,,,,,,,,,,,,,,,,,,,,,,,,,,,,,,,,,,,,,나노브릭,,유니드비티플러스,,,,,인터지스,KD,,포스코인터내셔널,,,CNT85,,,,,,,혜인,,서진오토모티브,감성코퍼레이션,,세기상사,,,,,,,,,,,,,,브랜드엑스코퍼레이션,,,시너지이노베이션,,,엘앤씨바이오,
,,,,,,,,,,,,,,,,,,,,,,,,,,,,디스플레이텍,,,,,,,,,,,,,,,,,,,,,,,,,,,,,,,,,,,,,,,,,,,,,,,,,,,,,,,,,,국일신동,,HMM,,,,,태광,홈센타홀딩스,,유수홀딩스,,,,,,,,,,한솔홈데코,,서연,SNT다이내믹스,,명신산업,,,,,,,,,,,,,,현대모비스,,,한국유니온제약,,,애니젠,
,,,,,,,,,,,,,,,,,,,,,,,,,,,,비에이치,,,,,,,,,,,,,,,,,,,,,,,,,,,,,,,,,,,,,,,,,,,,,,,,,,,,,,,,,,코스모화학,,삼일기업공사,,,,,퍼스텍,국영지앤엠,,GS건설,,,,,,,,,,HL D&I,,코리아에프티,로보로보,,제이에스코퍼레이션,,,,,,,,,,,,,,아가방컴퍼니,,,대한과학,,,우정바이오,
,,,,,,,,,,,,,,,,,,,,,,,,,,,,앱코,,,,,,,,,,,,,,,,,,,,,,,,,,,,,,,,,,,,,,,,,,,,,,,,,,,,,,,,,,KG ETS,,벽산,,,,,삼영이엔씨,한국항공우주,,한창,,,,,,,,,,오리엔탈정공,,엔바이오니아,세종공업,,화승엔터프라이즈,,,,,,,,,,,,,,태평양물산,,,지씨셀,,,파멥신,
,,,,,,,,,,,,,,,,,,,,,,,,,,,,LG이노텍,,,,,,,,,,,,,,,,,,,,,,,,,,,,,,,,,,,,,,,,,,,,,,,,,,,,,,,,,,포스코엠텍,,퍼스텍,,,,,화성밸브,대창단조,,대한항공,,,,,,,,,,3S,,상신브레이크,코디,,국동,,,,,,,,,,,,,,동원금속,,,비씨월드제약,,,이수앱지스,
,,,,,,,,,,,,,,,,,,,,,,,,,,,,상아프론테크,,,,,,,,,,,,,,,,,,,,,,,,,,,,,,,,,,,,,,,,,,,,,,,,,,,,,,,,,,남해화학,,다원시스,,,,,혜인,SG,,현대지에프홀딩스,,,,,,,,,,티에스넥스젠,,우신시스템,케이비아이동국실업,,동아화성,,,,,,,,,,,,,,피코그램,,,제일바이오,,,드림씨아이에스,
,,,,,,,,,,,,,,,,,,,,,,,,,,,,백금T&A,,,,,,,,,,,,,,,,,,,,,,,,,,,,,,,,,,,,,,,,,,,,,,,,,,,,,,,,,,KCI,,강원에너지,,,,,한솔홈데코,삼호개발,,아이쓰리시스템,,,,,,,,,,SG&G,,네오오토,한섬,,스킨앤스킨,,,,,,,,,,,,,,모트렉스,,,EDGC,,,JW홀딩스,
,,,,,,,,,,,,,,,,,,,,,,,,,,,,케이씨티,,,,,,,,,,,,,,,,,,,,,,,,,,,,,,,,,,,,,,,,,,,,,,,,,,,,,,,,,,나노,,동신건설,,,,,뉴로메카,STX중공업,,동부건설,,,,,,,,,,세명전기,,BGF에코머티리얼즈,더네이쳐홀딩스,,SG세계물산,,,,,,,,,,,,,,네오티스,,,뷰노,,,종근당,
,,,,,,,,,,,,,,,,,,,,,,,,,,,,뉴프렉스,,,,,,,,,,,,,,,,,,,,,,,,,,,,,,,,,,,,,,,,,,,,,,,,,,,,,,,,,,한국주강,,삼영이엔씨,,,,,두산,에넥스,,STX,,,,,,,,,,두산밥캣,,한국앤컴퍼니,피에이치에이,,아이에스이커머스,,,,,,,,,,,,,,인팩,,,우진비앤지,,,프레스티지바이오로직스,
,,,,,,,,,,,,,,,,,,,,,,,,,,,,한글과컴퓨터,,,,,,,,,,,,,,,,,,,,,,,,,,,,,,,,,,,,,,,,,,,,,,,,,,,,,,,,,,세하,,삼일씨엔에스,,,,,오하임아이엔티,롯데지주,,삼일,,,,,,,,,,일성건설,,에스엠벡셀,기아,,애경산업,,,,,,,,,,,,,,현대홈쇼핑,,,솔고바이오,,,인벤티지랩,
,,,,,,,,,,,,,,,,,,,,,,,,,,,,나노팀,,,,,,,,,,,,,,,,,,,,,,,,,,,,,,,,,,,,,,,,,,,,,,,,,,,,,,,,,,HRS,,국보,,,,,이건홀딩스,AJ네트웍스,,홈센타홀딩스,,,,,,,,,,대한해운,,한국무브넥스,삼기,,넥센,,,,,,,,,,,,,,현대위아,,,한국파마,,,셀트리온제약,
,,,,,,,,,,,,,,,,,,,,,,,,,,,,윈텍,,,,,,,,,,,,,,,,,,,,,,,,,,,,,,,,,,,,,,,,,,,,,,,,,,,,,,,,,,펌텍코리아,,라이온켐텍,,,,,KC코트렐,우진플라임,,국영지앤엠,,,,,,,,,,코오롱글로벌,,지엠비코리아,F&F,,한세실업,,,,,,,,,,,,,,오텍,,,진양제약,,,한국비엔씨,
,,,,,,,,,,,,,,,,,,,,,,,,,,,,엠젠솔루션,,,,,,,,,,,,,,,,,,,,,,,,,,,,,,,,,,,,,,,,,,,,,,,,,,,,,,,,,,부국철강,,코윈테크,,,,,금강공업,유진기업,,한국항공우주,,,,,,,,,,가온전선,,GH신소재,KG모빌리티,,삼익악기,,,,,,,,,,,,,,에코캡,,,젠큐릭스,,,셀레믹스,
,,,,,,,,,,,,,,,,,,,,,,,,,,,,심텍,,,,,,,,,,,,,,,,,,,,,,,,,,,,,,,,,,,,,,,,,,,,,,,,,,,,,,,,,,디씨엠,,하이록코리아,,,,,SNT에너지,현대로템,,대창단조,,,,,,,,,,나이스정보통신,,대우부품,에브리봇,,BYC,,,,,,,,,,,,,,신세계인터내셔날,,,쎌바이오텍,,,팜젠사이언스,
,,,,,,,,,,,,,,,,,,,,,,,,,,,,에프알텍,,,,,,,,,,,,,,,,,,,,,,,,,,,,,,,,,,,,,,,,,,,,,,,,,,,,,,,,,,KBG,,한솔홈데코,,,,,영풍정밀,우원개발,,SG,,,,,,,,,,HJ중공업,,트루윈,배럴,,이녹스,,,,,,,,,,,,,,대현,,,유유제약,,,레고켐바이오,
,,,,,,,,,,,,,,,,,,,,,,,,,,,,엠투아이,,,,,,,,,,,,,,,,,,,,,,,,,,,,,,,,,,,,,,,,,,,,,,,,,,,,,,,,,,LG화학,,대창솔루션,,,,,스맥,디와이,,삼호개발,,,,,,,,,,모델솔루션,,,대유플러스,,제이에스티나,,,,,,,,,,,,,,젬백스링크,,,미코바이오메드,,,제넨바이오,
,,,,,,,,,,,,,,,,,,,,,,,,,,,,빛샘전자,,,,,,,,,,,,,,,,,,,,,,,,,,,,,,,,,,,,,,,,,,,,,,,,,,,,,,,,,,남선알미늄,,현대코퍼레이션,,,,,동화기업,한화오션,,에넥스,,,,,,,,,,HD한국조선해양,,,클리오,,삼양통상,,,,,,,,,,,,,,화승코퍼레이션,,,에스디바이오센서,,,지놈앤컴퍼니,
,,,,,,,,,,,,,,,,,,,,,,,,,,,,코아시아씨엠,,,,,,,,,,,,,,,,,,,,,,,,,,,,,,,,,,,,,,,,,,,,,,,,,,,,,,,,,,제일연마,,HL D&I,,,,,셀루메드,수성샐바시온,,롯데지주,,,,,,,,,,이크레더블,,,조광피혁,,일신방직,,,,,,,,,,,,,,유니크,,,한컴라이프케어,,,에이프릴바이오,
,,,,,,,,,,,,,,,,,,,,,,,,,,,,우리로,,,,,,,,,,,,,,,,,,,,,,,,,,,,,,,,,,,,,,,,,,,,,,,,,,,,,,,,,,신풍,,오리엔탈정공,,,,,LX인터내셔널,TYM,,AJ네트웍스,,,,,,,,,,해성티피씨,,,에코플라스틱,,바른손,,,,,,,,,,,,,,하나투어,,,피제이전자,,,펩트론,
,,,,,,,,,,,,,,,,,,,,,,,,,,,,,,,,,,,,,,,,,,,,,,,,,,,,,,,,,,,,,,,,,,,,,,,,,,,,,,,,,,,,,,한국팩키지,,세명전기,,,,,플래스크,케이엔솔,,우진플라임,,,,,,,,,,에스엠코어,,,티에이치엔,,윌비스,,,,,,,,,,,,,,이원컴포텍,,,메디아나,,,안국약품,
,,,,,,,,,,,,,,,,,,,,,,,,,,,,,,,,,,,,,,,,,,,,,,,,,,,,,,,,,,,,,,,,,,,,,,,,,,,,,,,,,,,,,,동일철강,,아세아텍,,,,,빅텍,디와이피엔에프,,유진기업,,,,,,,,,,성신양회,,,영화금속,,아이윈,,,,,,,,,,,,,,세방전지,,,농우바이오,,,인트론바이오,
,,,,,,,,,,,,,,,,,,,,,,,,,,,,,,,,,,,,,,,,,,,,,,,,,,,,,,,,,,,,,,,,,,,,,,,,,,,,,,,,,,,,,,동성케미컬,,대모,,,,,한일현대시멘트,일승,,디와이,,,,,,,,,,두산,,,ES큐브,,백산,,,,,,,,,,,,,,호전실업,,,피씨엘,,,바이젠셀,
,,,,,,,,,,,,,,,,,,,,,,,,,,,,,,,,,,,,,,,,,,,,,,,,,,,,,,,,,,,,,,,,,,,,,,,,,,,,,,,,,,,,,,KPX케미칼,,일성건설,,,,,동일금속,현대무벡스,,한화오션,,,,,,,,,,제룡산업,,,덕성,,라파스,,,,,,,,,,,,,,영원무역,,,비엘팜텍,,,바이오솔루션,
,,,,,,,,,,,,,,,,,,,,,,,,,,,,,,,,,,,,,,,,,,,,,,,,,,,,,,,,,,,,,,,,,,,,,,,,,,,,,,,,,,,,,,KG스틸,,신진에스엠,,,,,코메론,와이엔텍,,수성샐바시온,,,,,,,,,,LIG넥스원,,,모다이노칩,,한국타이어앤테크놀로지,,,,,,,,,,,,,,형지I&C,,,퓨쳐켐,,,티앤알바이오팹,
,,,,,,,,,,,,,,,,,,,,,,,,,,,,,,,,,,,,,,,,,,,,,,,,,,,,,,,,,,,,,,,,,,,,,,,,,,,,,,,,,,,,,,웹스,,코오롱글로벌,,,,,에스앤더블류,LX하우시스,,사람인,,,,,,,,,,천일고속,,,브랜드엑스코퍼레이션,,대유에이피,,,,,,,,,,,,,,케이카,,,제일파마홀딩스,,,종근당바이오,
,,,,,,,,,,,,,,,,,,,,,,,,,,,,,,,,,,,,,,,,,,,,,,,,,,,,,,,,,,,,,,,,,,,,,,,,,,,,,,,,,,,,,,KPX홀딩스,,동양파일,,,,,CJ대한통운,디케이락,,TYM,,,,,,,,,,이건홀딩스,,,현대모비스,,제닉,,,,,,,,,,,,,,윙스풋,,,대화제약,,,삼일제약,
,,,,,,,,,,,,,,,,,,,,,,,,,,,,,,,,,,,,,,,,,,,,,,,,,,,,,,,,,,,,,,,,,,,,,,,,,,,,,,,,,,,,,,,,뉴로메카,,,,,에이치케이,부산산업,,케이엔솔,,,,,,,,,,진에어,,,태평양물산,,코웨이,,,,,,,,,,,,,,세원정공,,,레이언스,,,삼천당제약,
,,,,,,,,,,,,,,,,,,,,,,,,,,,,,,,,,,,,,,,,,,,,,,,,,,,,,,,,,,,,,,,,,,,,,,,,,,,,,,,,,,,,,,,,제이엠아이,,,,,현대글로비스,티에스아이,,디와이피엔에프,,,,,,,,,,한솔로지스틱스,,,동원금속,,한세엠케이,,,,,,,,,,,,,,본느,,,티앤엘,,,비엘,
,,,,,,,,,,,,,,,,,,,,,,,,,,,,,,,,,,,,,,,,,,,,,,,,,,,,,,,,,,,,,,,,,,,,,,,,,,,,,,,,,,,,,,,,HJ중공업,,,,,DL건설,태광,,세진중공업,,,,,,,,,,서암기계공업,,,피코그램,,성창오토텍,,,,,,,,,,,,,,세기상사,,,휴온스,,,HLB제약,
,,,,,,,,,,,,,,,,,,,,,,,,,,,,,,,,,,,,,,,,,,,,,,,,,,,,,,,,,,,,,,,,,,,,,,,,,,,,,,,,,,,,,,,,해성티피씨,,,,,한미글로벌,삼일기업공사,,에스원,,,,,,,,,,금강공업,,,모트렉스,,브이티,,,,,,,,,,,,,,명신산업,,,에이치엘사이언스,,,오리엔트바이오,
,,,,,,,,,,,,,,,,,,,,,,,,,,,,,,,,,,,,,,,,,,,,,,,,,,,,,,,,,,,,,,,,,,,,,,,,,,,,,,,,,,,,,,,,성신양회,,,,,씨에스베어링,퍼스텍,,일승,,,,,,,,,,SNT에너지,,,네오티스,,한국콜마,,,,,,,,,,,,,,제이에스코퍼레이션,,,케어젠,,,디티앤씨알오,
,,,,,,,,,,,,,,,,,,,,,,,,,,,,,,,,,,,,,,,,,,,,,,,,,,,,,,,,,,,,,,,,,,,,,,,,,,,,,,,,,,,,,,,,두산,,,,,NICE평가정보,효성중공업,,현대무벡스,,,,,,,,,,영풍정밀,,,인팩,,일지테크,,,,,,,,,,,,,,신성델타테크,,,휴비츠,,,HK이노엔,
,,,,,,,,,,,,,,,,,,,,,,,,,,,,,,,,,,,,,,,,,,,,,,,,,,,,,,,,,,,,,,,,,,,,,,,,,,,,,,,,,,,,,,,,제룡산업,,,,,LX홀딩스,다원시스,,비나텍,,,,,,,,,,에어부산,,,현대홈쇼핑,,현대바이오랜드,,,,,,,,,,,,,,국동,,,코렌텍,,,아이진,
,,,,,,,,,,,,,,,,,,,,,,,,,,,,,,,,,,,,,,,,,,,,,,,,,,,,,,,,,,,,,,,,,,,,,,,,,,,,,,,,,,,,,,,,LIG넥스원,,,,,한국종합기술,동신건설,,LX하우시스,,,,,,,,,,일진파워,,,현대위아,,크린앤사이언스,,,,,,,,,,,,,,SG세계물산,,,코스맥스엔비티,,,DXVX,
,,,,,,,,,,,,,,,,,,,,,,,,,,,,,,,,,,,,,,,,,,,,,,,,,,,,,,,,,,,,,,,,,,,,,,,,,,,,,,,,,,,,,,,,보광산업,,,,,부스타,DL이앤씨,,디케이락,,,,,,,,,,서한,,,브이씨,,잇츠한불,,,,,,,,,,,,,,스킨앤스킨,,,메타바이오메드,,,유틸렉스,
,,,,,,,,,,,,,,,,,,,,,,,,,,,,,,,,,,,,,,,,,,,,,,,,,,,,,,,,,,,,,,,,,,,,,,,,,,,,,,,,,,,,,,,,에쓰씨엔지니어링,,,,,서호전기,강원에너지,,부산산업,,,,,,,,,,LX인터내셔널,,,오텍,,서진오토모티브,,,,,,,,,,,,,,위즈코프,,,진원생명과학,,,블레이드 Ent,
,,,,,,,,,,,,,,,,,,,,,,,,,,,,,,,,,,,,,,,,,,,,,,,,,,,,,,,,,,,,,,,,,,,,,,,,,,,,,,,,,,,,,,,,오하임아이엔티,,,,,TPC,삼영이엔씨,,티에스아이,,,,,,,,,,디와이파워,,,SNT홀딩스,,내츄럴엔도텍,,,,,,,,,,,,,,동아화성,,,멕아이씨에스,,,일신바이오,
,,,,,,,,,,,,,,,,,,,,,,,,,,,,,,,,,,,,,,,,,,,,,,,,,,,,,,,,,,,,,,,,,,,,,,,,,,,,,,,,,,,,,,,,이건홀딩스,,,,,남화토건,동방,,SCI평가정보,,,,,,,,,,현대건설,,,에코캡,,엔바이오니아,,,,,,,,,,,,,,우리산업,,,엘앤씨바이오,,,신일제약,
,,,,,,,,,,,,,,,,,,,,,,,,,,,,,,,,,,,,,,,,,,,,,,,,,,,,,,,,,,,,,,,,,,,,,,,,,,,,,,,,,,,,,,,,프럼파스트,,,,,대림통상,SK오션플랜트,,아세아시멘트,,,,,,,,,,CJ,,,대현,,토박스코리아,,,,,,,,,,,,,,오스템,,,우정바이오,,,한독,
,,,,,,,,,,,,,,,,,,,,,,,,,,,,,,,,,,,,,,,,,,,,,,,,,,,,,,,,,,,,,,,,,,,,,,,,,,,,,,,,,,,,,,,,화성산업,,,,,파라텍,흥국,,태광,,,,,,,,,,레드캡투어,,,화승코퍼레이션,,제이준코스메틱,,,,,,,,,,,,,,아이에스이커머스,,,이수앱지스,,,바이오플러스,
,,,,,,,,,,,,,,,,,,,,,,,,,,,,,,,,,,,,,,,,,,,,,,,,,,,,,,,,,,,,,,,,,,,,,,,,,,,,,,,,,,,,,,,,진흥기업,,,,,엔케이,화성밸브,,유니드비티플러스,,,,,,,,,,금호건설,,,유니크,,엠에프엠코리아,,,,,,,,,,,,,,넥센,,,하이로닉,,,나이벡,
,,,,,,,,,,,,,,,,,,,,,,,,,,,,,,,,,,,,,,,,,,,,,,,,,,,,,,,,,,,,,,,,,,,,,,,,,,,,,,,,,,,,,,,,SNT에너지,,,,,남광토건,코윈테크,,벽산,,,,,,,,,,한화,,,아우딘퓨쳐스,,그리티,,,,,,,,,,,,,,한세실업,,,드림씨아이에스,,,삼성바이오로직스,
,,,,,,,,,,,,,,,,,,,,,,,,,,,,,,,,,,,,,,,,,,,,,,,,,,,,,,,,,,,,,,,,,,,,,,,,,,,,,,,,,,,,,,,,한일시멘트,,,,,케이에스피,하이록코리아,,퍼스텍,,,,,,,,,,신세계건설,,,이원컴포텍,,진도,,,,,,,,,,,,,,BYC,,,수젠텍,,,화일약품,
,,,,,,,,,,,,,,,,,,,,,,,,,,,,,,,,,,,,,,,,,,,,,,,,,,,,,,,,,,,,,,,,,,,,,,,,,,,,,,,,,,,,,,,,동화기업,,,,,KTcs,에이트원,,효성중공업,,,,,,,,,,,,,세방전지,,BGF에코머티리얼즈,,,,,,,,,,,,,,일신방직,,,프레스티지바이오로직스,,,동아쏘시오홀딩스,
,,,,,,,,,,,,,,,,,,,,,,,,,,,,,,,,,,,,,,,,,,,,,,,,,,,,,,,,,,,,,,,,,,,,,,,,,,,,,,,,,,,,,,,,셀루메드,,,,,SK렌터카,혜인,,다원시스,,,,,,,,,,,,,아모레퍼시픽,,한국앤컴퍼니,,,,,,,,,,,,,,아이에이,,,셀트리온제약,,,이연제약,
,,,,,,,,,,,,,,,,,,,,,,,,,,,,,,,,,,,,,,,,,,,,,,,,,,,,,,,,,,,,,,,,,,,,,,,,,,,,,,,,,,,,,,,,피앤씨테크,,,,,한국공항,대창솔루션,,동신건설,,,,,,,,,,,,,호전실업,,에스엠벡셀,,,,,,,,,,,,,,바른손,,,씨유메디칼,,,삼진제약,
,,,,,,,,,,,,,,,,,,,,,,,,,,,,,,,,,,,,,,,,,,,,,,,,,,,,,,,,,,,,,,,,,,,,,,,,,,,,,,,,,,,,,,,,서한,,,,,조광페인트,현대코퍼레이션,,DL이앤씨,,,,,,,,,,,,,코스나인,,지엠비코리아,,,,,,,,,,,,,,윌비스,,,셀레믹스,,,메드팩토,
,,,,,,,,,,,,,,,,,,,,,,,,,,,,,,,,,,,,,,,,,,,,,,,,,,,,,,,,,,,,,,,,,,,,,,,,,,,,,,,,,,,,,,,,플래스크,,,,,삼영엠텍,HL D&I,,삼영이엔씨,,,,,,,,,,,,,삼천리자전거,,GH신소재,,,,,,,,,,,,,,새론오토모티브,,,엠아이텍,,,,
,,,,,,,,,,,,,,,,,,,,,,,,,,,,,,,,,,,,,,,,,,,,,,,,,,,,,,,,,,,,,,,,,,,,,,,,,,,,,,,,,,,,,,,,현대건설,,,,,팬스타엔터프라이즈,오리엔탈정공,,삼일씨엔에스,,,,,,,,,,,,,현대바이오,,형지엘리트,,,,,,,,,,,,,,영원무역홀딩스,,,레고켐바이오,,,,
,,,,,,,,,,,,,,,,,,,,,,,,,,,,,,,,,,,,,,,,,,,,,,,,,,,,,,,,,,,,,,,,,,,,,,,,,,,,,,,,,,,,,,,,SGC이테크건설,,,,,아스트,대모,,라이온켐텍,,,,,,,,,,,,,형지I&C,,트루윈,,,,,,,,,,,,,,아이윈,,,팜젠사이언스,,,,
,,,,,,,,,,,,,,,,,,,,,,,,,,,,,,,,,,,,,,,,,,,,,,,,,,,,,,,,,,,,,,,,,,,,,,,,,,,,,,,,,,,,,,,,시디즈,,,,,테라사이언스,아세아텍,,흥국,,,,,,,,,,,,,영원무역,,,,,,,,,,,,,,,,백산,,,제넨바이오,,,,
,,,,,,,,,,,,,,,,,,,,,,,,,,,,,,,,,,,,,,,,,,,,,,,,,,,,,,,,,,,,,,,,,,,,,,,,,,,,,,,,,,,,,,,,빅텍,,,,,에스와이,티에스넥스젠,,KTis,,,,,,,,,,,,,세원정공,,,,,,,,,,,,,,,,웅진씽크빅,,,디엔에이링크,,,,
,,,,,,,,,,,,,,,,,,,,,,,,,,,,,,,,,,,,,,,,,,,,,,,,,,,,,,,,,,,,,,,,,,,,,,,,,,,,,,,,,,,,,,,,이엔플러스,,,,,에스비비테크,세명전기,,화성밸브,,,,,,,,,,,,,본느,,,,,,,,,,,,,,,,대유에이피,,,펩트론,,,,
,,,,,,,,,,,,,,,,,,,,,,,,,,,,,,,,,,,,,,,,,,,,,,,,,,,,,,,,,,,,,,,,,,,,,,,,,,,,,,,,,,,,,,,,에스피시스템스,,,,,삼표시멘트,두산밥캣,,이엔코퍼레이션,,,,,,,,,,,,,세기상사,,,,,,,,,,,,,,,,두올,,,안국약품,,,,
,,,,,,,,,,,,,,,,,,,,,,,,,,,,,,,,,,,,,,,,,,,,,,,,,,,,,,,,,,,,,,,,,,,,,,,,,,,,,,,,,,,,,,,,한일현대시멘트,,,,,우진,일성건설,,하이록코리아,,,,,,,,,,,,,명신산업,,,,,,,,,,,,,,,,예스24,,,퀀타매트릭스,,,,
,,,,,,,,,,,,,,,,,,,,,,,,,,,,,,,,,,,,,,,,,,,,,,,,,,,,,,,,,,,,,,,,,,,,,,,,,,,,,,,,,,,,,,,,한화,,,,,범양건영,대한해운,,에이트원,,,,,,,,,,,,,에스티오,,,,,,,,,,,,,,,,코웨이,,,엔젠바이오,,,,
,,,,,,,,,,,,,,,,,,,,,,,,,,,,,,,,,,,,,,,,,,,,,,,,,,,,,,,,,,,,,,,,,,,,,,,,,,,,,,,,,,,,,,,,신세계건설,,,,,제일전기공업,신진에스엠,,혜인,,,,,,,,,,,,,제이에스코퍼레이션,,,,,,,,,,,,,,,,한세엠케이,,,바이오솔루션,,,,
,,,,,,,,,,,,,,,,,,,,,,,,,,,,,,,,,,,,,,,,,,,,,,,,,,,,,,,,,,,,,,,,,,,,,,,,,,,,,,,,,,,,,,,,토탈소프트,,,,,프리엠스,코오롱글로벌,,한솔홈데코,,,,,,,,,,,,,화승엔터프라이즈,,,,,,,,,,,,,,,,성창오토텍,,,뉴트리,,,,
,,,,,,,,,,,,,,,,,,,,,,,,,,,,,,,,,,,,,,,,,,,,,,,,,,,,,,,,,,,,,,,,,,,,,,,,,,,,,,,,,,,,,,,,,,,,,흥아해운,동양파일,,현대코퍼레이션,,,,,,,,,,,,,신성델타테크,,,,,,,,,,,,,,,,코데즈컴바인,,,솔본,,,,
,,,,,,,,,,,,,,,,,,,,,,,,,,,,,,,,,,,,,,,,,,,,,,,,,,,,,,,,,,,,,,,,,,,,,,,,,,,,,,,,,,,,,,,,,,,,,코아스,뉴로메카,,HL D&I,,,,,,,,,,,,,국동,,,,,,,,,,,,,,,,유니테크노,,,파나진,,,,
,,,,,,,,,,,,,,,,,,,,,,,,,,,,,,,,,,,,,,,,,,,,,,,,,,,,,,,,,,,,,,,,,,,,,,,,,,,,,,,,,,,,,,,,,,,,,제일테크노스,HJ중공업,,오리엔탈정공,,,,,,,,,,,,,동아화성,,,,,,,,,,,,,,,,성우하이텍,,,지더블유바이텍,,,,
,,,,,,,,,,,,,,,,,,,,,,,,,,,,,,,,,,,,,,,,,,,,,,,,,,,,,,,,,,,,,,,,,,,,,,,,,,,,,,,,,,,,,,,,,,,,,유일로보틱스,진성티이씨,,3S,,,,,,,,,,,,,스킨앤스킨,,,,,,,,,,,,,,,,일지테크,,,삼일제약,,,,
,,,,,,,,,,,,,,,,,,,,,,,,,,,,,,,,,,,,,,,,,,,,,,,,,,,,,,,,,,,,,,,,,,,,,,,,,,,,,,,,,,,,,,,,,,,,,대원,아이마켓코리아,,티에스넥스젠,,,,,,,,,,,,,SG세계물산,,,,,,,,,,,,,,,,신일전자,,,삼천당제약,,,,
,,,,,,,,,,,,,,,,,,,,,,,,,,,,,,,,,,,,,,,,,,,,,,,,,,,,,,,,,,,,,,,,,,,,,,,,,,,,,,,,,,,,,,,,,,,,,대우건설,모델솔루션,,SG&G,,,,,,,,,,,,,우리산업,,,,,,,,,,,,,,,,영화테크,,,케어랩스,,,,
,,,,,,,,,,,,,,,,,,,,,,,,,,,,,,,,,,,,,,,,,,,,,,,,,,,,,,,,,,,,,,,,,,,,,,,,,,,,,,,,,,,,,,,,,,,,,케이피에프,HD한국조선해양,,세명전기,,,,,,,,,,,,,오스템,,,,,,,,,,,,,,,,크린앤사이언스,,,비엘,,,,
,,,,,,,,,,,,,,,,,,,,,,,,,,,,,,,,,,,,,,,,,,,,,,,,,,,,,,,,,,,,,,,,,,,,,,,,,,,,,,,,,,,,,,,,,,,,,아이쓰리시스템,에스엠코어,,아세아텍,,,,,,,,,,,,,신세계푸드,,,,,,,,,,,,,,,,서진오토모티브,,,오리엔트바이오,,,,
,,,,,,,,,,,,,,,,,,,,,,,,,,,,,,,,,,,,,,,,,,,,,,,,,,,,,,,,,,,,,,,,,,,,,,,,,,,,,,,,,,,,,,,,,,,,,한창,나라엠앤디,,두산밥캣,,,,,,,,,,,,,애경산업,,,,,,,,,,,,,,,,서연,,,휴럼,,,,
,,,,,,,,,,,,,,,,,,,,,,,,,,,,,,,,,,,,,,,,,,,,,,,,,,,,,,,,,,,,,,,,,,,,,,,,,,,,,,,,,,,,,,,,,,,,,현대지에프홀딩스,에너토크,,대모,,,,,,,,,,,,,넥센,,,,,,,,,,,,,,,,코리아에프티,,,HK이노엔,,,,
,,,,,,,,,,,,,,,,,,,,,,,,,,,,,,,,,,,,,,,,,,,,,,,,,,,,,,,,,,,,,,,,,,,,,,,,,,,,,,,,,,,,,,,,,,,,,삼성물산,보광산업,,일성건설,,,,,,,,,,,,,한세실업,,,,,,,,,,,,,,,,엔바이오니아,,,DXVX,,,,
,,,,,,,,,,,,,,,,,,,,,,,,,,,,,,,,,,,,,,,,,,,,,,,,,,,,,,,,,,,,,,,,,,,,,,,,,,,,,,,,,,,,,,,,,,,,,홈센타홀딩스,LIG넥스원,,대한해운,,,,,,,,,,,,,삼익악기,,,,,,,,,,,,,,,,상신브레이크,,,제이시스메디칼,,,,
,,,,,,,,,,,,,,,,,,,,,,,,,,,,,,,,,,,,,,,,,,,,,,,,,,,,,,,,,,,,,,,,,,,,,,,,,,,,,,,,,,,,,,,,,,,,,우진플라임,에쓰씨엔지니어링,,코오롱글로벌,,,,,,,,,,,,,BYC,,,,,,,,,,,,,,,,토박스코리아,,,바디텍메드,,,,
,,,,,,,,,,,,,,,,,,,,,,,,,,,,,,,,,,,,,,,,,,,,,,,,,,,,,,,,,,,,,,,,,,,,,,,,,,,,,,,,,,,,,,,,,,,,,유진기업,코엔텍,,동양파일,,,,,,,,,,,,,이녹스,,,,,,,,,,,,,,,,LS네트웍스,,,유틸렉스,,,,
,,,,,,,,,,,,,,,,,,,,,,,,,,,,,,,,,,,,,,,,,,,,,,,,,,,,,,,,,,,,,,,,,,,,,,,,,,,,,,,,,,,,,,,,,,,,,TYM,천일고속,,가온전선,,,,,,,,,,,,,제이에스티나,,,,,,,,,,,,,,,,경방,,,바이오노트,,,,
,,,,,,,,,,,,,,,,,,,,,,,,,,,,,,,,,,,,,,,,,,,,,,,,,,,,,,,,,,,,,,,,,,,,,,,,,,,,,,,,,,,,,,,,,,,,,HMM,KC코트렐,,나이스정보통신,,,,,,,,,,,,,삼양통상,,,,,,,,,,,,,,,,우신시스템,,,블레이드 Ent,,,,
,,,,,,,,,,,,,,,,,,,,,,,,,,,,,,,,,,,,,,,,,,,,,,,,,,,,,,,,,,,,,,,,,,,,,,,,,,,,,,,,,,,,,,,,,,,,,삼일기업공사,프럼파스트,,제이엠아이,,,,,,,,,,,,,일신방직,,,,,,,,,,,,,,,,네오오토,,,일신바이오,,,,
,,,,,,,,,,,,,,,,,,,,,,,,,,,,,,,,,,,,,,,,,,,,,,,,,,,,,,,,,,,,,,,,,,,,,,,,,,,,,,,,,,,,,,,,,,,,,다원시스,로보스타,,HJ중공업,,,,,,,,,,,,,아이에이,,,,,,,,,,,,,,,,엠에프엠코리아,,,인피니트헬스케어,,,,
,,,,,,,,,,,,,,,,,,,,,,,,,,,,,,,,,,,,,,,,,,,,,,,,,,,,,,,,,,,,,,,,,,,,,,,,,,,,,,,,,,,,,,,,,,,,,삼일씨엔에스,진에어,,모델솔루션,,,,,,,,,,,,,바른손,,,,,,,,,,,,,,,,BGF리테일,,,신일제약,,,,
,,,,,,,,,,,,,,,,,,,,,,,,,,,,,,,,,,,,,,,,,,,,,,,,,,,,,,,,,,,,,,,,,,,,,,,,,,,,,,,,,,,,,,,,,,,,,라이온켐텍,화성산업,,HD한국조선해양,,,,,,,,,,,,,윌비스,,,,,,,,,,,,,,,,진도,,,랩지노믹스,,,,
,,,,,,,,,,,,,,,,,,,,,,,,,,,,,,,,,,,,,,,,,,,,,,,,,,,,,,,,,,,,,,,,,,,,,,,,,,,,,,,,,,,,,,,,,,,,,KTis,진흥기업,,이크레더블,,,,,,,,,,,,,폴라리스우노,,,,,,,,,,,,,,,,BGF에코머티리얼즈,,,한독,,,,
,,,,,,,,,,,,,,,,,,,,,,,,,,,,,,,,,,,,,,,,,,,,,,,,,,,,,,,,,,,,,,,,,,,,,,,,,,,,,,,,,,,,,,,,,,,,,에이트원,한솔로지스틱스,,해성티피씨,,,,,,,,,,,,,다이나믹디자인,,,,,,,,,,,,,,,,에스엠벡셀,,,프롬바이오,,,,
,,,,,,,,,,,,,,,,,,,,,,,,,,,,,,,,,,,,,,,,,,,,,,,,,,,,,,,,,,,,,,,,,,,,,,,,,,,,,,,,,,,,,,,,,,,,,오리엔탈정공,서암기계공업,,에스엠코어,,,,,,,,,,,,,새론오토모티브,,,,,,,,,,,,,,,,한국무브넥스,,,바이오플러스,,,,
,,,,,,,,,,,,,,,,,,,,,,,,,,,,,,,,,,,,,,,,,,,,,,,,,,,,,,,,,,,,,,,,,,,,,,,,,,,,,,,,,,,,,,,,,,,,,세명전기,금강공업,,나라엠앤디,,,,,,,,,,,,,아이윈,,,,,,,,,,,,,,,,지엠비코리아,,,나이벡,,,,
,,,,,,,,,,,,,,,,,,,,,,,,,,,,,,,,,,,,,,,,,,,,,,,,,,,,,,,,,,,,,,,,,,,,,,,,,,,,,,,,,,,,,,,,,,,,,아세아텍,SNT에너지,,성신양회,,,,,,,,,,,,,영원무역홀딩스,,,,,,,,,,,,,,,,GH신소재,,,화일약품,,,,
,,,,,,,,,,,,,,,,,,,,,,,,,,,,,,,,,,,,,,,,,,,,,,,,,,,,,,,,,,,,,,,,,,,,,,,,,,,,,,,,,,,,,,,,,,,,,일성건설,영풍정밀,,두산,,,,,,,,,,,,,백산,,,,,,,,,,,,,,,,형지엘리트,,,진바이오텍,,,,
,,,,,,,,,,,,,,,,,,,,,,,,,,,,,,,,,,,,,,,,,,,,,,,,,,,,,,,,,,,,,,,,,,,,,,,,,,,,,,,,,,,,,,,,,,,,,코오롱글로벌,스맥,,에너토크,,,,,,,,,,,,,라파스,,,,,,,,,,,,,,,,트루윈,,,동아쏘시오홀딩스,,,,
,,,,,,,,,,,,,,,,,,,,,,,,,,,,,,,,,,,,,,,,,,,,,,,,,,,,,,,,,,,,,,,,,,,,,,,,,,,,,,,,,,,,,,,,,,,,,동양파일,피앤씨테크,,LIG넥스원,,,,,,,,,,,,,한국타이어앤테크놀로지,,,,,,,,,,,,,,,,LF,,,이연제약,,,,
,,,,,,,,,,,,,,,,,,,,,,,,,,,,,,,,,,,,,,,,,,,,,,,,,,,,,,,,,,,,,,,,,,,,,,,,,,,,,,,,,,,,,,,,,,,,,나이스정보통신,서한,,한샘,,,,,,,,,,,,,대유에이피,,,,,,,,,,,,,,,,공구우먼,,,삼진제약,,,,
,,,,,,,,,,,,,,,,,,,,,,,,,,,,,,,,,,,,,,,,,,,,,,,,,,,,,,,,,,,,,,,,,,,,,,,,,,,,,,,,,,,,,,,,,,,,,HJ중공업,LX인터내셔널,,보광산업,,,,,,,,,,,,,두올,,,,,,,,,,,,,,,,,,,,,,,
,,,,,,,,,,,,,,,,,,,,,,,,,,,,,,,,,,,,,,,,,,,,,,,,,,,,,,,,,,,,,,,,,,,,,,,,,,,,,,,,,,,,,,,,,,,,,모델솔루션,디와이파워,,KBI메탈,,,,,,,,,,,,,웅진씽크빅,,,,,,,,,,,,,,,,,,,,,,,
,,,,,,,,,,,,,,,,,,,,,,,,,,,,,,,,,,,,,,,,,,,,,,,,,,,,,,,,,,,,,,,,,,,,,,,,,,,,,,,,,,,,,,,,,,,,,해성티피씨,휴림로봇,,에쓰씨엔지니어링,,,,,,,,,,,,,제닉,,,,,,,,,,,,,,,,,,,,,,,
,,,,,,,,,,,,,,,,,,,,,,,,,,,,,,,,,,,,,,,,,,,,,,,,,,,,,,,,,,,,,,,,,,,,,,,,,,,,,,,,,,,,,,,,,,,,,나라엠앤디,현대건설,,제룡산업,,,,,,,,,,,,,코웨이,,,,,,,,,,,,,,,,,,,,,,,
,,,,,,,,,,,,,,,,,,,,,,,,,,,,,,,,,,,,,,,,,,,,,,,,,,,,,,,,,,,,,,,,,,,,,,,,,,,,,,,,,,,,,,,,,,,,,KBI메탈,SGC이테크건설,,코엔텍,,,,,,,,,,,,,성창오토텍,,,,,,,,,,,,,,,,,,,,,,,
,,,,,,,,,,,,,,,,,,,,,,,,,,,,,,,,,,,,,,,,,,,,,,,,,,,,,,,,,,,,,,,,,,,,,,,,,,,,,,,,,,,,,,,,,,,,,한샘,빅텍,,오하임아이엔티,,,,,,,,,,,,,브이티,,,,,,,,,,,,,,,,,,,,,,,
,,,,,,,,,,,,,,,,,,,,,,,,,,,,,,,,,,,,,,,,,,,,,,,,,,,,,,,,,,,,,,,,,,,,,,,,,,,,,,,,,,,,,,,,,,,,,우리기술,이엔플러스,,이건홀딩스,,,,,,,,,,,,,유니테크노,,,,,,,,,,,,,,,,,,,,,,,
,,,,,,,,,,,,,,,,,,,,,,,,,,,,,,,,,,,,,,,,,,,,,,,,,,,,,,,,,,,,,,,,,,,,,,,,,,,,,,,,,,,,,,,,,,,,,천일고속,에스피시스템스,,천일고속,,,,,,,,,,,,,성우하이텍,,,,,,,,,,,,,,,,,,,,,,,
,,,,,,,,,,,,,,,,,,,,,,,,,,,,,,,,,,,,,,,,,,,,,,,,,,,,,,,,,,,,,,,,,,,,,,,,,,,,,,,,,,,,,,,,,,,,,고려신용정보,한일현대시멘트,,진에어,,,,,,,,,,,,,플레이그램,,,,,,,,,,,,,,,,,,,,,,,
,,,,,,,,,,,,,,,,,,,,,,,,,,,,,,,,,,,,,,,,,,,,,,,,,,,,,,,,,,,,,,,,,,,,,,,,,,,,,,,,,,,,,,,,,,,,,화성산업,금호건설,,로보스타,,,,,,,,,,,,,영화테크,,,,,,,,,,,,,,,,,,,,,,,
,,,,,,,,,,,,,,,,,,,,,,,,,,,,,,,,,,,,,,,,,,,,,,,,,,,,,,,,,,,,,,,,,,,,,,,,,,,,,,,,,,,,,,,,,,,,,일진파워,한화,,한솔로지스틱스,,,,,,,,,,,,,신일전자,,,,,,,,,,,,,,,,,,,,,,,
,,,,,,,,,,,,,,,,,,,,,,,,,,,,,,,,,,,,,,,,,,,,,,,,,,,,,,,,,,,,,,,,,,,,,,,,,,,,,,,,,,,,,,,,,,,,,서한,신세계건설,,화성산업,,,,,,,,,,,,,현대바이오랜드,,,,,,,,,,,,,,,,,,,,,,,
,,,,,,,,,,,,,,,,,,,,,,,,,,,,,,,,,,,,,,,,,,,,,,,,,,,,,,,,,,,,,,,,,,,,,,,,,,,,,,,,,,,,,,,,,,,,,휴림로봇,토탈소프트,,진흥기업,,,,,,,,,,,,,한국콜마,,,,,,,,,,,,,,,,,,,,,,,
,,,,,,,,,,,,,,,,,,,,,,,,,,,,,,,,,,,,,,,,,,,,,,,,,,,,,,,,,,,,,,,,,,,,,,,,,,,,,,,,,,,,,,,,,,,,,현대건설,,,서암기계공업,,,,,,,,,,,,,일지테크,,,,,,,,,,,,,,,,,,,,,,,
,,,,,,,,,,,,,,,,,,,,,,,,,,,,,,,,,,,,,,,,,,,,,,,,,,,,,,,,,,,,,,,,,,,,,,,,,,,,,,,,,,,,,,,,,,,,,CJ,,,듀오백,,,,,,,,,,,,,코데즈컴바인,,,,,,,,,,,,,,,,,,,,,,,
,,,,,,,,,,,,,,,,,,,,,,,,,,,,,,,,,,,,,,,,,,,,,,,,,,,,,,,,,,,,,,,,,,,,,,,,,,,,,,,,,,,,,,,,,,,,,시디즈,,,금강공업,,,,,,,,,,,,,크린앤사이언스,,,,,,,,,,,,,,,,,,,,,,,
,,,,,,,,,,,,,,,,,,,,,,,,,,,,,,,,,,,,,,,,,,,,,,,,,,,,,,,,,,,,,,,,,,,,,,,,,,,,,,,,,,,,,,,,,,,,,이엔플러스,,,SNT에너지,,,,,,,,,,,,,잇츠한불,,,,,,,,,,,,,,,,,,,,,,,
,,,,,,,,,,,,,,,,,,,,,,,,,,,,,,,,,,,,,,,,,,,,,,,,,,,,,,,,,,,,,,,,,,,,,,,,,,,,,,,,,,,,,,,,,,,,,에스피시스템스,,,영풍정밀,,,,,,,,,,,,,서진오토모티브,,,,,,,,,,,,,,,,,,,,,,,
,,,,,,,,,,,,,,,,,,,,,,,,,,,,,,,,,,,,,,,,,,,,,,,,,,,,,,,,,,,,,,,,,,,,,,,,,,,,,,,,,,,,,,,,,,,,,지누스,,,스맥,,,,,,,,,,,,,내츄럴엔도텍,,,,,,,,,,,,,,,,,,,,,,,
,,,,,,,,,,,,,,,,,,,,,,,,,,,,,,,,,,,,,,,,,,,,,,,,,,,,,,,,,,,,,,,,,,,,,,,,,,,,,,,,,,,,,,,,,,,,,신세계건설,,,한일시멘트,,,,,,,,,,,,,서연,,,,,,,,,,,,,,,,,,,,,,,
,,,,,,,,,,,,,,,,,,,,,,,,,,,,,,,,,,,,,,,,,,,,,,,,,,,,,,,,,,,,,,,,,,,,,,,,,,,,,,,,,,,,,,,,,,,,,서희건설,,,동화기업,,,,,,,,,,,,,코리아에프티,,,,,,,,,,,,,,,,,,,,,,,
,,,,,,,,,,,,,,,,,,,,,,,,,,,,,,,,,,,,,,,,,,,,,,,,,,,,,,,,,,,,,,,,,,,,,,,,,,,,,,,,,,,,,,,,,,,,,SK네트웍스,,,일진파워,,,,,,,,,,,,,엔바이오니아,,,,,,,,,,,,,,,,,,,,,,,
,,,,,,,,,,,,,,,,,,,,,,,,,,,,,,,,,,,,,,,,,,,,,,,,,,,,,,,,,,,,,,,,,,,,,,,,,,,,,,,,,,,,,,,,,,,,,와토스코리아,,,서한,,,,,,,,,,,,,상신브레이크,,,,,,,,,,,,,,,,,,,,,,,
,,,,,,,,,,,,,,,,,,,,,,,,,,,,,,,,,,,,,,,,,,,,,,,,,,,,,,,,,,,,,,,,,,,,,,,,,,,,,,,,,,,,,,,,,,,,,일진홀딩스,,,디와이파워,,,,,,,,,,,,,우신시스템,,,,,,,,,,,,,,,,,,,,,,,
,,,,,,,,,,,,,,,,,,,,,,,,,,,,,,,,,,,,,,,,,,,,,,,,,,,,,,,,,,,,,,,,,,,,,,,,,,,,,,,,,,,,,,,,,,,,,까뮤이앤씨,,,휴림로봇,,,,,,,,,,,,,네오오토,,,,,,,,,,,,,,,,,,,,,,,
,,,,,,,,,,,,,,,,,,,,,,,,,,,,,,,,,,,,,,,,,,,,,,,,,,,,,,,,,,,,,,,,,,,,,,,,,,,,,,,,,,,,,,,,,,,,,KIB플러그에너지,,,현대건설,,,,,,,,,,,,,경방,,,,,,,,,,,,,,,,,,,,,,,
,,,,,,,,,,,,,,,,,,,,,,,,,,,,,,,,,,,,,,,,,,,,,,,,,,,,,,,,,,,,,,,,,,,,,,,,,,,,,,,,,,,,,,,,,,,,,TKG애강,,,CJ,,,,,,,,,,,,,LS네트웍스,,,,,,,,,,,,,,,,,,,,,,,
,,,,,,,,,,,,,,,,,,,,,,,,,,,,,,,,,,,,,,,,,,,,,,,,,,,,,,,,,,,,,,,,,,,,,,,,,,,,,,,,,,,,,,,,,,,,,현대미포조선,,,시디즈,,,,,,,,,,,,,제이준코스메틱,,,,,,,,,,,,,,,,,,,,,,,
,,,,,,,,,,,,,,,,,,,,,,,,,,,,,,,,,,,,,,,,,,,,,,,,,,,,,,,,,,,,,,,,,,,,,,,,,,,,,,,,,,,,,,,,,,,,,코오롱,,,레드캡투어,,,,,,,,,,,,,엠에프엠코리아,,,,,,,,,,,,,,,,,,,,,,,
,,,,,,,,,,,,,,,,,,,,,,,,,,,,,,,,,,,,,,,,,,,,,,,,,,,,,,,,,,,,,,,,,,,,,,,,,,,,,,,,,,,,,,,,,,,,,한화에어로스페이스,,,이엔플러스,,,,,,,,,,,,,그리티,,,,,,,,,,,,,,,,,,,,,,,
,,,,,,,,,,,,,,,,,,,,,,,,,,,,,,,,,,,,,,,,,,,,,,,,,,,,,,,,,,,,,,,,,,,,,,,,,,,,,,,,,,,,,,,,,,,,,현대에버다임,,,에스피시스템스,,,,,,,,,,,,,BGF리테일,,,,,,,,,,,,,,,,,,,,,,,
,,,,,,,,,,,,,,,,,,,,,,,,,,,,,,,,,,,,,,,,,,,,,,,,,,,,,,,,,,,,,,,,,,,,,,,,,,,,,,,,,,,,,,,,,,,,,보성파워텍,,,한일현대시멘트,,,,,,,,,,,,,진도,,,,,,,,,,,,,,,,,,,,,,,
,,,,,,,,,,,,,,,,,,,,,,,,,,,,,,,,,,,,,,,,,,,,,,,,,,,,,,,,,,,,,,,,,,,,,,,,,,,,,,,,,,,,,,,,,,,,,에코프로에이치엔,,,금호건설,,,,,,,,,,,,,BGF에코머티리얼즈,,,,,,,,,,,,,,,,,,,,,,,
,,,,,,,,,,,,,,,,,,,,,,,,,,,,,,,,,,,,,,,,,,,,,,,,,,,,,,,,,,,,,,,,,,,,,,,,,,,,,,,,,,,,,,,,,,,,,에이테크솔루션,,,한화,,,,,,,,,,,,,한국앤컴퍼니,,,,,,,,,,,,,,,,,,,,,,,
,,,,,,,,,,,,,,,,,,,,,,,,,,,,,,,,,,,,,,,,,,,,,,,,,,,,,,,,,,,,,,,,,,,,,,,,,,,,,,,,,,,,,,,,,,,,,KT서브마린,,,신세계건설,,,,,,,,,,,,,에스엠벡셀,,,,,,,,,,,,,,,,,,,,,,,
,,,,,,,,,,,,,,,,,,,,,,,,,,,,,,,,,,,,,,,,,,,,,,,,,,,,,,,,,,,,,,,,,,,,,,,,,,,,,,,,,,,,,,,,,,,,,삼부토건,,,CNT85,,,,,,,,,,,,,한국무브넥스,,,,,,,,,,,,,,,,,,,,,,,
,,,,,,,,,,,,,,,,,,,,,,,,,,,,,,,,,,,,,,,,,,,,,,,,,,,,,,,,,,,,,,,,,,,,,,,,,,,,,,,,,,,,,,,,,,,,,제주항공,,,,,,,,,,,,,,,,지엠비코리아,,,,,,,,,,,,,,,,,,,,,,,
,,,,,,,,,,,,,,,,,,,,,,,,,,,,,,,,,,,,,,,,,,,,,,,,,,,,,,,,,,,,,,,,,,,,,,,,,,,,,,,,,,,,,,,,,,,,,동아지질,,,,,,,,,,,,,,,,GH신소재,,,,,,,,,,,,,,,,,,,,,,,
,,,,,,,,,,,,,,,,,,,,,,,,,,,,,,,,,,,,,,,,,,,,,,,,,,,,,,,,,,,,,,,,,,,,,,,,,,,,,,,,,,,,,,,,,,,,,고려시멘트,,,,,,,,,,,,,,,,형지엘리트,,,,,,,,,,,,,,,,,,,,,,,
,,,,,,,,,,,,,,,,,,,,,,,,,,,,,,,,,,,,,,,,,,,,,,,,,,,,,,,,,,,,,,,,,,,,,,,,,,,,,,,,,,,,,,,,,,,,,HD현대인프라코어,,,,,,,,,,,,,,,,트루윈,,,,,,,,,,,,,,,,,,,,,,,
,,,,,,,,,,,,,,,,,,,,,,,,,,,,,,,,,,,,,,,,,,,,,,,,,,,,,,,,,,,,,,,,,,,,,,,,,,,,,,,,,,,,,,,,,,,,,STX엔진,,,,,,,,,,,,,,,,LF,,,,,,,,,,,,,,,,,,,,,,,
,,,,,,,,,,,,,,,,,,,,,,,,,,,,,,,,,,,,,,,,,,,,,,,,,,,,,,,,,,,,,,,,,,,,,,,,,,,,,,,,,,,,,,,,,,,,,화천기계,,,,,,,,,,,,,,,,공구우먼,,,,,,,,,,,,,,,,,,,,,,,
,,,,,,,,,,,,,,,,,,,,,,,,,,,,,,,,,,,,,,,,,,,,,,,,,,,,,,,,,,,,,,,,,,,,,,,,,,,,,,,,,,,,,,,,,,,,,퍼시스,,,,,,,,,,,,,,,,,,,,,,,,,,,,,,,,,,,,,,,
,,,,,,,,,,,,,,,,,,,,,,,,,,,,,,,,,,,,,,,,,,,,,,,,,,,,,,,,,,,,,,,,,,,,,,,,,,,,,,,,,,,,,,,,,,,,,삼목에스폼,,,,,,,,,,,,,,,,,,,,,,,,,,,,,,,,,,,,,,,
,,,,,,,,,,,,,,,,,,,,,,,,,,,,,,,,,,,,,,,,,,,,,,,,,,,,,,,,,,,,,,,,,,,,,,,,,,,,,,,,,,,,,,,,,,,,,에이비프로바이오,,,,,,,,,,,,,,,,,,,,,,,,,,,,,,,,,,,,,,,
,,,,,,,,,,,,,,,,,,,,,,,,,,,,,,,,,,,,,,,,,,,,,,,,,,,,,,,,,,,,,,,,,,,,,,,,,,,,,,,,,,,,,,,,,,,,,제이오,,,,,,,,,,,,,,,,,,,,,,,,,,,,,,,,,,,,,,,
,,,,,,,,,,,,,,,,,,,,,,,,,,,,,,,,,,,,,,,,,,,,,,,,,,,,,,,,,,,,,,,,,,,,,,,,,,,,,,,,,,,,,,,,,,,,,이건산업,,,,,,,,,,,,,,,,,,,,,,,,,,,,,,,,,,,,,,,
,,,,,,,,,,,,,,,,,,,,,,,,,,,,,,,,,,,,,,,,,,,,,,,,,,,,,,,,,,,,,,,,,,,,,,,,,,,,,,,,,,,,,,,,,,,,,SIMPAC,,,,,,,,,,,,,,,,,,,,,,,,,,,,,,,,,,,,,,,
,,,,,,,,,,,,,,,,,,,,,,,,,,,,,,,,,,,,,,,,,,,,,,,,,,,,,,,,,,,,,,,,,,,,,,,,,,,,,,,,,,,,,,,,,,,,,동양고속,,,,,,,,,,,,,,,,,,,,,,,,,,,,,,,,,,,,,,,
,,,,,,,,,,,,,,,,,,,,,,,,,,,,,,,,,,,,,,,,,,,,,,,,,,,,,,,,,,,,,,,,,,,,,,,,,,,,,,,,,,,,,,,,,,,,,대성하이텍,,,,,,,,,,,,,,,,,,,,,,,,,,,,,,,,,,,,,,,
,,,,,,,,,,,,,,,,,,,,,,,,,,,,,,,,,,,,,,,,,,,,,,,,,,,,,,,,,,,,,,,,,,,,,,,,,,,,,,,,,,,,,,,,,,,,,아이에스동서,,,,,,,,,,,,,,,,,,,,,,,,,,,,,,,,,,,,,,,
,,,,,,,,,,,,,,,,,,,,,,,,,,,,,,,,,,,,,,,,,,,,,,,,,,,,,,,,,,,,,,,,,,,,,,,,,,,,,,,,,,,,,,,,,,,,,HD현대건설기계,,,,,,,,,,,,,,,,,,,,,,,,,,,,,,,,,,,,,,,
,,,,,,,,,,,,,,,,,,,,,,,,,,,,,,,,,,,,,,,,,,,,,,,,,,,,,,,,,,,,,,,,,,,,,,,,,,,,,,,,,,,,,,,,,,,,,선광,,,,,,,,,,,,,,,,,,,,,,,,,,,,,,,,,,,,,,,
,,,,,,,,,,,,,,,,,,,,,,,,,,,,,,,,,,,,,,,,,,,,,,,,,,,,,,,,,,,,,,,,,,,,,,,,,,,,,,,,,,,,,,,,,,,,,서산,,,,,,,,,,,,,,,,,,,,,,,,,,,,,,,,,,,,,,,
,,,,,,,,,,,,,,,,,,,,,,,,,,,,,,,,,,,,,,,,,,,,,,,,,,,,,,,,,,,,,,,,,,,,,,,,,,,,,,,,,,,,,,,,,,,,,삼익THK,,,,,,,,,,,,,,,,,,,,,,,,,,,,,,,,,,,,,,,
,,,,,,,,,,,,,,,,,,,,,,,,,,,,,,,,,,,,,,,,,,,,,,,,,,,,,,,,,,,,,,,,,,,,,,,,,,,,,,,,,,,,,,,,,,,,,일신석재,,,,,,,,,,,,,,,,,,,,,,,,,,,,,,,,,,,,,,,
,,,,,,,,,,,,,,,,,,,,,,,,,,,,,,,,,,,,,,,,,,,,,,,,,,,,,,,,,,,,,,,,,,,,,,,,,,,,,,,,,,,,,,,,,,,,,효성,,,,,,,,,,,,,,,,,,,,,,,,,,,,,,,,,,,,,,,
,,,,,,,,,,,,,,,,,,,,,,,,,,,,,,,,,,,,,,,,,,,,,,,,,,,,,,,,,,,,,,,,,,,,,,,,,,,,,,,,,,,,,,,,,,,,,쎄트렉아이,,,,,,,,,,,,,,,,,,,,,,,,,,,,,,,,,,,,,,,
,,,,,,,,,,,,,,,,,,,,,,,,,,,,,,,,,,,,,,,,,,,,,,,,,,,,,,,,,,,,,,,,,,,,,,,,,,,,,,,,,,,,,,,,,,,,,삼성엔지니어링,,,,,,,,,,,,,,,,,,,,,,,,,,,,,,,,,,,,,,,
,,,,,,,,,,,,,,,,,,,,,,,,,,,,,,,,,,,,,,,,,,,,,,,,,,,,,,,,,,,,,,,,,,,,,,,,,,,,,,,,,,,,,,,,,,,,,대한전선,,,,,,,,,,,,,,,,,,,,,,,,,,,,,,,,,,,,,,,
,,,,,,,,,,,,,,,,,,,,,,,,,,,,,,,,,,,,,,,,,,,,,,,,,,,,,,,,,,,,,,,,,,,,,,,,,,,,,,,,,,,,,,,,,,,,,세보엠이씨,,,,,,,,,,,,,,,,,,,,,,,,,,,,,,,,,,,,,,,
,,,,,,,,,,,,,,,,,,,,,,,,,,,,,,,,,,,,,,,,,,,,,,,,,,,,,,,,,,,,,,,,,,,,,,,,,,,,,,,,,,,,,,,,,,,,,한일홀딩스,,,,,,,,,,,,,,,,,,,,,,,,,,,,,,,,,,,,,,,
,,,,,,,,,,,,,,,,,,,,,,,,,,,,,,,,,,,,,,,,,,,,,,,,,,,,,,,,,,,,,,,,,,,,,,,,,,,,,,,,,,,,,,,,,,,,,한국정밀기계,,,,,,,,,,,,,,,,,,,,,,,,,,,,,,,,,,,,,,,
,,,,,,,,,,,,,,,,,,,,,,,,,,,,,,,,,,,,,,,,,,,,,,,,,,,,,,,,,,,,,,,,,,,,,,,,,,,,,,,,,,,,,,,,,,,,,HD현대일렉트릭,,,,,,,,,,,,,,,,,,,,,,,,,,,,,,,,,,,,,,,
,,,,,,,,,,,,,,,,,,,,,,,,,,,,,,,,,,,,,,,,,,,,,,,,,,,,,,,,,,,,,,,,,,,,,,,,,,,,,,,,,,,,,,,,,,,,,한국카본,,,,,,,,,,,,,,,,,,,,,,,,,,,,,,,,,,,,,,,
,,,,,,,,,,,,,,,,,,,,,,,,,,,,,,,,,,,,,,,,,,,,,,,,,,,,,,,,,,,,,,,,,,,,,,,,,,,,,,,,,,,,,,,,,,,,,두산에너빌리티,,,,,,,,,,,,,,,,,,,,,,,,,,,,,,,,,,,,,,,
,,,,,,,,,,,,,,,,,,,,,,,,,,,,,,,,,,,,,,,,,,,,,,,,,,,,,,,,,,,,,,,,,,,,,,,,,,,,,,,,,,,,,,,,,,,,,켄코아에어로스페이스,,,,,,,,,,,,,,,,,,,,,,,,,,,,,,,,,,,,,,,
,,,,,,,,,,,,,,,,,,,,,,,,,,,,,,,,,,,,,,,,,,,,,,,,,,,,,,,,,,,,,,,,,,,,,,,,,,,,,,,,,,,,,,,,,,,,,메디콕스,,,,,,,,,,,,,,,,,,,,,,,,,,,,,,,,,,,,,,,
,,,,,,,,,,,,,,,,,,,,,,,,,,,,,,,,,,,,,,,,,,,,,,,,,,,,,,,,,,,,,,,,,,,,,,,,,,,,,,,,,,,,,,,,,,,,,비엠티,,,,,,,,,,,,,,,,,,,,,,,,,,,,,,,,,,,,,,,
,,,,,,,,,,,,,,,,,,,,,,,,,,,,,,,,,,,,,,,,,,,,,,,,,,,,,,,,,,,,,,,,,,,,,,,,,,,,,,,,,,,,,,,,,,,,,베노티앤알,,,,,,,,,,,,,,,,,,,,,,,,,,,,,,,,,,,,,,,
,,,,,,,,,,,,,,,,,,,,,,,,,,,,,,,,,,,,,,,,,,,,,,,,,,,,,,,,,,,,,,,,,,,,,,,,,,,,,,,,,,,,,,,,,,,,,우진아이엔에스,,,,,,,,,,,,,,,,,,,,,,,,,,,,,,,,,,,,,,,
,,,,,,,,,,,,,,,,,,,,,,,,,,,,,,,,,,,,,,,,,,,,,,,,,,,,,,,,,,,,,,,,,,,,,,,,,,,,,,,,,,,,,,,,,,,,,드림시큐리티,,,,,,,,,,,,,,,,,,,,,,,,,,,,,,,,,,,,,,,
,,,,,,,,,,,,,,,,,,,,,,,,,,,,,,,,,,,,,,,,,,,,,,,,,,,,,,,,,,,,,,,,,,,,,,,,,,,,,,,,,,,,,,,,,,,,,유수홀딩스,,,,,,,,,,,,,,,,,,,,,,,,,,,,,,,,,,,,,,,
,,,,,,,,,,,,,,,,,,,,,,,,,,,,,,,,,,,,,,,,,,,,,,,,,,,,,,,,,,,,,,,,,,,,,,,,,,,,,,,,,,,,,,,,,,,,,동부건설,,,,,,,,,,,,,,,,,,,,,,,,,,,,,,,,,,,,,,,
,,,,,,,,,,,,,,,,,,,,,,,,,,,,,,,,,,,,,,,,,,,,,,,,,,,,,,,,,,,,,,,,,,,,,,,,,,,,,,,,,,,,,,,,,,,,,STX,,,,,,,,,,,,,,,,,,,,,,,,,,,,,,,,,,,,,,,
,,,,,,,,,,,,,,,,,,,,,,,,,,,,,,,,,,,,,,,,,,,,,,,,,,,,,,,,,,,,,,,,,,,,,,,,,,,,,,,,,,,,,,,,,,,,,에넥스,,,,,,,,,,,,,,,,,,,,,,,,,,,,,,,,,,,,,,,
,,,,,,,,,,,,,,,,,,,,,,,,,,,,,,,,,,,,,,,,,,,,,,,,,,,,,,,,,,,,,,,,,,,,,,,,,,,,,,,,,,,,,,,,,,,,,우원개발,,,,,,,,,,,,,,,,,,,,,,,,,,,,,,,,,,,,,,,
,,,,,,,,,,,,,,,,,,,,,,,,,,,,,,,,,,,,,,,,,,,,,,,,,,,,,,,,,,,,,,,,,,,,,,,,,,,,,,,,,,,,,,,,,,,,,디와이,,,,,,,,,,,,,,,,,,,,,,,,,,,,,,,,,,,,,,,
,,,,,,,,,,,,,,,,,,,,,,,,,,,,,,,,,,,,,,,,,,,,,,,,,,,,,,,,,,,,,,,,,,,,,,,,,,,,,,,,,,,,,,,,,,,,,수성샐바시온,,,,,,,,,,,,,,,,,,,,,,,,,,,,,,,,,,,,,,,
,,,,,,,,,,,,,,,,,,,,,,,,,,,,,,,,,,,,,,,,,,,,,,,,,,,,,,,,,,,,,,,,,,,,,,,,,,,,,,,,,,,,,,,,,,,,,케이엔솔,,,,,,,,,,,,,,,,,,,,,,,,,,,,,,,,,,,,,,,
,,,,,,,,,,,,,,,,,,,,,,,,,,,,,,,,,,,,,,,,,,,,,,,,,,,,,,,,,,,,,,,,,,,,,,,,,,,,,,,,,,,,,,,,,,,,,현대무벡스,,,,,,,,,,,,,,,,,,,,,,,,,,,,,,,,,,,,,,,
,,,,,,,,,,,,,,,,,,,,,,,,,,,,,,,,,,,,,,,,,,,,,,,,,,,,,,,,,,,,,,,,,,,,,,,,,,,,,,,,,,,,,,,,,,,,,와이엔텍,,,,,,,,,,,,,,,,,,,,,,,,,,,,,,,,,,,,,,,
,,,,,,,,,,,,,,,,,,,,,,,,,,,,,,,,,,,,,,,,,,,,,,,,,,,,,,,,,,,,,,,,,,,,,,,,,,,,,,,,,,,,,,,,,,,,,LX하우시스,,,,,,,,,,,,,,,,,,,,,,,,,,,,,,,,,,,,,,,
,,,,,,,,,,,,,,,,,,,,,,,,,,,,,,,,,,,,,,,,,,,,,,,,,,,,,,,,,,,,,,,,,,,,,,,,,,,,,,,,,,,,,,,,,,,,,디케이락,,,,,,,,,,,,,,,,,,,,,,,,,,,,,,,,,,,,,,,
,,,,,,,,,,,,,,,,,,,,,,,,,,,,,,,,,,,,,,,,,,,,,,,,,,,,,,,,,,,,,,,,,,,,,,,,,,,,,,,,,,,,,,,,,,,,,부산산업,,,,,,,,,,,,,,,,,,,,,,,,,,,,,,,,,,,,,,,
,,,,,,,,,,,,,,,,,,,,,,,,,,,,,,,,,,,,,,,,,,,,,,,,,,,,,,,,,,,,,,,,,,,,,,,,,,,,,,,,,,,,,,,,,,,,,티에스아이,,,,,,,,,,,,,,,,,,,,,,,,,,,,,,,,,,,,,,,
,,,,,,,,,,,,,,,,,,,,,,,,,,,,,,,,,,,,,,,,,,,,,,,,,,,,,,,,,,,,,,,,,,,,,,,,,,,,,,,,,,,,,,,,,,,,,SCI평가정보,,,,,,,,,,,,,,,,,,,,,,,,,,,,,,,,,,,,,,,
,,,,,,,,,,,,,,,,,,,,,,,,,,,,,,,,,,,,,,,,,,,,,,,,,,,,,,,,,,,,,,,,,,,,,,,,,,,,,,,,,,,,,,,,,,,,,아세아시멘트,,,,,,,,,,,,,,,,,,,,,,,,,,,,,,,,,,,,,,,
,,,,,,,,,,,,,,,,,,,,,,,,,,,,,,,,,,,,,,,,,,,,,,,,,,,,,,,,,,,,,,,,,,,,,,,,,,,,,,,,,,,,,,,,,,,,,자연과환경,,,,,,,,,,,,,,,,,,,,,,,,,,,,,,,,,,,,,,,
,,,,,,,,,,,,,,,,,,,,,,,,,,,,,,,,,,,,,,,,,,,,,,,,,,,,,,,,,,,,,,,,,,,,,,,,,,,,,,,,,,,,,,,,,,,,,유니드비티플러스,,,,,,,,,,,,,,,,,,,,,,,,,,,,,,,,,,,,,,,
,,,,,,,,,,,,,,,,,,,,,,,,,,,,,,,,,,,,,,,,,,,,,,,,,,,,,,,,,,,,,,,,,,,,,,,,,,,,,,,,,,,,,,,,,,,,,벽산,,,,,,,,,,,,,,,,,,,,,,,,,,,,,,,,,,,,,,,
,,,,,,,,,,,,,,,,,,,,,,,,,,,,,,,,,,,,,,,,,,,,,,,,,,,,,,,,,,,,,,,,,,,,,,,,,,,,,,,,,,,,,,,,,,,,,강원에너지,,,,,,,,,,,,,,,,,,,,,,,,,,,,,,,,,,,,,,,
,,,,,,,,,,,,,,,,,,,,,,,,,,,,,,,,,,,,,,,,,,,,,,,,,,,,,,,,,,,,,,,,,,,,,,,,,,,,,,,,,,,,,,,,,,,,,동신건설,,,,,,,,,,,,,,,,,,,,,,,,,,,,,,,,,,,,,,,
,,,,,,,,,,,,,,,,,,,,,,,,,,,,,,,,,,,,,,,,,,,,,,,,,,,,,,,,,,,,,,,,,,,,,,,,,,,,,,,,,,,,,,,,,,,,,국보,,,,,,,,,,,,,,,,,,,,,,,,,,,,,,,,,,,,,,,
,,,,,,,,,,,,,,,,,,,,,,,,,,,,,,,,,,,,,,,,,,,,,,,,,,,,,,,,,,,,,,,,,,,,,,,,,,,,,,,,,,,,,,,,,,,,,SK오션플랜트,,,,,,,,,,,,,,,,,,,,,,,,,,,,,,,,,,,,,,,
,,,,,,,,,,,,,,,,,,,,,,,,,,,,,,,,,,,,,,,,,,,,,,,,,,,,,,,,,,,,,,,,,,,,,,,,,,,,,,,,,,,,,,,,,,,,,현대코퍼레이션,,,,,,,,,,,,,,,,,,,,,,,,,,,,,,,,,,,,,,,
,,,,,,,,,,,,,,,,,,,,,,,,,,,,,,,,,,,,,,,,,,,,,,,,,,,,,,,,,,,,,,,,,,,,,,,,,,,,,,,,,,,,,,,,,,,,,3S,,,,,,,,,,,,,,,,,,,,,,,,,,,,,,,,,,,,,,,
,,,,,,,,,,,,,,,,,,,,,,,,,,,,,,,,,,,,,,,,,,,,,,,,,,,,,,,,,,,,,,,,,,,,,,,,,,,,,,,,,,,,,,,,,,,,,티에스넥스젠,,,,,,,,,,,,,,,,,,,,,,,,,,,,,,,,,,,,,,,
,,,,,,,,,,,,,,,,,,,,,,,,,,,,,,,,,,,,,,,,,,,,,,,,,,,,,,,,,,,,,,,,,,,,,,,,,,,,,,,,,,,,,,,,,,,,,SG&G,,,,,,,,,,,,,,,,,,,,,,,,,,,,,,,,,,,,,,,
,,,,,,,,,,,,,,,,,,,,,,,,,,,,,,,,,,,,,,,,,,,,,,,,,,,,,,,,,,,,,,,,,,,,,,,,,,,,,,,,,,,,,,,,,,,,,두산밥캣,,,,,,,,,,,,,,,,,,,,,,,,,,,,,,,,,,,,,,,
,,,,,,,,,,,,,,,,,,,,,,,,,,,,,,,,,,,,,,,,,,,,,,,,,,,,,,,,,,,,,,,,,,,,,,,,,,,,,,,,,,,,,,,,,,,,,이크레더블,,,,,,,,,,,,,,,,,,,,,,,,,,,,,,,,,,,,,,,
,,,,,,,,,,,,,,,,,,,,,,,,,,,,,,,,,,,,,,,,,,,,,,,,,,,,,,,,,,,,,,,,,,,,,,,,,,,,,,,,,,,,,,,,,,,,,에스엠코어,,,,,,,,,,,,,,,,,,,,,,,,,,,,,,,,,,,,,,,
,,,,,,,,,,,,,,,,,,,,,,,,,,,,,,,,,,,,,,,,,,,,,,,,,,,,,,,,,,,,,,,,,,,,,,,,,,,,,,,,,,,,,,,,,,,,,제룡산업,,,,,,,,,,,,,,,,,,,,,,,,,,,,,,,,,,,,,,,
,,,,,,,,,,,,,,,,,,,,,,,,,,,,,,,,,,,,,,,,,,,,,,,,,,,,,,,,,,,,,,,,,,,,,,,,,,,,,,,,,,,,,,,,,,,,,코엔텍,,,,,,,,,,,,,,,,,,,,,,,,,,,,,,,,,,,,,,,
,,,,,,,,,,,,,,,,,,,,,,,,,,,,,,,,,,,,,,,,,,,,,,,,,,,,,,,,,,,,,,,,,,,,,,,,,,,,,,,,,,,,,,,,,,,,,진에어,,,,,,,,,,,,,,,,,,,,,,,,,,,,,,,,,,,,,,,
,,,,,,,,,,,,,,,,,,,,,,,,,,,,,,,,,,,,,,,,,,,,,,,,,,,,,,,,,,,,,,,,,,,,,,,,,,,,,,,,,,,,,,,,,,,,,로보스타,,,,,,,,,,,,,,,,,,,,,,,,,,,,,,,,,,,,,,,
,,,,,,,,,,,,,,,,,,,,,,,,,,,,,,,,,,,,,,,,,,,,,,,,,,,,,,,,,,,,,,,,,,,,,,,,,,,,,,,,,,,,,,,,,,,,,한솔로지스틱스,,,,,,,,,,,,,,,,,,,,,,,,,,,,,,,,,,,,,,,
,,,,,,,,,,,,,,,,,,,,,,,,,,,,,,,,,,,,,,,,,,,,,,,,,,,,,,,,,,,,,,,,,,,,,,,,,,,,,,,,,,,,,,,,,,,,,진흥기업,,,,,,,,,,,,,,,,,,,,,,,,,,,,,,,,,,,,,,,
,,,,,,,,,,,,,,,,,,,,,,,,,,,,,,,,,,,,,,,,,,,,,,,,,,,,,,,,,,,,,,,,,,,,,,,,,,,,,,,,,,,,,,,,,,,,,서암기계공업,,,,,,,,,,,,,,,,,,,,,,,,,,,,,,,,,,,,,,,
,,,,,,,,,,,,,,,,,,,,,,,,,,,,,,,,,,,,,,,,,,,,,,,,,,,,,,,,,,,,,,,,,,,,,,,,,,,,,,,,,,,,,,,,,,,,,듀오백,,,,,,,,,,,,,,,,,,,,,,,,,,,,,,,,,,,,,,,
,,,,,,,,,,,,,,,,,,,,,,,,,,,,,,,,,,,,,,,,,,,,,,,,,,,,,,,,,,,,,,,,,,,,,,,,,,,,,,,,,,,,,,,,,,,,,한일시멘트,,,,,,,,,,,,,,,,,,,,,,,,,,,,,,,,,,,,,,,
,,,,,,,,,,,,,,,,,,,,,,,,,,,,,,,,,,,,,,,,,,,,,,,,,,,,,,,,,,,,,,,,,,,,,,,,,,,,,,,,,,,,,,,,,,,,,피앤씨테크,,,,,,,,,,,,,,,,,,,,,,,,,,,,,,,,,,,,,,,
,,,,,,,,,,,,,,,,,,,,,,,,,,,,,,,,,,,,,,,,,,,,,,,,,,,,,,,,,,,,,,,,,,,,,,,,,,,,,,,,,,,,,,,,,,,,,디와이파워,,,,,,,,,,,,,,,,,,,,,,,,,,,,,,,,,,,,,,,
,,,,,,,,,,,,,,,,,,,,,,,,,,,,,,,,,,,,,,,,,,,,,,,,,,,,,,,,,,,,,,,,,,,,,,,,,,,,,,,,,,,,,,,,,,,,,SGC이테크건설,,,,,,,,,,,,,,,,,,,,,,,,,,,,,,,,,,,,,,,
,,,,,,,,,,,,,,,,,,,,,,,,,,,,,,,,,,,,,,,,,,,,,,,,,,,,,,,,,,,,,,,,,,,,,,,,,,,,,,,,,,,,,,,,,,,,,레드캡투어,,,,,,,,,,,,,,,,,,,,,,,,,,,,,,,,,,,,,,,
,,,,,,,,,,,,,,,,,,,,,,,,,,,,,,,,,,,,,,,,,,,,,,,,,,,,,,,,,,,,,,,,,,,,,,,,,,,,,,,,,,,,,,,,,,,,,금호건설,,,,,,,,,,,,,,,,,,,,,,,,,,,,,,,,,,,,,,,
,,,,,,,,,,,,,,,,,,,,,,,,,,,,,,,,,,,,,,,,,,,,,,,,,,,,,,,,,,,,,,,,,,,,,,,,,,,,,,,,,,,,,,,,,,,,,CNT85,,,,,,,,,,,,,,,,,,,,,,,,,,,,,,,,,,,,,,,