반도체,IT 서비스,전기와전자제품,디스플레이,하드웨어,에너지 장비 및 서비스,석유와 가스,에너지,전기유틸리티,가스유틸리티,복합유틸리티,독립 전력 생산 및 에너지 거래,유틸리티,전기통신 서비스,미디어와 엔터테인먼트,커뮤니케이션,식품과 기본 식료품 소매,음식료품,가정용품과 개인용품,은행,증권,다각화된 금융,보험,부동산,화학,포장재,비철금속,철강,종이와 목재,자본재,상업서비스와 공급품,운송,자동차와 부품,내구소비재와 의류,"호텔, 레스토랑, 레저 등",소매(유통),교육서비스,건강관리와 서비스,제약과 생물공학
이엔에프테크놀로지,아이퀘스트,SBW생명과학,코이즈,티로보틱스,스페코,오르비텍,윌링스,한전산업,E1,삼천리,한전KPS,한전기술,스카이문스테크놀로지,에코마케팅,인스코비,사조씨푸드,제주맥주,CJ프레시웨이,하나금융지주,,하나금융지주,하나금융지주,한국캐피탈,삼보판지,삼보판지,,DSR제강,삼보판지,제룡전기,제룡전기,서희건설,패션플랫폼,동일고무벨트,인지컨트롤스,패션플랫폼,유비온,오스테오닉,부광약품
이오테크닉스,슈어소프트테크,아이엠,와이엠씨,주연테크,에스에너지,중앙에너비스,중앙에너비스,한전KPS,한국가스공사,,한전산업,,미투온,래몽래인,핑거스토리,한성기업,오뚜기,전진바이오팜,한국캐피탈,,한국캐피탈,JB금융지주,SK디앤디,동방아그로,동방아그로,,휴스틸,동방아그로,에쎈테크,SK네트웍스,삼성중공업,동일고무벨트,세이브존I&C,동일고무벨트,인지컨트롤스,YBM넷,나노엔텍,나노엔텍
싸이맥스,광무,포커스에이치엔에스,HB솔루션,SBW생명과학,HD현대에너지솔루션,유니슨,바이온,지역난방공사,인천도시가스,,한국가스공사,,키다리스튜디오,애니플러스,드림어스컴퍼니,큐로홀딩스,정다운,삼정펄프,JB금융지주,,JB금융지주,흥국화재,우리종금,켐트로닉스,조선선재,,만호제강,켐트로닉스,삼성중공업,한양이엔지,SK네트웍스,인지컨트롤스,넥센타이어,세이브존I&C,세이브존I&C,로보로보,부광약품,신신제약
가온칩스,티로보틱스,엔켐,서울바이오시스,아이엠,수산인더스트리,S-Oil,SDN,대성에너지,지에스이,,SK가스,,와이어블,네오위즈홀딩스,FSN,오뚜기,마니커에프앤지,TS트릴리온,카카오뱅크,,스틱인베스트먼트,한화투자증권,한양증권,코오롱플라스틱,페이퍼코리아,,황금에스티,에코앤드림,한양이엔지,HDC랩스,한양이엔지,동양피스톤,위닉스,동양피스톤,동양피스톤,메가스터디,신신제약,에이디엠코리아
하나머티리얼즈,모바일어플라이언스,에스코넥,소룩스,포커스에이치엔에스,,HD현대,금양그린파워,한진중공업홀딩스,SK가스,,지역난방공사,,SBS콘텐츠허브,알비더블유,디지틀조선,미래생명자원,사조오양,보라티알,키움증권,,SK디앤디,신영증권,한국자산신탁,에코앤드림,DSR,,아주스틸,페이퍼코리아,포메탈,성도이엔지,일진홀딩스,넥센타이어,이노진,THE MIDONG,넥센타이어,모나미,디알텍,아미코젠
엑사이엔씨,서울바이오시스,엠씨넥스,상보,서진시스템,,DGP,DGP,,대성에너지,,대성에너지,,삼화네트웍스,모비데이즈,티사이언티픽,정다운,삼양식품,큐로홀딩스,삼성카드,,한화투자증권,키움증권,이스타코,페이퍼코리아,피제이메탈,,영흥,조선선재,인선이엔티,리파인,HDC랩스,위닉스,지엔코,이월드,위닉스,비상교육,에이디엠코리아,셀트리온헬스케어
서진시스템,이삭엔지니어링,비츠로셀,위드텍,에스코넥,,SGC에너지,SGC에너지,,한진중공업홀딩스,삼천리,,,세종텔레콤,코퍼스코리아,메쎄이상,마니커에프앤지,푸드웰,메지온,유화증권,,카카오뱅크,DSC인베스트먼트,키움증권,조선선재,금강철강,,동양에스텍,삼양홀딩스,성도이엔지,티웨이항공,까뮤이앤씨,이노진,쿠쿠홈시스,파라다이스,이노진,윌비스,삼성제약,삼성제약
에이프로,주연테크,와이엠텍,아이씨디,엠씨넥스,,한국쉘석유,한국쉘석유,,삼천리,,,,이엠넷,위지윅스튜디오,플리토,교촌에프앤비,고려산업,모나리자,제주은행,,글로벌텍스프리,다올투자증권,한국토지신탁,해성산업,조일알미늄,,동일산업,미원화학,지투파워,현대미포조선,인선이엔티,지엔코,글로본,참좋은여행,지엔코,디지털대성,셀트리온헬스케어,바이오다인
웰킵스하이텍,한네트,액트로,엔젯,자화전자,,대성산업,에스아이리소스,경동도시가스,,,,,SK텔레콤,카카오,지니뮤직,CJ제일제당,조흥,태양,BNK금융지주,,한양증권,BNK금융지주,,미원화학,고려아연,,DSR,케이피엠테크,티웨이항공,현대리바트,성도이엔지,핸즈코퍼레이션,제로투세븐,부방,쿠쿠홈시스,웅진씽크빅,바이오다인,클리노믹스
비츠로셀,포커스에이치엔에스,코아시아,HB테크놀러지,에이프로,,극동유화,대성산업,,대성홀딩스,,,,예림당,미스터블루,,오리온,동원F&B,비비씨,다올투자증권,,LB인베스트먼트,코리안리,,케이피엠테크,레이크머티리얼즈,,대양금속,원풍,현대리바트,코오롱,리파인,글로본,THE MIDONG,롯데관광개발,핸즈코퍼레이션,정상제이엘에스,클리노믹스,에이프로젠 H&G
케이씨텍,롯데정보통신,아남전자,서울반도체,모아텍,,HD현대에너지솔루션,파루,,,,,,,더블유게임즈,,한국가구,무학,보락,컴퍼니케이,,신영증권,대신증권,,피제이메탈,대호에이엘,,세아베스틸지주,애경케미칼,제노코,현대글로비스,노루홀딩스,제로투세븐,이월드,엑서지21,이월드,한세예스24홀딩스,아미코젠,CMG제약
ISC,지란지교시큐리티,씨유테크,엘티씨,액트로,,제이씨케미칼,대명에너지,,,,,,,에스엠,,사조오양,하림,교촌에프앤비,대신증권,,미래에셋벤처투자,인카금융서비스,,원풍,테이팩스,,현대제철,롯데정밀화학,그린플러스,한화에어로스페이스,CJ대한통운,이월드,LG생활건강,이마트,DRB동일,메가엠디,에이프로젠 H&G,메디톡스
제이아이테크,시큐브,에이치시티,금호전기,코아시아,,SK이노베이션,제이씨케미칼,,,,,,,카카오게임즈,,삼양식품,풍국주정,현대코퍼레이션홀딩스,기업은행,,키움증권,기업은행,,KG케미칼,SUN&L,,KG케미칼,DL,협진,한라IMS,티웨이항공,LG생활건강,DRB동일,신세계,디와이씨,세우글로벌,진시스템,대한약품
액트로,맥스트,에이치와이티씨,토비스,에이루트,,흥구석유,비에이치아이,,,,,,,HS애드,,푸드웰,동원수산,DSEN,우리금융지주,,DSC인베스트먼트,메리츠금융지주,,금강철강,세아메카닉스,,금강철강,레이크머티리얼즈,성광벤드,동방선기,현대미포조선,DRB동일,핸즈코퍼레이션,인디에프,삼보모터스,크레버스,CMG제약,올릭스
칩스앤미디어,이스트소프트,팅크웨어,루멘스,S&K폴리텍,,태웅,이아이디,,,,,,,씨씨에스,,대상,동원산업,동서,DGB금융지주,,나우IB,삼성생명,,조일알미늄,태림포장,,하이스틸,동국산업,로보티즈,에코프로에이치엔,현대리바트,코스맥스,코스맥스,이상네트웍스,오리엔트정공,이퓨쳐,메디톡스,경보제약
원익홀딩스,엑스페릭스,디에이테크놀로지,디아이티,씨유테크,,서남,SK이노베이션,,,,,,,스튜디오드래곤,,카나리아바이오,동서,신라에스지,미래에셋증권,,우리벤처파트너스,미래에셋생명,,애경케미칼,원림,,동국산업,세토피아,대동기어,한미글로벌,제노코,부방,롯데관광개발,아난티,동아타이어,케이티알파,대한약품,셀트리온
비씨엔씨,신세계,퓨런티어,AP시스템,센서뷰,,GS,GS,,,,,,,티와이홀딩스,,MH에탄올,마니커,,DB금융투자,,유화증권,동양생명,,롯데정밀화학,케이피티유,,제이스코홀딩스,리더스코스메틱,뉴보텍,쏘카,그린플러스,디와이씨,골프존뉴딘홀딩스,광주신세계,대성파인텍,메가스터디교육,유비케어,제넥신
시그네틱스,오픈베이스,홈캐스트,미래컴퍼니,케스피온,,씨에스윈드,스페코,,,,,,,KNN,,CJ프레시웨이,엠에스씨,,상상인,,NH투자증권,에이플러스에셋,,DL,한창제지,,대한제강,한농화성,화천기공,NICE평가정보,코오롱,THE MIDONG,삼보모터스,실리콘투,현대공업,BGF리테일,비스토스,차바이오텍
에이피티씨,아남전자,필옵틱스,디지아이,빅솔론,,SK디스커버리,에스에너지,,,,,,,삼화네트웍스,,보라티알,삼양사,,한국금융지주,,BNK금융지주,우리금융지주,,레이크머티리얼즈,아세아제지,,현대비앤지스틸,테이팩스,대양전기공업,LX홀딩스,에이치케이,삼보모터스,동아타이어,NE능률,다산솔루에타,아이비김영,경보제약,비올
미코,솔트웨어,신흥에스이씨,에프엔에스테크,퓨런티어,,에코바이오,에코바이오,,,,,,,넵튠,,롯데웰푸드,진로발효,,푸른저축은행,,메이슨캐피탈,현대해상,,동국산업,풍산,,세토피아,SUN&L,GS글로벌,한국종합기술,현대글로비스,오리엔트정공,엑서지21,호텔신라,계양전기,대교,올릭스,에이비엘바이오
네패스아크,위세아이텍,모아데이타,필옵틱스,남성,,,수산인더스트리,,,,,,,드래곤플라이,,조흥,대한제당,,신한지주,,다올투자증권,DGB금융지주,,고려아연,금비,,KISCO홀딩스,세아메카닉스,금화피에스시,제주항공,한화에어로스페이스,동아타이어,현대공업,아이스크림에듀,HDC현대EP,NE능률,셀바스헬스케어,고려제약
큐알티,서울반도체,엘디티,아이엘사이언스,에스에이티,,,지오릿에너지,,,,,,,위메이드맥스,,팜스코,크라운해태홀딩스,,유안타증권,,삼성카드,DB금융투자,,현대비앤지스틸,삼아알미늄,,화인베스틸,석경에이티,알에스오토메이션,로보티즈,한라IMS,엑서지21,계양전기,청담글로벌,경동나비엔,골드앤에스,셀트리온,옵티팜
메카로,라이콤,성일하이텍,톱텍,디티앤씨,,,,,,,,,,탑코미디어,,에스앤디,하이트진로,,KB금융,,제주은행,미래에셋증권,,세토피아,황금에스티,,문배철강,에스폴리텍,양지사,동아지질,에코프로에이치엔,대성파인텍,전방,유비온,에스제이그룹,멀티캠퍼스,이루다,네오펙트
디에이테크놀로지,헥토이노베이션,휴맥스,오성첨단소재,리튬포어스,,,,,,,,,,엔씨소프트,,풀무원,신송홀딩스,,엠벤처투자,,코리안리,롯데손해보험,,대호에이엘,서원,,고려제강,유니드,SK,HD현대인프라코어,한미글로벌,현대공업,HDC현대EP,삼성출판사,대동금속,,제넥신,한미약품
디엔에프,다날,롯데에너지머티리얼즈,프로이천,인탑스,,,,,,,,,,모비릭스,,인산가,매일유업,,SK증권,,컴퍼니케이,한국금융지주,,리더스코스메틱,대영포장,,원일특강,진양산업,한진,뉴보텍,쏘카,다산솔루에타,경동나비엔,메타랩스,한주라이트메탈,,차바이오텍,알피바이오
네온테크,엠아이큐브솔루션,삼성SDI,나래나노텍,이랜텍,,,,,,,,,,초록뱀미디어,,하림지주,크라운제과,,,,대신증권,한화손해보험,,한농화성,대림제지,,한국철강,신스틸,넥스턴바이오,태영건설,NICE평가정보,계양전기,PN풍년,오토앤,신원,,비올,아이센스
솔브레인,엑셈,큐로컴,인지디스플레,홈캐스트,,,,,,,,,,에이스토리,,이지바이오,에이치피오,,,,대성창투,SK증권,,테이팩스,한국내화,,TCC스틸,태림포장,강남제비스코,화천기계,LX홀딩스,전방,에스제이그룹,알톤스포츠,와이엠,,에이비엘바이오,큐라티스
디티앤씨,오상자이엘,코콤,에스엔유,코위버,,,,,,,,,,덱스터,,하림,사조씨푸드,,,,기업은행,신한지주,,세아메카닉스,태경산업,,KG ETS,원림,국보디자인,웰크론,삼부토건,HDC현대EP,쿠쿠홀딩스,메가스터디,우리산업홀딩스,,고려제약,대봉엘에스
시지트로닉스,아시아나IDT,원익피앤이,덕산테코피아,삼지전자,,,,,,,,,,한국경제TV,,동원F&B,한성기업,,,,리드코프,한화생명,,석경에이티,한솔제지,,동양철관,동국홀딩스,인화정공,지엔씨에너지,HD현대중공업,경동나비엔,와이엠,KB오토시스,대구백화점,,옵티팜,에이프로젠바이오로직스
아이윈플러스,딥노이드,드림텍,엘디티,아모그린텍,,,,,,,,,,LG유플러스,,남양유업,오리온,,,,에이티넘인베스트,삼성증권,,에스폴리텍,엠투엔,,포스코엠텍,한솔케미칼,다스코,GS글로벌,제주항공,대동금속,대동금속,모나미,이마트,,네오펙트,에스티팜
넥스틴,대신정보통신,파인엠텍,우리이앤엘,기산텔레콤,,,,,,,,,,줌인터넷,,오에스피,카나리아바이오,,,,메리츠금융지주,부국증권,,진양산업,대창,,동일제강,케이피티유,유진로봇,남광토건,한국종합기술,한주라이트메탈,신원,GKL,신세계,,이지케어텍,광동제약
필옵틱스,엑스게이트,인터엠,케이피에스,텔콘RF제약,,,,,,,,,,JYP Ent.,,동원수산,MH에탄올,,,,삼성생명,큐캐피탈,,유니드,동남합성,,세아특수강,한창제지,한화시스템,퍼시스,로보티즈,에스제이그룹,네오팜,위니아에이드,파세코,,한미약품,콜마비앤에이치
동운아나텍,DB,팸텍,파인텍,하인크코리아,,,,,,,,,,와이즈버즈,,이지홀딩스,하림지주,,,,인카금융서비스,KB금융,,원림,신대양제지,,엠투엔,아세아제지,노루페인트,양지사,HD현대인프라코어,와이엠,이마트,HL홀딩스,한세예스24홀딩스,,알피바이오,카이노스메드
두산테스나,이루온,씨아이에스,에스에이엠티,유아이엘,,,,,,,,,,YG PLUS,,케이씨피드,오에스피,,,,미래에셋생명,DB손해보험,,티케이케미칼,삼륭물산,,SHD,한국특강,대원전선,케이에스피,고려시멘트,쿠쿠홀딩스,파세코,까스텔바작,그래디언트,,아이센스,제노레이
네오셈,스코넥,엘앤에프,힘스,아이티엠반도체,,,,,,,,,,디앤씨미디어,,사조산업,인산가,,,,현대차증권,린드먼아시아,,세아홀딩스,무림P&P,,포스코스틸리온,인바이오,와이지-원,KTcs,동아지질,신원,신세계,디딤이앤에프,HL만도,,큐라티스,일양약품
유니퀘스트,디지아이,솔루스첨단소재,위지트,우주일렉트로,,,,,,,,,,웅진,,동서,우성,,,,동양생명,교보증권,,동국홀딩스,쎄노텍,,경남스틸,그린케미칼,도화엔지니어링,삼목에스폼,TPC,네오팜,한세예스24홀딩스,씨티알모빌리티,SG글로벌,,프리시젼바이오,씨엔알리서치
케이엔더블유,브레인즈컴퍼니,솔브레인홀딩스,우리엔터프라이즈,이엠텍,,,,,,,,,,에프엔씨엔터,,신라에스지,사조산업,,,,한국자산신탁,,,한솔케미칼,무림SP,,NI스틸,스타플렉스,비츠로테크,한국공항,남화토건,우리산업홀딩스,화신,디지털대성,경창산업,,HLB생명과학,동화약품
오로스테크놀로지,윤성에프앤씨,유티아이,일진디스플,옵티코어,,,,,,,,,,오리콤,,농심,신라에스지,,,,에이플러스에셋,,,케이피티유,케이디켐,,쎄니트,원일특강,자이에스앤디,SK,태영건설,이마트,세우글로벌,커넥트웨이브,화신,,플라즈맵,동아에스티
인텍플러스,오브젠,세코닉스,제이엠티,에스텍,,,,,,,,,,액토즈소프트,,선진,하이트진로홀딩스,,,,우리금융지주,,,한창제지,알루코,,광진실업,풍산,KSS해운,한진,화천기공,신세계,유니온머티리얼,강원랜드,세우글로벌,,대봉엘에스,얼라인드
알에프세미,이씨에스,노바텍,이엘피,모아데이타,,,,,,,,,,한빛소프트,,해태제과식품,팜스토리,,,,DGB금융지주,,,아세아제지,승일,,신스틸,백광산업,한국기업평가,팬스타엔터프라이즈,STX엔진,파세코,신영와코루,아이패밀리에스씨,메가엠디,,루트로닉,JW생명과학
에이디테크놀로지,핀텔,삼진,케이엔제이,엘디티,,,,,,,,,,데브시스터즈,,엠에스씨,SPC삼립,,,,리더스 기술투자,,,누보,티플랙스,,한국선재,금비,아스플로,제이오,웰크론,한세예스24홀딩스,디케이앤디,씨앤투스,신영와코루,,에이프로젠바이오로직스,싸이토젠
에이디칩스,비츠로시스,아비코전자,코텍,코콤,,,,,,,,,,콘텐트리중앙,,삼양사,농심홀딩스,,,,현대해상,,,대창스틸,락앤락,,부국철강,효성첨단소재,유신,HDC현대산업개발,엔케이,HL만도,한국화장품제조,코웰패션,인디에프,,제노레이,휴메딕스
아이텍,정원엔시스,코맥스,이라이콤,드림텍,,,,,,,,,,SM Life Design,,팜스토리,샘표,,,,DB금융투자,,,인바이오,삼양패키징,,세아홀딩스,삼아알미늄,롯데렌탈,강남제비스코,대양전기공업,SG글로벌,DH오토웨어,이퓨쳐,화승알앤에이,,광동제약,비피도
레이저쎌,웨이버스,나인테크,디에스케이,서원인텍,,,,,,,,,,쇼박스,,진로발효,DSEN,,,,미래에셋증권,,,그린케미칼,무림페이퍼,,동국홀딩스,황금에스티,광명전기,동양고속,GS글로벌,경창산업,오로라,유니켐,태원물산,,콜마비앤에이치,테라젠이텍스
엘디티,중앙디앤엠,천보,선익시스템,파인엠텍,,,,,,,,,,SBS콘텐츠허브,,빙그레,우양,,,,롯데손해보험,,,원일특강,연우,,동국알앤에스,송원산업,이화공영,범한퓨얼셀,남광토건,화신,인디에프,평화산업,롯데쇼핑,,카이노스메드,JW중외제약
와이아이케이,안랩,에코프로비엠,디바이스이엔지,팸텍,,,,,,,,,,와이지엔터테인먼트,,SPC삼립,한국맥널티,,,,다우데이타,,,백광산업,삼화왕관,,유에스티,동양에스텍,HDC,나이스디앤비,퍼시스,세우글로벌,화승알앤에이,손오공,광주신세계,,일양약품,일성신약
아진엑스텍,로지시스,덕우전자,파인디앤씨,KH바텍,,,,,,,,,,넷마블,,대한제당,대주산업,,,,상상인,,,금비,효성화학,,대동스틸,서원,세방,인화정공,대동,유니온머티리얼,원익,아이비김영,아난티,,씨엔알리서치,씨티씨바이오
프로텍,한국정보인증,해성옵틱스,유아이디,솔루스첨단소재,,,,,,,,,,캐리소프트,,농심홀딩스,사조동아원,,,,한국금융지주,,,효성첨단소재,TCC스틸,,동국S&C,와이엠티,삼일,다스코,케이에스피,신영와코루,씨티케이,대교,부산주공,,동화약품,조아제약
미래산업,한국전자인증,더블유씨피,풍원정밀,유티아이,,,,,,,,,,엠게임,,모나리자,대한제분,,,,TS인베스트먼트,,,삼아알미늄,이구산업,,디씨엠,대양금속,대창단조,아이에스동서,KTcs,디케이앤디,롯데쇼핑,골드앤에스,방림,,동아에스티,바이오인프라
우리이앤엘,비투엔,LG전자,세진티에스,세코닉스,,,,,,,,,,엔피,,샘표,미래생명자원,,,,SBI인베스트먼트,,,황금에스티,깨끗한나라,,한국특강,현대제철,SG,HD현대건설기계,SK렌터카,한국화장품제조,아난티,베뉴지,한독크린텍,,얼라인드,알리코제약
엔투텍,코난테크놀로지,탑머티리얼,비아트론,노바텍,,,,,,,,,,이노션,,크라운해태홀딩스,팜스코,,,,푸른저축은행,,,송원산업,태경비케이,,세아제강,대영포장,롯데지주,에스비비테크,한국공항,DH오토웨어,실리콘투,로보로보,신성통상,,JW생명과학,코아스템켐온
덕산하이메탈,성문전자,세경하이테크,핌스,기가레인,,,,,,,,,,티비씨,,현대코퍼레이션홀딩스,풀무원,,,,우리종금,,,동일산업,동국알앤에스,,대호특수강,하이스틸,현대로템,유진로봇,SK,인디에프,방림,YBM넷,호텔신라,,싸이토젠,차백신연구소
티이엠씨,휴네시온,제이앤티씨,포인트엔지니어링,현우산업,,,,,,,,,,밸로프,,케이엠제약,이지바이오,,,,한화손해보험,,,서원,삼보산업,,동일철강,대림제지,한화오션,웰크론한텍,조광페인트,화승알앤에이,코스메카코리아,케이비아이동국실업,세동,,휴메딕스,HLB테라퓨틱스
큐에스아이,엠브레인,삼양옵틱스,아바코,코맥스,,,,,,,,,,인크로스,,DSEN,이지홀딩스,,,,신한지주,,,와이엠티,대동스틸,,대창스틸,대정화금,사람인,태웅로직스,삼영엠텍,원익,신성통상,한섬,아이스크림에듀,,비피도,환인제약
러셀,콤텍시스템,아이디스,피엔에이치테크,덕우전자,,,,,,,,,,아센디오,,샘표식품,동우팜투테이블,,,,코리아에셋투자증권,,,이화산업,동국S&C,,POSCO홀딩스,한국내화,세진중공업,선광,한진,씨티케이,호텔신라,KG모빌리티,금호에이치티,,테라젠이텍스,세운메디칼
코미코,인포뱅크,알로이스,디이엔티,와이솔,,,,,,,,,,NEW,,보해양조,농심,,,,한화생명,,,하이스틸,나노씨엠에스,,KG스틸,오공,일승,삼표시멘트,아시아나항공,태원물산,세동,ES큐브,메가스터디교육,,JW중외제약,지노믹트리
파두,KG모빌리언스,나무가,이브이첨단소재,해성옵틱스,,,,,,,,,,바른손이앤에이,,우양,선진,,,,스톤브릿지벤처스,,,대정화금,삼영,,,한솔제지,에스원,티웨이홀딩스,제이오,이상네트웍스,아이스크림에듀,모다이노칩,대유에이텍,,디알젬,아미노로직스
케이피에스,모아데이타,대주전자재료,한국컴퓨터,세경하이테크,,,,,,,,,,스카이문스테크놀로지,,신송홀딩스,빙그레,,,,케이프,,,태경산업,금양,,,경농,비나텍,효성,HDC현대산업개발,아난티,금호에이치티,정상제이엘에스,서연탑메탈,,일성신약,보령
에이엘티,핑거,이미지스,이녹스첨단소재,제이앤티씨,,,,,,,,,,예림당,,한국맥널티,창해에탄올,,,,교보증권,,,CS홀딩스,영보화학,,,엠투엔,효성중공업,쎄트렉아이,아스트,부산주공,청담글로벌,브랜드엑스코퍼레이션,GS리테일,,이글벳,고바이오랩
파인텍,시큐센,필에너지,신도기연,삼양옵틱스,,,,,,,,,,갤럭시아에스엠,,크라운제과,샘표식품,,,,삼성증권,,,오공,세림B&G,,,포스코스틸리온,DL이앤씨,삼성엔지니어링,레인보우로보틱스,방림,한국화장품,크레버스,풍강,,씨티씨바이오,제놀루션
씨아이에스,벨로크,삼성전기,야스,와이제이엠게임즈,,,,,,,,,,팬엔터테인먼트,,에이치피오,CJ씨푸드,,,,상상인증권,,,한솔제지,영풍제지,,,대창,꿈비,세보엠이씨,이건산업,한독크린텍,풍강,용평리조트,유라테크,,조아제약,녹십자엠에스
티씨케이,파수,엔피디,신화인터텍,아이디스,,,,,,,,,,컴투스홀딩스,,대주산업,신라교역,,,,한국토지신탁,,,경농,율촌화학,,,켐트로스,동방,한화시스템,동양고속,코스메카코리아,유라테크,젬백스링크,삼성출판사,,바이오인프라,대웅제약
넥스트칩,큐로컴,앤씨앤,인베니아,알로이스,,,,,,,,,,위메이드,,CJ씨푸드,교촌에프앤비,,,,이베스트투자증권,,,엠투엔,영흥,,,동남합성,흥국,노루페인트,SIMPAC,신성통상,삼성출판사,노랑풍선,메타랩스,,뷰웍스,케이바이오
티엘비,에프앤가이드,에스티큐브,덕산네오룩스,엔텔스,,,,,,,,,,플레이디,,한일사료,CJ제일제당,,,,유안타증권,,,대창,육일씨엔에쓰,,,쎄니트,이엔코퍼레이션,한일홀딩스,강남제비스코,세동,오토앤,하나투어,오토앤,,알리코제약,테고사이언스
피에스케이,원익피앤이,한국컴퓨터,에스에이티이엔지,나무가,,,,,,,,,,iMBC,,보락,대상,,,,CNH,,,에코프로,동원시스템즈,,,태광산업,코윈테크,신원종합개발,국보디자인,금호에이치티,삼원강재,멀티캠퍼스,삼원강재,,코아스템켐온,대원제약
서플러스글로벌,코콤,유비벨록스,참엔지니어링,와이팜,,,,,,,,,,웹젠,,커머스마이너,보라티알,,,,부국증권,,,켐트로스,아이티센,,,성창기업지주,하이록코리아,희림,나이스디앤비,KR모터스,메타랩스,본느,알톤스포츠,,클래시스,박셀바이오
테스,코나아이,하나기술,미래나노텍,텔레필드,,,,,,,,,,NAVER,,흥국에프엔비,롯데웰푸드,,,,엠벤처투자,,,동남합성,한창산업,,,신대양제지,대창솔루션,HD현대일렉트릭,하이즈항공,대유에이텍,알톤스포츠,세기상사,모토닉,,차백신연구소,셀리드
DB하이텍,파이오링크,재영솔루텍,제이스텍,아이즈비전,,,,,,,,,,조이시티,,스피어파워,에스앤디,,,,큐캐피탈,,,쎄니트,고려제강,,,삼륭물산,HL D&I,한국카본,인화정공,서연탑메탈,토니모리,골프존,일진하이솔루스,,세운메디칼,파마리서치
SFA반도체,광전자,하이비젼시스템,LG디스플레이,대주전자재료,,,,,,,,,,넥슨게임즈,,사조대림,체리부로,,,,우리기술투자,,,태광산업,대륙제관,,,경인양행,대모,도화엔지니어링,다스코,풍강,큐렉소,신성델타테크,큐렉소,,환인제약,에이프로젠
라온테크,SGA솔루션즈,동양이엔피,베셀,이미지스,,,,,,,,,,크래프톤,,,남양유업,,,,KB금융,,,경인양행,국일신동,,,무림P&P,대한해운,코아스,테라사이언스,한국화장품,코리아나,위즈코프,대원강업,,지노믹트리,삼아제약
기가레인,쿠콘,한일진공,우리바이오,알에프텍,,,,,,,,,,제일기획,,,케이씨피드,,,,SV인베스트먼트,,,무림P&P,포스코엠텍,,,쎄노텍,신진에스엠,상지카일룸,아이에스동서,유라테크,대원강업,아이에스이커머스,모나미,,아미노로직스,영진약품
아이앤씨,케이씨에스,경인전자,영우디에스피,신라섬유,,,,,,,,,,NHN벅스,,,해태제과식품,,,,린드먼아시아,,,SH에너지화학,세하,,,무림SP,가온전선,KSS해운,에스와이,오토앤,모나미,신세계푸드,자이글,,보령,압타바이오
유진테크,케이엘넷,디에이피,동아엘텍,에치에프알,,,,,,,,,,썸에이지,,,매일홀딩스,,,,SK증권,,,엔피케이,펌텍코리아,,,엔피케이,제이엠아이,한국기업평가,HD현대건설기계,삼원강재,자이글,모두투어,KB오토시스,,제놀루션,신라젠
케이알엠,가온그룹,탑엔지니어링,LX세미콘,머큐리,,,,,,,,,,펄어비스,,,현대코퍼레이션홀딩스,,,,,,,후성,풍산홀딩스,,,엔터파트너즈,아이마켓코리아,한신공영,유진로봇,삼성출판사,KB오토시스,이녹스,엠에스오토텍,,녹십자엠에스,CJ 바이오사이언스
매커스,이니텍,바이오로그디바이스,브이원텍,아이크래프트,,,,,,,,,,티쓰리,,,보해양조,,,,,,,케이디켐,남선알미늄,,,파버나인,진성티이씨,유신,웰크론한텍,메타랩스,엠에스오토텍,바른손,평화홀딩스,,대웅제약,휴온스글로벌
코맥스,샌즈랩,새빗켐,아나패스,고영,,,,,,,,,,위메이드플레이,,,한일사료,,,,,,,미원에스씨,제일연마,,,케이디켐,HD한국조선해양,롯데렌탈,태웅로직스,알톤스포츠,SNT모티브,비상교육,SNT모티브,,라이프시맨틱스,SK바이오사이언스
삼성전자,트윔,옵트론텍,DMS,삼성전기,,,,,,,,,,미투온,,,보락,,,,,,,코스모신소재,한국팩키지,,,미원에스씨,성신양회,LG,선광,모토닉,캐스텍코리아,영원무역홀딩스,위니아에이드,,케이바이오,앱클론
하이딥,리노스,엘컴텍,에이텍,휴림네트웍스,,,,,,,,,,엔비티,,,커머스마이너,,,,,,,DSR제강,대호특수강,,,DSR제강,에너토크,대원,서산,일진하이솔루스,위니아에이드,아이윈,캐스텍코리아,,테고사이언스,국전약품
오픈엣지테크놀로지,모니터랩,슈프리마,엘엠에스,엔피디,,,,,,,,,,스튜디오산타클로스,,,흥국에프엔비,,,,,,,알루코,KPX케미칼,,,코스모신소재,LIG넥스원,대우건설,삼표시멘트,토니모리,HL홀딩스,아이톡시,HL홀딩스,,대원제약,한올바이오파마
엠케이전자,삼진,캠시스,예선테크,앤씨앤,,,,,,,,,,SM C&C,,,사조대림,,,,,,,승일,KG스틸,,,알루코,보광산업,HSD엔진,티웨이홀딩스,코리아나,에이블씨엔씨,웅진씽크빅,에이블씨엔씨,,에이프로젠,녹십자홀딩스
제우스,포시에스,피엔티,,에이스테크,,,,,,,,,,KX,,,,,,,,,,SKC,,,,승일,에쓰씨엔지니어링,베노티앤알,효성,대원강업,YW,예스24,YW,,삼아제약,피엔케이피부임상연구센타
하이소닉,유비쿼스,두산퓨얼셀,,케이엠더블유,,,,,,,,,,THE E&M,,,,,,,,,,만호제강,,,,SKC,프럼파스트,팬오션,모헨즈,KB오토시스,까스텔바작,코웨이,까스텔바작,,파마리서치,제일약품
네패스,아이티아이즈,슈피겐코리아,,성우전자,,,,,,,,,,네오위즈,,,,,,,,,,WISCOM,,,,WISCOM,에어부산,이화공영,쎄트렉아이,엠에스오토텍,디딤이앤에프,남화산업,폴라리스세원,,비트컴퓨터,큐라클
지오엘리먼트,이글루,비에이치,,에스티큐브,,,,,,,,,,키이스트,,,,,,,,,,티플랙스,,,,티플랙스,한화,누리플랜,에이스침대,자이글,대원화성,성우하이텍,씨티알모빌리티,,압타바이오,에이비온
HPSP,이노인스트루먼트,인포마크,,상신이디피,,,,,,,,,,이엠넷,,,,,,,,,,코오롱인더,,,,락앤락,토탈소프트,동양,삼성엔지니어링,평화홀딩스,비비안,코데즈컴바인,비비안,,영진약품,알테오젠
제이티,코맥스,엠플러스,,웨이브일렉트로,,,,,,,,,,디어유,,,,,,,,,,AK홀딩스,,,,삼양패키징,HDC랩스,드림시큐리티,대한전선,원풍물산,구영테크,크린앤사이언스,구영테크,,셀리드,동국제약
일진디스플,카카오페이,이노메트리,,CS,,,,,,,,,,액션스퀘어,,,,,,,,,,세아베스틸지주,,,,무림페이퍼,수산중공업,유수홀딩스,범양건영,SNT모티브,엔에프씨,서부T&D,디지털대성,,CJ 바이오사이언스,강스템바이오텍
제이엠티,NICE,에이에프더블류,,블루콤,,,,,,,,,,하이브,,,,,,,,,,무림페이퍼,,,,연우,리파인,포스코인터내셔널,한화시스템,캐스텍코리아,커넥트웨이브,코드네이처,커넥트웨이브,,신라젠,엔케이맥스
KX하이텍,플랜티넷,지아이텍,,한국컴퓨터,,,,,,,,,,나스미디어,,,,,,,,,,한국알콜,,,,와이오엠,노루홀딩스,유니온,노루페인트,위니아에이드,삼성공조,내츄럴엔도텍,한일단조,,SK바이오사이언스,서흥
GST,에이텍모빌리티,원준,,쏠리드,,,,,,,,,,플레이위드,,,,,,,,,,롯데케미칼,,,,삼화왕관,한라IMS,GS건설,한일홀딩스,HL홀딩스,강원랜드,서연,삼성공조,,앱클론,노바렉스
하나마이크론,피피아이,LG디스플레이,,한솔테크닉스,,,,,,,,,,CJ ENM,,,,,,,,,,효성화학,,,,한국알콜,동방선기,HDC,희림,에이블씨엔씨,성안,LS네트웍스,크리스에프앤씨,,국전약품,유바이오로직스
케이씨,에스에스알,에스퓨얼셀,,아모센스,,,,,,,,,,룽투코리아,,,,,,,,,,문배철강,,,,제이스코홀딩스,윈하이텍,세방,대원전선,YW,한국큐빅,경방,한국큐빅,,한올바이오파마,지니너스
옴니시스템,원티드랩,에이치앤비디자인,,유비벨록스,,,,,,,,,,CJ CGV,,,,,,,,,,한일화학,,,,대한제강,쏘카,동부건설,한국카본,폴라리스세원,크리스에프앤씨,BGF리테일,모베이스전자,,녹십자홀딩스,이노테라피
SK하이닉스,티라유텍,트루엔,,재영솔루텍,,,,,,,,,,아프리카TV,,,,,,,,,,미원상사,,,,롯데케미칼,LS,STX,웰바이오텍,까스텔바작,아이패밀리에스씨,그리티,휠라홀딩스,,피엔케이피부임상연구센타,엔지켐생명과학
디아이,브리지텍,브이원텍,,하이비젼시스템,,,,,,,,,,스튜디오미르,,,,,,,,,,원익머트리얼즈,,,,효성화학,HD현대중공업,홈센타홀딩스,한익스프레스,대원화성,씨앤투스,BGF에코머티리얼즈,엔브이에이치코리아,,바텍,보로노이
이라이콤,현대에이치티,LG에너지솔루션,,컨버즈,,,,,,,,,,LG헬로비전,,,,,,,,,,TCC스틸,,,,미원상사,기신정기,국영지앤엠,와이지-원,씨티알모빌리티,모베이스전자,한국콜마홀딩스,삼기이브이,,제일약품,아스타
저스템,씨아이테크,코아시아씨엠,,한일진공,,,,,,,,,,아이오케이,,,,,,,,,,세아특수강,,,,TCC스틸,태영건설,SG,켄코아에어로스페이스,비비안,휠라홀딩스,,에스맥,,큐라클,신풍제약
예스티,한컴위드,,,디에이피,,,,,,,,,,초록뱀컴퍼니,,,,,,,,,,이구산업,,,,원익머트리얼즈,웰크론,삼호개발,도화엔지니어링,구영테크,효성티앤씨,,코웰패션,,레이,하이텍팜
엔시트론,엠로,,,탑엔지니어링,,,,,,,,,,자이언트스텝,,,,,,,,,,깨끗한나라,,,,이구산업,지엔씨에너지,STX중공업,비츠로테크,커넥트웨이브,삼기이브이,,이퓨쳐,,알테오젠,서린바이오
티에프이,텔코웨어,,,유일에너테크,,,,,,,,,,SBS,,,,,,,,,,아셈스,,,,깨끗한나라,대동,에넥스,흥아해운,엔에프씨,에스맥,,메디앙스,,동국제약,유한양행
비케이홀딩스,TJ미디어,,,씨엔플러스,,,,,,,,,,포바이포,,,,,,,,,,태경비케이,,,,NI스틸,우림피티에스,우원개발,자이에스앤디,한일단조,금호타이어,,우수AMS,,강스템바이오텍,경동제약
제너셈,유엔젤,,,바이오로그디바이스,,,,,,,,,,아시아경제,,,,,,,,,,일진다이아,,,,아셈스,동원개발,디와이,KSS해운,삼성공조,코웰패션,,위니아,,서흥,진매트릭스
엘오티베큠,알체라,,,옵트론텍,,,,,,,,,,컴투스,,,,,,,,,,광진실업,,,,태경비케이,아시아나항공,한화오션,상지카일룸,성안,이퓨쳐,,유니켐,,신풍제약,엘앤케이바이오
테크윙,우리넷,,,엘컴텍,,,,,,,,,,SAMG엔터,,,,,,,,,,동국알앤에스,,,,일진다이아,덕신하우징,사람인,한국기업평가,크리스에프앤씨,메디앙스,,휴비스,,지니너스,서울제약
마이크로투나노,솔트룩스,,,캠시스,,,,,,,,,,대원미디어,,,,,,,,,,진양홀딩스,,,,광진실업,HDC현대산업개발,일승,한신공영,한국큐빅,유니켐,,티피씨글로벌,,이노테라피,압타머사이언스
오킨스전자,알로이스,,,슈프리마,,,,,,,,,,초록뱀이앤엠,,,,,,,,,,효성오앤비,,,,한국선재,레인보우로보틱스,에스원,롯데렌탈,아이패밀리에스씨,위니아,,도이치모터스,,하이텍팜,팜스빌
오션브릿지,엔텔스,,,디스플레이텍,,,,,,,,,,YTN,,,,,,,,,,원익큐브,,,,동국알앤에스,범한퓨얼셀,현대무벡스,유신,씨앤투스,우수AMS,,하츠,,유바이오로직스,헬릭스미스
유니테스트,나무기술,,,슈피겐코리아,,,,,,,,,,,,,,,,,,,,세아제강,,,,삼보산업,나이스디앤비,와이엔텍,LG,모베이스전자,씨앤씨인터내셔널,,DN오토모티브,,아스타,이오플로우
비아트론,케이사인,,,비에이치,,,,,,,,,,,,,,,,,,,,한솔홀딩스,,,,진양홀딩스,하이즈항공,비나텍,대원,휠라홀딩스,세화피앤씨,,에스엘,,유한양행,종근당홀딩스
HLB이노베이션,이노뎁,,,다보링크,,,,,,,,,,,,,,,,,,,,OCI홀딩스,,,,대동스틸,KCC건설,디케이락,광명전기,엔브이에이치코리아,휴비스,,평화산업,,제이브이엠,일동홀딩스
픽셀플러스,인지소프트,,,LG이노텍,,,,,,,,,,,,,,,,,,,,POSCO홀딩스,,,,동국S&C,웰크론한텍,부산산업,대우건설,효성티앤씨,하츠,,모베이스,,서린바이오,현대약품
텔레칩스,이노시뮬레이션,,,RF머트리얼즈,,,,,,,,,,,,,,,,,,,,국도화학,,,,효성오앤비,태웅로직스,SCI평가정보,팬오션,삼기이브이,에스엘,,손오공,,보로노이,지아이이노베이션
바이옵트로,세중,,,LG디스플레이,,,,,,,,,,,,,,,,,,,,삼영,,,,원익큐브,티웨이홀딩스,아세아시멘트,베노티앤알,에스맥,대한방직,,현대백화점,,진매트릭스,신테카바이오
포인트엔지니어링,카페24,,,상아프론테크,,,,,,,,,,,,,,,,,,,,태경케미컬,,,,세아제강,모헨즈,자연과환경,이화공영,코웰패션,케이엠,,아이비김영,,엘앤케이바이오,하나제약
더코디,아톤,,,에이엔피,,,,,,,,,,,,,,,,,,,,금양,,,,나노씨엠에스,에이스침대,태광,동양,금호타이어,모베이스,,골드앤에스,,경동제약,녹십자
필에너지,인포바인,,,엑스큐어,,,,,,,,,,,,,,,,,,,,대한화섬,,,,SK케미칼,신원종합개발,HMM,드림시큐리티,우수AMS,올리패스,,디아이씨,,서울제약,더블유에스아이
티에스이,한국전자금융,,,뉴프렉스,,,,,,,,,,,,,,,,,,,,영보화학,,,,OCI홀딩스,희림,다원시스,HDC,유니켐,블리츠웨이,,대원산업,,팜스빌,에스씨엠생명과학
라온텍,KG이니시스,,,트루엔,,,,,,,,,,,,,,,,,,,,대한유화,,,,국도화학,웰바이오텍,효성중공업,유수홀딩스,위니아,새로닉스,,화신정공,,헬릭스미스,아시아종묘
코스텍시스,이미지스,,,빛샘전자,,,,,,,,,,,,,,,,,,,,휴스틸,,,,삼영,한익스프레스,동신건설,유니온,메디앙스,화신정공,,디젠스,,이오플로우,비보존 제약
LB루셈,핸디소프트,,,코아시아씨엠,,,,,,,,,,,,,,,,,,,,율촌화학,,,,태경케미컬,에스에프에이,DL이앤씨,대한항공,씨앤씨인터내셔널,CBI,,CBI,,현대약품,바이오에프디엔씨
에스티아이,알서포트,,,다산네트웍스,,,,,,,,,,,,,,,,,,,,육일씨엔에쓰,,,,금양,상지카일룸,삼영이엔씨,GS건설,세화피앤씨,감성코퍼레이션,,서연이화,,일동홀딩스,동구바이오제약
APS,대아티아이,,,,,,,,,,,,,,,,,,,,,,,레몬,,,,영보화학,한신공영,꿈비,한창,휴비스,SNT다이내믹스,,베뉴지,,지아이이노베이션,루닛
피엠티,링크제니시스,,,,,,,,,,,,,,,,,,,,,,,성보화학,,,,대한유화,LG,삼일씨엔에스,세방,티피씨글로벌,로보로보,,한온시스템,,신테카바이오,더메디팜
월덱스,한국정보공학,,,,,,,,,,,,,,,,,,,,,,,씨큐브,,,,세림B&G,HSD엔진,동방,현대지에프홀딩스,도이치모터스,세종공업,,체시스,,하나제약,그린생명과학
지니틱스,SGA,,,,,,,,,,,,,,,,,,,,,,,나노캠텍,,,,휴스틸,팬오션,KTis,동부건설,DN오토모티브,코디,,감성코퍼레이션,,더블유에스아이,명문제약
KEC,아이크래프트,,,,,,,,,,,,,,,,,,,,,,,KISCO홀딩스,,,,영풍제지,누리플랜,이엔코퍼레이션,STX,에스엘,한섬,,SNT다이내믹스,,인터로조,HLB바이오스텝
샘씨엔에스,헥토파이낸셜,,,,,,,,,,,,,,,,,,,,,,,고려제강,,,,율촌화학,동양,에이트원,삼일,하츠,더네이쳐홀딩스,,세종공업,,녹십자,네이처셀
한미반도체,디모아,,,,,,,,,,,,,,,,,,,,,,,대륙제관,,,,아주스틸,포스코인터내셔널,대창솔루션,홈센타홀딩스,대한방직,피에이치에이,,한섬,,덴티스,바이오톡스텍
에이팩트,에스넷,,,,,,,,,,,,,,,,,,,,,,,나노브릭,,,,영흥,유니온,현대코퍼레이션,국영지앤엠,케이엠,삼기,,케이비아이동국실업,,아시아종묘,한미사이언스
원익IPS,이노와이어리스,,,,,,,,,,,,,,,,,,,,,,,코스모화학,,,,PI첨단소재,대한항공,HL D&I,한국항공우주,평화산업,F&F,,더네이쳐홀딩스,,에스씨엠생명과학,중앙백신
피에스케이홀딩스,휴림네트웍스,,,,,,,,,,,,,,,,,,,,,,,KG ETS,,,,진양화학,GS건설,오리엔탈정공,SG,모베이스,KG모빌리티,,피에이치에이,,덴티움,코오롱생명과학
젬백스,바이브컴퍼니,,,,,,,,,,,,,,,,,,,,,,,동양철관,,,,동원시스템즈,KD,3S,삼호개발,올리패스,에브리봇,,기아,,비보존 제약,녹십자웰빙
동진쎄미켐,에이스테크,,,,,,,,,,,,,,,,,,,,,,,남해화학,,,,레몬,국영지앤엠,SG&G,STX중공업,현대백화점,롯데하이마트,,삼기,,노을,JW신약
리노공업,APS,,,,,,,,,,,,,,,,,,,,,,,KCI,,,,성보화학,한국항공우주,대한해운,에넥스,블리츠웨이,배럴,,F&F,,바이오에프디엔씨,샤페론
제주반도체,미래아이앤지,,,,,,,,,,,,,,,,,,,,,,,나노,,,,파미셀,삼호개발,코오롱글로벌,롯데지주,새로닉스,클리오,,KG모빌리티,,동구바이오제약,대웅
한국전자홀딩스,와이더플래닛,,,,,,,,,,,,,,,,,,,,,,,한국주강,,,,KISCO홀딩스,STX중공업,뉴로메카,AJ네트웍스,디아이씨,조광피혁,,롯데하이마트,,더메디팜,오스코텍
마이크로컨텍솔,현대오토에버,,,,,,,,,,,,,,,,,,,,,,,동성화인텍,,,,나노캠텍,AJ네트웍스,나이스정보통신,유진기업,대원산업,에코플라스틱,,에브리봇,,루닛,경남제약
윈팩,한국정보통신,,,,,,,,,,,,,,,,,,,,,,,세하,,,,고려제강,디와이피엔에프,제이엠아이,현대로템,화신정공,티에이치엔,,배럴,,명문제약,에스바이오메딕스
하나기술,지니언스,,,,,,,,,,,,,,,,,,,,,,,조비,,,,대륙제관,인터지스,HJ중공업,우원개발,디젠스,모다이노칩,,대유플러스,,바이오톡스텍,HLB
원익QnC,코닉오토메이션,,,,,,,,,,,,,,,,,,,,,,,풍산홀딩스,,,,나노브릭,태광,아이마켓코리아,디와이,CBI,ES큐브,,에코플라스틱,,한미사이언스,휴젤
피델릭스,플래티어,,,,,,,,,,,,,,,,,,,,,,,디씨엠,,,,국일신동,퍼스텍,모델솔루션,한화오션,서연이화,덕성,,티에이치엔,,중앙백신,일동제약
에스앤에스텍,메디프론,,,,,,,,,,,,,,,,,,,,,,,KBG,,,,코스모화학,삼영이엔씨,이크레더블,수성샐바시온,한온시스템,브랜드엑스코퍼레이션,,영화금속,,코오롱생명과학,지엘팜텍
오디텍,데이타솔루션,,,,,,,,,,,,,,,,,,,,,,,LG화학,,,,KG ETS,화성밸브,에스엠코어,사람인,체시스,현대모비스,,ES큐브,,녹십자웰빙,셀바스AI
한양디지텍,투비소프트,,,,,,,,,,,,,,,,,,,,,,,남선알미늄,,,,포스코엠텍,혜인,에너토크,TYM,감성코퍼레이션,아가방컴퍼니,,모다이노칩,,JW신약,마이크로디지탈
SK스퀘어,더존비즈온,,,,,,,,,,,,,,,,,,,,,,,한국팩키지,,,,남해화학,한솔홈데코,두산,케이엔솔,SNT다이내믹스,태평양물산,,덕성,,대웅,위더스제약
와이씨켐,토마토시스템,,,,,,,,,,,,,,,,,,,,,,,대호특수강,,,,KCI,뉴로메카,제룡산업,인터지스,로보로보,피코그램,,정상제이엘에스,,샤페론,코미팜
테크엘,영림원소프트랩,,,,,,,,,,,,,,,,,,,,,,,동일철강,,,,나노,두산,한샘,세진중공업,세종공업,모트렉스,,브랜드엑스코퍼레이션,,신흥,국제약품
에스에이티이엔지,이브이첨단소재,,,,,,,,,,,,,,,,,,,,,,,동성케미컬,,,,한국주강,오하임아이엔티,에쓰씨엔지니어링,에스원,코디,네오티스,,현대모비스,,오스코텍,애드바이오텍
미래반도체,모코엠시스,,,,,,,,,,,,,,,,,,,,,,,KPX케미칼,,,,세하,이건홀딩스,코엔텍,현대무벡스,케이비아이동국실업,인팩,,아가방컴퍼니,,경남제약,동성제약
신성이엔지,링네트,,,,,,,,,,,,,,,,,,,,,,,KPX홀딩스,,,,HRS,KC코트렐,천일고속,와이엔텍,한섬,현대홈쇼핑,,태평양물산,,HLB,큐리언트
두산퓨얼셀,소프트캠프,,,,,,,,,,,,,,,,,,,,,,,,,,,펌텍코리아,금강공업,KC코트렐,비나텍,더네이쳐홀딩스,브이씨,,크레버스,,인바디,제이엘케이
에프에스티,라온피플,,,,,,,,,,,,,,,,,,,,,,,,,,,부국철강,SNT에너지,오하임아이엔티,부산산업,피에이치에이,오텍,,동원금속,,에스바이오메딕스,대성미생물
엑시콘,슈프리마에이치큐,,,,,,,,,,,,,,,,,,,,,,,,,,,풍산홀딩스,영풍정밀,고려신용정보,티에스아이,기아,에코캡,,피코그램,,디오,메디포스트
유니셈,폴라리스오피스,,,,,,,,,,,,,,,,,,,,,,,,,,,디씨엠,스맥,진에어,SCI평가정보,삼기,신세계인터내셔날,,모트렉스,,씨젠,팬젠
램테크놀러지,웹케시,,,,,,,,,,,,,,,,,,,,,,,,,,,KBG,동화기업,진흥기업,태광,F&F,대현,,네오티스,,휴젤,시너지이노베이션
LB세미콘,삼성에스디에스,,,,,,,,,,,,,,,,,,,,,,,,,,,LG화학,셀루메드,한솔로지스틱스,HMM,KG모빌리티,젬백스링크,,용평리조트,,일동제약,한국유니온제약
주성엔지니어링,포스코DX,,,,,,,,,,,,,,,,,,,,,,,,,,,남선알미늄,LX인터내셔널,화성산업,벽산,롯데하이마트,화승코퍼레이션,,인팩,,피플바이오,대한과학
원준,윈스,,,,,,,,,,,,,,,,,,,,,,,,,,,제일연마,플래스크,듀오백,동신건설,에브리봇,노랑풍선,,현대홈쇼핑,,마크로젠,지씨셀
자람테크놀로지,쏠리드,,,,,,,,,,,,,,,,,,,,,,,,,,,신풍,빅텍,SNT에너지,DL이앤씨,배럴,아우딘퓨쳐스,,현대위아,,지엘팜텍,비씨월드제약
타이거일렉,수산아이앤티,,,,,,,,,,,,,,,,,,,,,,,,,,,한국팩키지,한일현대시멘트,영풍정밀,삼영이엔씨,대유플러스,이원컴포텍,,오텍,,셀바스AI,제일바이오
베셀,유비벨록스,,,,,,,,,,,,,,,,,,,,,,,,,,,동일철강,동일금속,서한,국보,에코플라스틱,아모레퍼시픽,,에코캡,,마이크로디지탈,EDGC
로체시스템즈,비플라이소프트,,,,,,,,,,,,,,,,,,,,,,,,,,,동성케미컬,코메론,LX인터내셔널,동방,클리오,코스나인,,신세계인터내셔날,,프로테옴텍,바이넥스
한솔아이원스,재영솔루텍,,,,,,,,,,,,,,,,,,,,,,,,,,,KPX케미칼,에스앤더블류,디와이파워,SK오션플랜트,조광피혁,호전실업,,대현,,위더스제약,우진비앤지
영우디에스피,씨유박스,,,,,,,,,,,,,,,,,,,,,,,,,,,KG스틸,CJ대한통운,휴림로봇,KTis,티에이치엔,삼천리자전거,,젬백스링크,,코미팜,한국파마
유니트론텍,유니온커뮤니티,,,,,,,,,,,,,,,,,,,,,,,,,,,웹스,에이치케이,현대건설,이엔코퍼레이션,영화금속,현대바이오,,화승코퍼레이션,,국제약품,젠큐릭스
씨앤지하이테크,에스트래픽,,,,,,,,,,,,,,,,,,,,,,,,,,,KPX홀딩스,현대글로비스,SGC이테크건설,하이록코리아,덕성,영원무역,,유니크,,애드바이오텍,진양제약
해성디에스,컨버즈,,,,,,,,,,,,,,,,,,,,,,,,,,,,DL건설,CJ,에이트원,모다이노칩,형지I&C,,하나투어,,동성제약,쎌바이오텍
DMS,오파스넷,,,,,,,,,,,,,,,,,,,,,,,,,,,,한미글로벌,레드캡투어,혜인,ES큐브,윙스풋,,이원컴포텍,,모비스,유유제약
어보브반도체,누리플렉스,,,,,,,,,,,,,,,,,,,,,,,,,,,,씨에스베어링,한일현대시멘트,한솔홈데코,브랜드엑스코퍼레이션,세원정공,,세방전지,,큐리언트,미코바이오메드
기가비스,오비고,,,,,,,,,,,,,,,,,,,,,,,,,,,,NICE평가정보,금호건설,HL D&I,현대모비스,본느,,호전실업,,제이엘케이,에스디바이오센서
뉴파워프라즈마,파인테크닉스,,,,,,,,,,,,,,,,,,,,,,,,,,,,LX홀딩스,지누스,오리엔탈정공,태평양물산,세기상사,,삼천리자전거,,대성미생물,아이큐어
톱텍,비즈니스온,,,,,,,,,,,,,,,,,,,,,,,,,,,,한국종합기술,신세계건설,3S,동원금속,명신산업,,형지I&C,,메디포스트,티움바이오
코세스,네오리진,,,,,,,,,,,,,,,,,,,,,,,,,,,,부스타,CNT85,SG&G,모트렉스,제이에스코퍼레이션,,영원무역,,팬젠,제테마
,버넥트,,,,,,,,,,,,,,,,,,,,,,,,,,,,서호전기,,티에스넥스젠,피코그램,신성델타테크,,케이카,,시너지이노베이션,농우바이오
,다보링크,,,,,,,,,,,,,,,,,,,,,,,,,,,,TPC,,세명전기,네오티스,화승엔터프라이즈,,윙스풋,,한국유니온제약,퓨쳐켐
,소프트센,,,,,,,,,,,,,,,,,,,,,,,,,,,,남화토건,,두산밥캣,인팩,국동,,세원정공,,리메드,제노포커스
,인포마크,,,,,,,,,,,,,,,,,,,,,,,,,,,,대림통상,,대한해운,현대홈쇼핑,동아화성,,본느,,대한과학,제일파마홀딩스
,라온시큐어,,,,,,,,,,,,,,,,,,,,,,,,,,,,파라텍,,일성건설,현대위아,스킨앤스킨,,세기상사,,지씨셀,대화제약
,유비쿼스홀딩스,,,,,,,,,,,,,,,,,,,,,,,,,,,,엔케이,,코오롱글로벌,브이씨,SG세계물산,,명신산업,,비씨월드제약,휴온스
,이노룰스,,,,,,,,,,,,,,,,,,,,,,,,,,,,남광토건,,가온전선,오텍,아이에스이커머스,,제이에스코퍼레이션,,제일바이오,에이치엘사이언스
,한솔인티큐브,,,,,,,,,,,,,,,,,,,,,,,,,,,,케이에스피,,나이스정보통신,SNT홀딩스,애경산업,,신성델타테크,,EDGC,바이오니아
,미래나노텍,,,,,,,,,,,,,,,,,,,,,,,,,,,,KTcs,,뉴로메카,에코캡,넥센,,국동,,뷰노,케어젠
,갤럭시아머니트리,,,,,,,,,,,,,,,,,,,,,,,,,,,,한국공항,,HJ중공업,대현,한세실업,,SG세계물산,,우진비앤지,세종메디칼
,미디어젠,,,,,,,,,,,,,,,,,,,,,,,,,,,,SK렌터카,,모델솔루션,화승코퍼레이션,삼익악기,,위즈코프,,솔고바이오,코렌텍
,율호,,,,,,,,,,,,,,,,,,,,,,,,,,,,조광페인트,,아이마켓코리아,유니크,BYC,,스킨앤스킨,,젠큐릭스,코스맥스엔비티
,마음AI,,,,,,,,,,,,,,,,,,,,,,,,,,,,삼영엠텍,,HD한국조선해양,아우딘퓨쳐스,제이에스티나,,동아화성,,한국파마,메타바이오메드
,케이씨티,,,,,,,,,,,,,,,,,,,,,,,,,,,,팬스타엔터프라이즈,,이크레더블,이원컴포텍,삼양통상,,우리산업,,진양제약,진원생명과학
,알티캐스트,,,,,,,,,,,,,,,,,,,,,,,,,,,,아스트,,해성티피씨,세방전지,이녹스,,오스템,,유유제약,옵투스제약
,AP위성,,,,,,,,,,,,,,,,,,,,,,,,,,,,테라사이언스,,에스엠코어,아모레퍼시픽,일신방직,,아이에스이커머스,,쎌바이오텍,엘앤씨바이오
,비트나인,,,,,,,,,,,,,,,,,,,,,,,,,,,,에스와이,,성신양회,호전실업,형지엘리트,,넥센,,미코바이오메드,애니젠
,우리바이오,,,,,,,,,,,,,,,,,,,,,,,,,,,,에스비비테크,,두산,코스나인,바른손,,한세실업,,에스디바이오센서,우정바이오
,산돌,,,,,,,,,,,,,,,,,,,,,,,,,,,,삼표시멘트,,제룡산업,삼천리자전거,윌비스,,삼익악기,,아이큐어,파멥신
,에이치앤비디자인,,,,,,,,,,,,,,,,,,,,,,,,,,,,우진,,LIG넥스원,현대바이오,폴라리스우노,,모두투어,,한컴라이프케어,이수앱지스
,엑스큐어,,,,,,,,,,,,,,,,,,,,,,,,,,,,범양건영,,에쓰씨엔지니어링,형지I&C,아이윈,,BYC,,피제이전자,드림씨아이에스
,인텔리안테크,,,,,,,,,,,,,,,,,,,,,,,,,,,,제일전기공업,,코엔텍,케이카,영원무역홀딩스,,형지엘리트,,메디아나,JW홀딩스
,인성정보,,,,,,,,,,,,,,,,,,,,,,,,,,,,프리엠스,,천일고속,영원무역,백산,,일신방직,,제테마,종근당
,동아엘텍,,,,,,,,,,,,,,,,,,,,,,,,,,,,흥아해운,,이건홀딩스,세원정공,라파스,,아이에이,,농우바이오,프레스티지바이오로직스
,한글과컴퓨터,,,,,,,,,,,,,,,,,,,,,,,,,,,,코아스,,고려신용정보,본느,한국타이어앤테크놀로지,,바른손,,피씨엘,인벤티지랩
,쌍용정보통신,,,,,,,,,,,,,,,,,,,,,,,,,,,,제일테크노스,,진에어,세기상사,대유에이피,,윌비스,,비엘팜텍,셀트리온제약
,시티랩스,,,,,,,,,,,,,,,,,,,,,,,,,,,,유일로보틱스,,한솔로지스틱스,명신산업,두올,,새론오토모티브,,퓨쳐켐,한국비엔씨
,싸이버원,,,,,,,,,,,,,,,,,,,,,,,,,,,,대원,,서암기계공업,에스티오,제닉,,영원무역홀딩스,,제노포커스,셀레믹스
,엠젠솔루션,,,,,,,,,,,,,,,,,,,,,,,,,,,,대우건설,,금강공업,제이에스코퍼레이션,예스24,,아이윈,,제일파마홀딩스,제넨바이오
,키네마스터,,,,,,,,,,,,,,,,,,,,,,,,,,,,케이피에프,,SNT에너지,신성델타테크,코웨이,,백산,,대화제약,팜젠사이언스
,에이텍,,,,,,,,,,,,,,,,,,,,,,,,,,,,아이쓰리시스템,,영풍정밀,화승엔터프라이즈,한세엠케이,,웅진씽크빅,,티앤엘,레고켐바이오
,가비아,,,,,,,,,,,,,,,,,,,,,,,,,,,,한창,,에어부산,국동,성창오토텍,,대유에이피,,레이언스,지놈앤컴퍼니
,씨이랩,,,,,,,,,,,,,,,,,,,,,,,,,,,,현대지에프홀딩스,,일진파워,동아화성,브이티,,두올,,휴온스,에이프릴바이오
,톱텍,,,,,,,,,,,,,,,,,,,,,,,,,,,,삼성물산,,서한,스킨앤스킨,한국콜마,,제닉,,세종메디칼,디엔에이링크
,케이아이엔엑스,,,,,,,,,,,,,,,,,,,,,,,,,,,,홈센타홀딩스,,LX인터내셔널,우리산업,일지테크,,예스24,,케어젠,펩트론
,디지캡,,,,,,,,,,,,,,,,,,,,,,,,,,,,우진플라임,,디와이파워,SG세계물산,코데즈컴바인,,코웨이,,바이오니아,안국약품
,다산네트웍스,,,,,,,,,,,,,,,,,,,,,,,,,,,,유진기업,,휴림로봇,오스템,신일전자,,한세엠케이,,휴비츠,인트론바이오
,,,,,,,,,,,,,,,,,,,,,,,,,,,,,TYM,,CJ,신세계푸드,현대바이오랜드,,성창오토텍,,코렌텍,퀀타매트릭스
,,,,,,,,,,,,,,,,,,,,,,,,,,,,,HMM,,현대건설,넥센,크린앤사이언스,,코데즈컴바인,,에이치엘사이언스,엔젠바이오
,,,,,,,,,,,,,,,,,,,,,,,,,,,,,삼일기업공사,,SGC이테크건설,애경산업,잇츠한불,,유니테크노,,메타바이오메드,바이젠셀
,,,,,,,,,,,,,,,,,,,,,,,,,,,,,다원시스,,레드캡투어,한세실업,코드네이처,,성우하이텍,,코스맥스엔비티,바이오솔루션
,,,,,,,,,,,,,,,,,,,,,,,,,,,,,삼일씨엔에스,,한일현대시멘트,삼익악기,서진오토모티브,,일지테크,,멕아이씨에스,티앤알바이오팹
,,,,,,,,,,,,,,,,,,,,,,,,,,,,,라이온켐텍,,금호건설,BYC,내츄럴엔도텍,,신일전자,,엘앤씨바이오,파나진
,,,,,,,,,,,,,,,,,,,,,,,,,,,,,KTis,,한화,이녹스,현대퓨처넷,,영화테크,,진원생명과학,원바이오젠
,,,,,,,,,,,,,,,,,,,,,,,,,,,,,에이트원,,신세계건설,제이에스티나,엔바이오니아,,크린앤사이언스,,우정바이오,종근당바이오
,,,,,,,,,,,,,,,,,,,,,,,,,,,,,오리엔탈정공,,토탈소프트,삼양통상,LS네트웍스,,서부T&D,,애니젠,지더블유바이텍
,,,,,,,,,,,,,,,,,,,,,,,,,,,,,세명전기,,,일신방직,제이준코스메틱,,서진오토모티브,,이수앱지스,삼일제약
,,,,,,,,,,,,,,,,,,,,,,,,,,,,,아세아텍,,,형지엘리트,토박스코리아,,현대퓨처넷,,하이로닉,삼천당제약
,,,,,,,,,,,,,,,,,,,,,,,,,,,,,일성건설,,,아이에이,경방,,서연,,파멥신,비엘
,,,,,,,,,,,,,,,,,,,,,,,,,,,,,코오롱글로벌,,,새론오토모티브,엠에프엠코리아,,코리아에프티,,드림씨아이에스,아이진
,,,,,,,,,,,,,,,,,,,,,,,,,,,,,동양파일,,,바른손,그리티,,엔바이오니아,,원텍,HLB제약
,,,,,,,,,,,,,,,,,,,,,,,,,,,,,나이스정보통신,,,윌비스,진도,,상신브레이크,,수젠텍,오리엔트바이오
,,,,,,,,,,,,,,,,,,,,,,,,,,,,,HJ중공업,,,다이나믹디자인,BGF에코머티리얼즈,,토박스코리아,,프레스티지바이오로직스,디티앤씨알오
,,,,,,,,,,,,,,,,,,,,,,,,,,,,,모델솔루션,,,폴라리스우노,한국앤컴퍼니,,LS네트웍스,,인벤티지랩,HK이노엔
,,,,,,,,,,,,,,,,,,,,,,,,,,,,,해성티피씨,,,아이윈,에스엠벡셀,,경방,,셀트리온제약,DXVX
,,,,,,,,,,,,,,,,,,,,,,,,,,,,,나라엠앤디,,,영원무역홀딩스,지엠비코리아,,우신시스템,,씨유메디칼,바디텍메드
,,,,,,,,,,,,,,,,,,,,,,,,,,,,,KBI메탈,,,백산,GH신소재,,네오오토,,한국비엔씨,유틸렉스
,,,,,,,,,,,,,,,,,,,,,,,,,,,,,한샘,,,라파스,대우부품,,BGF리테일,,엠아이텍,바이오노트
,,,,,,,,,,,,,,,,,,,,,,,,,,,,,우리기술,,,한국타이어앤테크놀로지,트루윈,,진도,,제넨바이오,일신바이오
,,,,,,,,,,,,,,,,,,,,,,,,,,,,,천일고속,,,대유에이피,LF,,엠에프엠코리아,,셀레믹스,블레이드 Ent
,,,,,,,,,,,,,,,,,,,,,,,,,,,,,고려신용정보,,,두올,공구우먼,,BGF에코머티리얼즈,,레고켐바이오,랩지노믹스
,,,,,,,,,,,,,,,,,,,,,,,,,,,,,화성산업,,,웅진씽크빅,,,에스엠벡셀,,팜젠사이언스,신일제약
,,,,,,,,,,,,,,,,,,,,,,,,,,,,,일진파워,,,제닉,,,한국무브넥스,,에이프릴바이오,한독
,,,,,,,,,,,,,,,,,,,,,,,,,,,,,서한,,,코웨이,,,지엠비코리아,,디엔에이링크,프롬바이오
,,,,,,,,,,,,,,,,,,,,,,,,,,,,,휴림로봇,,,성창오토텍,,,GH신소재,,한스바이오메드,바이오플러스
,,,,,,,,,,,,,,,,,,,,,,,,,,,,,현대건설,,,성우하이텍,,,대우부품,,펩트론,나이벡
,,,,,,,,,,,,,,,,,,,,,,,,,,,,,CJ,,,유니테크노,,,트루윈,,안국약품,삼성바이오로직스
,,,,,,,,,,,,,,,,,,,,,,,,,,,,,시디즈,,,일지테크,,,LF,,퀀타매트릭스,화일약품
,,,,,,,,,,,,,,,,,,,,,,,,,,,,,이엔플러스,,,브이티,,,공구우먼,,인트론바이오,진바이오텍
,,,,,,,,,,,,,,,,,,,,,,,,,,,,,에스피시스템스,,,영화테크,,,,,엔젠바이오,동아쏘시오홀딩스
,,,,,,,,,,,,,,,,,,,,,,,,,,,,,지누스,,,신일전자,,,,,바이젠셀,이연제약
,,,,,,,,,,,,,,,,,,,,,,,,,,,,,신세계건설,,,플레이그램,,,,,바이오솔루션,삼진제약
,,,,,,,,,,,,,,,,,,,,,,,,,,,,,서희건설,,,현대바이오랜드,,,,,뉴트리,메드팩토
,,,,,,,,,,,,,,,,,,,,,,,,,,,,,SK네트웍스,,,한국콜마,,,,,티앤알바이오팹,
,,,,,,,,,,,,,,,,,,,,,,,,,,,,,와토스코리아,,,코데즈컴바인,,,,,솔본,
,,,,,,,,,,,,,,,,,,,,,,,,,,,,,일진홀딩스,,,크린앤사이언스,,,,,파나진,
,,,,,,,,,,,,,,,,,,,,,,,,,,,,,까뮤이앤씨,,,서진오토모티브,,,,,원바이오젠,
,,,,,,,,,,,,,,,,,,,,,,,,,,,,,KIB플러그에너지,,,잇츠한불,,,,,지더블유바이텍,
,,,,,,,,,,,,,,,,,,,,,,,,,,,,,TKG애강,,,내츄럴엔도텍,,,,,종근당바이오,
,,,,,,,,,,,,,,,,,,,,,,,,,,,,,현대미포조선,,,서연,,,,,삼일제약,
,,,,,,,,,,,,,,,,,,,,,,,,,,,,,코오롱,,,코리아에프티,,,,,삼천당제약,
,,,,,,,,,,,,,,,,,,,,,,,,,,,,,한화에어로스페이스,,,엔바이오니아,,,,,케어랩스,
,,,,,,,,,,,,,,,,,,,,,,,,,,,,,현대에버다임,,,상신브레이크,,,,,오리엔트바이오,
,,,,,,,,,,,,,,,,,,,,,,,,,,,,,보성파워텍,,,우신시스템,,,,,비엘,
,,,,,,,,,,,,,,,,,,,,,,,,,,,,,에코프로에이치엔,,,네오오토,,,,,디티앤씨알오,
,,,,,,,,,,,,,,,,,,,,,,,,,,,,,에이테크솔루션,,,경방,,,,,휴럼,
,,,,,,,,,,,,,,,,,,,,,,,,,,,,,KT서브마린,,,LS네트웍스,,,,,HK이노엔,
,,,,,,,,,,,,,,,,,,,,,,,,,,,,,삼부토건,,,제이준코스메틱,,,,,아이진,
,,,,,,,,,,,,,,,,,,,,,,,,,,,,,제주항공,,,엠에프엠코리아,,,,,제이시스메디칼,
,,,,,,,,,,,,,,,,,,,,,,,,,,,,,HD현대인프라코어,,,그리티,,,,,DXVX,
,,,,,,,,,,,,,,,,,,,,,,,,,,,,,고려시멘트,,,BGF리테일,,,,,바디텍메드,
,,,,,,,,,,,,,,,,,,,,,,,,,,,,,동아지질,,,진도,,,,,유틸렉스,
,,,,,,,,,,,,,,,,,,,,,,,,,,,,,STX엔진,,,BGF에코머티리얼즈,,,,,바이오노트,
,,,,,,,,,,,,,,,,,,,,,,,,,,,,,화천기계,,,한국앤컴퍼니,,,,,일신바이오,
,,,,,,,,,,,,,,,,,,,,,,,,,,,,,퍼시스,,,에스엠벡셀,,,,,블레이드 Ent,
,,,,,,,,,,,,,,,,,,,,,,,,,,,,,삼목에스폼,,,한국무브넥스,,,,,인피니트헬스케어,
,,,,,,,,,,,,,,,,,,,,,,,,,,,,,에이비프로바이오,,,지엠비코리아,,,,,신일제약,
,,,,,,,,,,,,,,,,,,,,,,,,,,,,,제이오,,,GH신소재,,,,,랩지노믹스,
,,,,,,,,,,,,,,,,,,,,,,,,,,,,,이건산업,,,대우부품,,,,,한독,
,,,,,,,,,,,,,,,,,,,,,,,,,,,,,SIMPAC,,,트루윈,,,,,프롬바이오,
,,,,,,,,,,,,,,,,,,,,,,,,,,,,,동양고속,,,LF,,,,,바이오플러스,
,,,,,,,,,,,,,,,,,,,,,,,,,,,,,대성하이텍,,,공구우먼,,,,,나이벡,
,,,,,,,,,,,,,,,,,,,,,,,,,,,,,아이에스동서,,,,,,,,화일약품,
,,,,,,,,,,,,,,,,,,,,,,,,,,,,,HD현대건설기계,,,,,,,,휴마시스,
,,,,,,,,,,,,,,,,,,,,,,,,,,,,,선광,,,,,,,,진바이오텍,
,,,,,,,,,,,,,,,,,,,,,,,,,,,,,서산,,,,,,,,동아쏘시오홀딩스,
,,,,,,,,,,,,,,,,,,,,,,,,,,,,,삼익THK,,,,,,,,이연제약,
,,,,,,,,,,,,,,,,,,,,,,,,,,,,,일신석재,,,,,,,,삼진제약,
,,,,,,,,,,,,,,,,,,,,,,,,,,,,,효성,,,,,,,,메드팩토,
,,,,,,,,,,,,,,,,,,,,,,,,,,,,,쎄트렉아이,,,,,,,,,
,,,,,,,,,,,,,,,,,,,,,,,,,,,,,삼성엔지니어링,,,,,,,,,
,,,,,,,,,,,,,,,,,,,,,,,,,,,,,대한전선,,,,,,,,,
,,,,,,,,,,,,,,,,,,,,,,,,,,,,,세보엠이씨,,,,,,,,,
,,,,,,,,,,,,,,,,,,,,,,,,,,,,,한일홀딩스,,,,,,,,,
,,,,,,,,,,,,,,,,,,,,,,,,,,,,,한국정밀기계,,,,,,,,,
,,,,,,,,,,,,,,,,,,,,,,,,,,,,,HD현대일렉트릭,,,,,,,,,
,,,,,,,,,,,,,,,,,,,,,,,,,,,,,한국카본,,,,,,,,,
,,,,,,,,,,,,,,,,,,,,,,,,,,,,,두산에너빌리티,,,,,,,,,
,,,,,,,,,,,,,,,,,,,,,,,,,,,,,켄코아에어로스페이스,,,,,,,,,
,,,,,,,,,,,,,,,,,,,,,,,,,,,,,메디콕스,,,,,,,,,
,,,,,,,,,,,,,,,,,,,,,,,,,,,,,비엠티,,,,,,,,,
,,,,,,,,,,,,,,,,,,,,,,,,,,,,,베노티앤알,,,,,,,,,
,,,,,,,,,,,,,,,,,,,,,,,,,,,,,우진아이엔에스,,,,,,,,,
,,,,,,,,,,,,,,,,,,,,,,,,,,,,,드림시큐리티,,,,,,,,,
,,,,,,,,,,,,,,,,,,,,,,,,,,,,,유수홀딩스,,,,,,,,,
,,,,,,,,,,,,,,,,,,,,,,,,,,,,,동부건설,,,,,,,,,
,,,,,,,,,,,,,,,,,,,,,,,,,,,,,STX,,,,,,,,,
,,,,,,,,,,,,,,,,,,,,,,,,,,,,,에넥스,,,,,,,,,
,,,,,,,,,,,,,,,,,,,,,,,,,,,,,우원개발,,,,,,,,,
,,,,,,,,,,,,,,,,,,,,,,,,,,,,,디와이,,,,,,,,,
,,,,,,,,,,,,,,,,,,,,,,,,,,,,,수성샐바시온,,,,,,,,,
,,,,,,,,,,,,,,,,,,,,,,,,,,,,,케이엔솔,,,,,,,,,
,,,,,,,,,,,,,,,,,,,,,,,,,,,,,현대무벡스,,,,,,,,,
,,,,,,,,,,,,,,,,,,,,,,,,,,,,,와이엔텍,,,,,,,,,
,,,,,,,,,,,,,,,,,,,,,,,,,,,,,LX하우시스,,,,,,,,,
,,,,,,,,,,,,,,,,,,,,,,,,,,,,,디케이락,,,,,,,,,
,,,,,,,,,,,,,,,,,,,,,,,,,,,,,부산산업,,,,,,,,,
,,,,,,,,,,,,,,,,,,,,,,,,,,,,,티에스아이,,,,,,,,,
,,,,,,,,,,,,,,,,,,,,,,,,,,,,,SCI평가정보,,,,,,,,,
,,,,,,,,,,,,,,,,,,,,,,,,,,,,,아세아시멘트,,,,,,,,,
,,,,,,,,,,,,,,,,,,,,,,,,,,,,,자연과환경,,,,,,,,,
,,,,,,,,,,,,,,,,,,,,,,,,,,,,,유니드비티플러스,,,,,,,,,
,,,,,,,,,,,,,,,,,,,,,,,,,,,,,벽산,,,,,,,,,
,,,,,,,,,,,,,,,,,,,,,,,,,,,,,강원에너지,,,,,,,,,
,,,,,,,,,,,,,,,,,,,,,,,,,,,,,동신건설,,,,,,,,,
,,,,,,,,,,,,,,,,,,,,,,,,,,,,,국보,,,,,,,,,
,,,,,,,,,,,,,,,,,,,,,,,,,,,,,SK오션플랜트,,,,,,,,,
,,,,,,,,,,,,,,,,,,,,,,,,,,,,,현대코퍼레이션,,,,,,,,,
,,,,,,,,,,,,,,,,,,,,,,,,,,,,,3S,,,,,,,,,
,,,,,,,,,,,,,,,,,,,,,,,,,,,,,티에스넥스젠,,,,,,,,,
,,,,,,,,,,,,,,,,,,,,,,,,,,,,,SG&G,,,,,,,,,
,,,,,,,,,,,,,,,,,,,,,,,,,,,,,두산밥캣,,,,,,,,,
,,,,,,,,,,,,,,,,,,,,,,,,,,,,,이크레더블,,,,,,,,,
,,,,,,,,,,,,,,,,,,,,,,,,,,,,,에스엠코어,,,,,,,,,
,,,,,,,,,,,,,,,,,,,,,,,,,,,,,제룡산업,,,,,,,,,
,,,,,,,,,,,,,,,,,,,,,,,,,,,,,코엔텍,,,,,,,,,
,,,,,,,,,,,,,,,,,,,,,,,,,,,,,진에어,,,,,,,,,
,,,,,,,,,,,,,,,,,,,,,,,,,,,,,로보스타,,,,,,,,,
,,,,,,,,,,,,,,,,,,,,,,,,,,,,,한솔로지스틱스,,,,,,,,,
,,,,,,,,,,,,,,,,,,,,,,,,,,,,,진흥기업,,,,,,,,,
,,,,,,,,,,,,,,,,,,,,,,,,,,,,,서암기계공업,,,,,,,,,
,,,,,,,,,,,,,,,,,,,,,,,,,,,,,듀오백,,,,,,,,,
,,,,,,,,,,,,,,,,,,,,,,,,,,,,,한일시멘트,,,,,,,,,
,,,,,,,,,,,,,,,,,,,,,,,,,,,,,피앤씨테크,,,,,,,,,
,,,,,,,,,,,,,,,,,,,,,,,,,,,,,디와이파워,,,,,,,,,
,,,,,,,,,,,,,,,,,,,,,,,,,,,,,SGC이테크건설,,,,,,,,,
,,,,,,,,,,,,,,,,,,,,,,,,,,,,,레드캡투어,,,,,,,,,
,,,,,,,,,,,,,,,,,,,,,,,,,,,,,금호건설,,,,,,,,,
,,,,,,,,,,,,,,,,,,,,,,,,,,,,,CNT85,,,,,,,,,